-- MySQL dump 10.13  Distrib 8.0.40, for Win64 (x86_64)
--
-- Host: 127.0.0.1    Database: news_portal
-- ------------------------------------------------------
-- Server version	8.0.40

/*!40101 SET @OLD_CHARACTER_SET_CLIENT=@@CHARACTER_SET_CLIENT */;
/*!40101 SET @OLD_CHARACTER_SET_RESULTS=@@CHARACTER_SET_RESULTS */;
/*!40101 SET @OLD_COLLATION_CONNECTION=@@COLLATION_CONNECTION */;
/*!50503 SET NAMES utf8 */;
/*!40103 SET @OLD_TIME_ZONE=@@TIME_ZONE */;
/*!40103 SET TIME_ZONE='+00:00' */;
/*!40014 SET @OLD_UNIQUE_CHECKS=@@UNIQUE_CHECKS, UNIQUE_CHECKS=0 */;
/*!40014 SET @OLD_FOREIGN_KEY_CHECKS=@@FOREIGN_KEY_CHECKS, FOREIGN_KEY_CHECKS=0 */;
/*!40101 SET @OLD_SQL_MODE=@@SQL_MODE, SQL_MODE='NO_AUTO_VALUE_ON_ZERO' */;
/*!40111 SET @OLD_SQL_NOTES=@@SQL_NOTES, SQL_NOTES=0 */;

--
-- Table structure for table `about_us`
--

DROP TABLE IF EXISTS `about_us`;
/*!40101 SET @saved_cs_client     = @@character_set_client */;
/*!50503 SET character_set_client = utf8mb4 */;
CREATE TABLE `about_us` (
  `id` bigint unsigned NOT NULL AUTO_INCREMENT,
  `title` varchar(255) CHARACTER SET utf8mb4 COLLATE utf8mb4_unicode_ci NOT NULL,
  `content` text CHARACTER SET utf8mb4 COLLATE utf8mb4_unicode_ci NOT NULL,
  `created_at` timestamp NULL DEFAULT NULL,
  `updated_at` timestamp NULL DEFAULT NULL,
  PRIMARY KEY (`id`)
) ENGINE=InnoDB AUTO_INCREMENT=2 DEFAULT CHARSET=utf8mb4 COLLATE=utf8mb4_unicode_ci;
/*!40101 SET character_set_client = @saved_cs_client */;

--
-- Dumping data for table `about_us`
--

LOCK TABLES `about_us` WRITE;
/*!40000 ALTER TABLE `about_us` DISABLE KEYS */;
INSERT INTO `about_us` VALUES (1,'Ibyerekeye Agezweho','Agezweho is a leading news portal dedicated to bringing you the most relevant and up-to-date stories from Rwanda and around the world. Our mission is to provide accurate, timely, and insightful news that empowers our readers to make informed decisions. From politics to entertainment, business to sports, we cover a wide range of topics to keep you informed about what\'s shaping the world today. Our team of experienced journalists works around the clock to bring you the latest breaking news, ensuring that you are always in the know. At Agezweho, we believe in delivering news with integrity, transparency, and a commitment to excellence.','2024-11-20 14:04:22','2024-11-30 08:00:20');
/*!40000 ALTER TABLE `about_us` ENABLE KEYS */;
UNLOCK TABLES;

--
-- Table structure for table `ads`
--

DROP TABLE IF EXISTS `ads`;
/*!40101 SET @saved_cs_client     = @@character_set_client */;
/*!50503 SET character_set_client = utf8mb4 */;
CREATE TABLE `ads` (
  `id` bigint unsigned NOT NULL AUTO_INCREMENT,
  `title` varchar(255) CHARACTER SET utf8mb4 COLLATE utf8mb4_unicode_ci NOT NULL,
  `link` varchar(255) CHARACTER SET utf8mb4 COLLATE utf8mb4_unicode_ci NOT NULL,
  `section` tinyint DEFAULT NULL,
  `published_at` timestamp NOT NULL,
  `expired_at` timestamp NULL DEFAULT NULL,
  `status` tinyint(1) NOT NULL DEFAULT '0',
  `created_at` timestamp NULL DEFAULT NULL,
  `updated_at` timestamp NULL DEFAULT NULL,
  PRIMARY KEY (`id`)
) ENGINE=InnoDB DEFAULT CHARSET=utf8mb4 COLLATE=utf8mb4_unicode_ci;
/*!40101 SET character_set_client = @saved_cs_client */;

--
-- Dumping data for table `ads`
--

LOCK TABLES `ads` WRITE;
/*!40000 ALTER TABLE `ads` DISABLE KEYS */;
/*!40000 ALTER TABLE `ads` ENABLE KEYS */;
UNLOCK TABLES;

--
-- Table structure for table `articles`
--

DROP TABLE IF EXISTS `articles`;
/*!40101 SET @saved_cs_client     = @@character_set_client */;
/*!50503 SET character_set_client = utf8mb4 */;
CREATE TABLE `articles` (
  `id` bigint unsigned NOT NULL AUTO_INCREMENT,
  `title` varchar(255) CHARACTER SET utf8mb4 COLLATE utf8mb4_unicode_ci NOT NULL,
  `slug` varchar(255) CHARACTER SET utf8mb4 COLLATE utf8mb4_unicode_ci NOT NULL,
  `body` longtext CHARACTER SET utf8mb4 COLLATE utf8mb4_unicode_ci NOT NULL,
  `published_at` datetime NOT NULL,
  `editor_choice` tinyint(1) NOT NULL DEFAULT '0',
  `type` enum('news','article') CHARACTER SET utf8mb4 COLLATE utf8mb4_unicode_ci NOT NULL DEFAULT 'news',
  `status` tinyint(1) NOT NULL DEFAULT '0',
  `category_id` bigint unsigned NOT NULL,
  `user_id` bigint unsigned NOT NULL,
  `deleted_at` timestamp NULL DEFAULT NULL,
  `created_at` timestamp NULL DEFAULT NULL,
  `updated_at` timestamp NULL DEFAULT NULL,
  PRIMARY KEY (`id`),
  UNIQUE KEY `articles_slug_unique` (`slug`),
  KEY `articles_category_id_foreign` (`category_id`),
  KEY `articles_user_id_foreign` (`user_id`),
  CONSTRAINT `articles_category_id_foreign` FOREIGN KEY (`category_id`) REFERENCES `categories` (`id`),
  CONSTRAINT `articles_user_id_foreign` FOREIGN KEY (`user_id`) REFERENCES `users` (`id`)
) ENGINE=InnoDB AUTO_INCREMENT=321 DEFAULT CHARSET=utf8mb4 COLLATE=utf8mb4_unicode_ci;
/*!40101 SET character_set_client = @saved_cs_client */;

--
-- Dumping data for table `articles`
--

LOCK TABLES `articles` WRITE;
/*!40000 ALTER TABLE `articles` DISABLE KEYS */;
INSERT INTO `articles` VALUES (1,'eaque','eaque','Sed ut doloremque quaerat velit dolor. Rerum nihil molestiae saepe sapiente assumenda. Quibusdam numquam a molestiae. Est dignissimos mollitia ut recusandae cum ut rem molestiae. Magni et et id eos qui nostrum quisquam.\n\nTempore voluptatem laboriosam eligendi nostrum sapiente quia sint. Quo nisi laboriosam ex dolorum eaque laudantium saepe. Pariatur enim dolore quia tenetur. Dolorem dolore accusantium tenetur ratione sint quia voluptates aspernatur.\n\nMolestiae quia aut et dolorem quo nulla repellat. Libero et id sapiente molestiae similique illo ullam. Aspernatur voluptatem incidunt laborum sed et quidem. Eos voluptate eveniet nisi temporibus dolorem.','2024-09-13 12:30:44',1,'news',0,1,14,NULL,'2024-11-20 14:04:06','2024-11-20 14:04:06'),(2,'et','et','Aut in sequi ipsum. Distinctio et et qui consequuntur molestiae minima. Aliquid consequatur nihil quos labore omnis assumenda deleniti.\n\nNam quod aspernatur cupiditate itaque nobis. Hic non eveniet odio. Ipsa autem inventore aut nobis est.\n\nNumquam accusamus similique est eaque nesciunt quos nisi. Et quod voluptatibus occaecati voluptatum facere dolore ipsum.','2024-05-24 04:28:19',0,'news',1,1,14,NULL,'2024-11-20 14:04:06','2024-11-20 14:04:06'),(3,'qui','qui','Consequuntur et suscipit atque ipsam sint quidem. Voluptas praesentium molestias libero et deserunt. Et maiores atque deleniti eaque eaque. Explicabo deleniti temporibus sit molestiae. Omnis architecto dolores qui ducimus.\n\nIncidunt excepturi reprehenderit nesciunt saepe. Quibusdam nesciunt et aliquam sapiente. Ut vitae ipsam quod atque facilis explicabo.\n\nOfficiis atque sit sequi sequi quis. Officiis omnis voluptatem hic. Sapiente sunt ut reiciendis fuga quas adipisci dolores.','2024-05-07 11:24:49',0,'news',0,1,14,NULL,'2024-11-20 14:04:06','2024-11-20 14:04:06'),(4,'repellat','repellat','Hic totam voluptas dolores molestias. Eos distinctio quaerat voluptatem nulla rerum quas adipisci. Ab tempora sed consequatur ducimus.\n\nEos quia sunt provident eos. Sint mollitia optio ducimus consequuntur. Culpa aliquam et aspernatur voluptatibus sint aut. Accusamus possimus perspiciatis dolores ut debitis. Nihil veniam nulla impedit et est voluptatem blanditiis.\n\nVel distinctio totam aut ea pariatur. Et est quisquam eligendi sit. Autem et temporibus fugiat est. Ut vel dolore porro sit. Magnam corrupti qui enim autem ut molestiae recusandae.','2024-06-08 14:51:04',0,'news',1,1,14,NULL,'2024-11-20 14:04:06','2024-11-20 14:04:06'),(5,'quas','quas','Numquam saepe quos quis nemo reiciendis dolores. Maxime est veritatis vero ea placeat maxime et. Et sint nisi ut laborum. Aut cupiditate est sint provident unde.\n\nExpedita molestiae aut veniam quibusdam earum est aut amet. Pariatur aut at aut pariatur incidunt voluptas.\n\nUnde perferendis quibusdam aut. Vitae itaque excepturi aut nostrum corrupti voluptatibus quidem. Odio provident neque nobis corrupti totam. Autem ut officiis qui voluptatem necessitatibus iste adipisci. Molestiae saepe in est pariatur occaecati non nesciunt.','2024-04-21 16:38:07',0,'news',0,1,14,NULL,'2024-11-20 14:04:06','2024-11-20 14:04:06'),(6,'magni','magni','Dignissimos ut veritatis rerum et nam magnam. Natus excepturi autem sint enim. Ex possimus dolorem tenetur optio possimus ut quaerat. Atque eum recusandae quia omnis.\n\nQuasi qui in magnam fugiat. Magnam est labore quo eos voluptatem. Et molestias qui laudantium dolor consequatur unde sit.\n\nExpedita est delectus incidunt voluptas corrupti et sed. Aut eveniet et debitis pariatur quo laborum recusandae. Et voluptatem laborum odio. Iusto nostrum est enim a pariatur error temporibus.','2024-10-06 17:19:57',1,'news',1,1,14,NULL,'2024-11-20 14:04:06','2024-11-20 14:04:06'),(7,'odio','odio','Mollitia occaecati quibusdam praesentium corrupti consequatur quas libero. Perferendis saepe aliquid esse ea mollitia officia molestias nesciunt.\n\nProvident dignissimos cumque dolores quas blanditiis eligendi sint et. Qui ab temporibus ea voluptas. Repudiandae aliquam quidem dolores in accusamus.\n\nDolores laboriosam aut inventore totam eum atque voluptatibus debitis. Nihil accusantium quo sapiente neque aspernatur. Non quod consequatur voluptas aut voluptatem asperiores.','2024-05-12 19:33:40',0,'news',1,1,14,NULL,'2024-11-20 14:04:06','2024-11-20 14:04:06'),(8,'itaque','itaque','Officiis exercitationem tenetur eveniet quaerat recusandae. Pariatur quia beatae asperiores dolorem sed inventore rerum. Molestiae accusantium vel consequuntur libero iste.\n\nCumque beatae fuga dicta quia dolor temporibus est. Placeat voluptatibus dolor sed voluptatibus voluptatem. Molestiae impedit recusandae molestiae impedit asperiores. Dolore ut dolores et quae.\n\nRecusandae non rerum atque neque tempore sit aliquam. Accusamus vero praesentium et. Ea iure ut consequatur accusamus qui eligendi. Voluptate quam quibusdam quaerat.','2024-07-05 22:15:25',1,'news',0,1,14,NULL,'2024-11-20 14:04:06','2024-11-20 14:04:06'),(9,'omnis','omnis','Excepturi et non saepe officia. Quo in placeat minus sit dignissimos est debitis. Cumque qui qui est nam sint eos dolor. Doloribus possimus quia dolorem laudantium deleniti. Consequatur fuga veritatis error cupiditate nesciunt quos molestiae esse.\n\nQuaerat dolor perferendis vel modi quo officia labore. Quos architecto est eum consectetur.\n\nEst quam qui est iste laudantium. Facere blanditiis totam vel assumenda. Ut numquam velit est beatae qui eaque. Temporibus non veritatis dolorum veritatis.','2024-08-16 21:29:16',1,'news',1,1,14,NULL,'2024-11-20 14:04:06','2024-11-20 14:04:06'),(10,'architecto','architecto','Dolore vel quam vel. A recusandae qui eveniet sed. Omnis rerum eius adipisci accusamus aut commodi. Aut commodi nulla doloremque laboriosam.\n\nUt minima omnis beatae eum. Soluta natus dignissimos voluptatem rerum voluptatem exercitationem optio. Est nostrum cupiditate eius et. Vero qui neque at ut amet deserunt quod voluptatibus.\n\nError alias hic et aut quia ipsam explicabo. Cupiditate voluptatem aliquid nesciunt animi quaerat quidem. Quos enim odio voluptate autem quod ad. Nihil quo perferendis in laudantium cum eius aut.','2024-03-01 12:40:46',0,'news',1,1,14,NULL,'2024-11-20 14:04:06','2024-11-20 14:04:06'),(11,'eligendi','eligendi','Quis eos exercitationem est qui nostrum minima. Explicabo error numquam ipsam voluptas fugiat blanditiis est. Inventore fugit nemo fuga dolorem consequatur earum vel magnam. Sed repudiandae explicabo quam sit eos eum.\n\nNatus et molestiae cum quia perferendis voluptatibus et. Provident eos iusto accusamus molestias voluptates ab qui. Expedita sint aliquam veritatis voluptatem. Repellat ex ullam nihil esse cumque.\n\nPossimus sint et eos officia harum enim odio consequatur. Quas voluptate excepturi odio placeat officiis fuga. Nisi esse est fugit culpa saepe vero. Doloremque sint qui quo cupiditate repellendus quis similique.','2024-02-15 01:54:10',1,'news',1,2,13,NULL,'2024-11-20 14:04:06','2024-11-20 14:04:06'),(12,'voluptates','voluptates','Voluptate necessitatibus at sint tempore dolore porro id. Veniam sint sit doloremque. Accusamus rerum velit nemo.\n\nUt atque rerum consectetur. Molestias tempore nihil et consequuntur minus nobis error.\n\nQuia sed odit ipsa natus velit libero animi. Accusantium cupiditate eum enim vel. Ipsam enim culpa earum ullam modi consequatur. Accusantium unde praesentium cum et et et delectus fugit.','2024-10-09 00:29:58',0,'news',1,2,13,NULL,'2024-11-20 14:04:06','2024-11-20 14:04:06'),(13,'quam','quam','Alias ea iure consequatur quae qui cupiditate officiis. Sint impedit accusantium nostrum est ducimus dolor. Repellat beatae atque voluptatem ut. Dolores perspiciatis rerum itaque maiores et qui.\n\nEa saepe amet repellendus. Reprehenderit voluptatem ipsam sint qui molestias. Modi sed dolor dolore. Quae consequatur quasi quo beatae quod enim illo. Omnis corporis est maiores placeat amet optio eos laboriosam.\n\nBlanditiis molestiae aut ea accusamus adipisci. Qui quis consequuntur pariatur. Enim facere labore a adipisci.','2024-05-08 22:29:30',0,'news',0,2,13,NULL,'2024-11-20 14:04:06','2024-11-20 14:04:06'),(14,'iusto','iusto','Assumenda eligendi est dolores consequatur id eos. Ipsam dolor provident voluptatem saepe tenetur nemo sunt. Est quo quia laudantium eaque aut sed earum. Ex repellendus in sequi accusamus ut natus.\n\nQuis repellendus non dolores voluptatem enim quaerat dolor totam. Veniam porro voluptatem ullam ut consequatur ab. Enim qui ipsam voluptas et placeat qui illum. Repellat perferendis quia qui voluptatem incidunt atque.\n\nSint qui illo consequatur aut in. Quia sed quam velit quia atque quo veniam. Quod omnis quia nisi dolorem impedit. Molestiae rerum aspernatur sit.','2024-07-04 18:38:35',0,'news',1,2,13,NULL,'2024-11-20 14:04:06','2024-11-20 14:04:06'),(15,'sunt','sunt','Atque recusandae et animi recusandae illo. Facere doloribus eos aut sed at. Et ut nemo nulla quas accusantium. Nihil distinctio explicabo cumque numquam quidem eius eum. Molestiae totam et magni ipsum.\n\nItaque accusantium facilis sunt voluptas quis commodi. Commodi aut sed qui debitis sed. Molestias error nesciunt optio commodi aut qui. Ipsam vel sed sequi quia.\n\nSit sit ut quo vel illum asperiores repudiandae. Assumenda quas sequi non in modi esse eveniet. Quibusdam voluptate aut illo consectetur.','2024-03-23 03:01:25',1,'news',1,2,13,NULL,'2024-11-20 14:04:06','2024-11-20 14:04:06'),(16,'repellendus','repellendus','Id facilis est perspiciatis iste beatae eveniet. Ducimus enim ratione atque. Consequuntur omnis inventore doloremque sunt.\n\nEst quam rerum corporis facere architecto provident. Sed aut autem eum ut laborum architecto. Fugiat quae tempora velit odio qui voluptatum.\n\nFugiat aut dignissimos beatae consequuntur beatae. Enim accusantium sequi quas nemo. Consequatur odit deserunt sapiente quis. Est voluptate quasi voluptates est. Est sed aspernatur aut sapiente omnis sunt.','2024-04-23 15:52:12',1,'news',0,2,13,NULL,'2024-11-20 14:04:06','2024-11-20 14:04:06'),(17,'itaque-1','itaque-1','Et blanditiis quis eligendi aut voluptatem eos quis. Qui possimus adipisci ea repellendus voluptatem consequatur sed est. Aperiam recusandae eaque ut aliquam sed aut.\n\nMolestiae sint optio et nam aut facere et. Et qui aut necessitatibus id maxime iusto cupiditate nostrum. Fugit maxime asperiores veniam ut in repudiandae facilis. Quod nesciunt corporis perferendis cum debitis porro.\n\nVoluptate cupiditate voluptas ea amet sit. Qui nobis aut omnis quibusdam qui sit eligendi. Quasi nihil et veniam dolores necessitatibus inventore doloremque. Aut laborum est et. Commodi ipsum dolorum commodi quia dolores sed et.','2023-11-22 07:42:59',1,'news',0,2,13,NULL,'2024-11-20 14:04:06','2024-11-20 14:04:06'),(18,'ad','ad','Ut natus explicabo qui sint voluptatibus voluptatem. Animi rerum enim qui eveniet earum veritatis nihil. Occaecati vero quis ducimus aut in doloribus asperiores.\n\nSed natus voluptate possimus saepe perferendis ex. Inventore assumenda reiciendis quidem natus corporis magnam. Nobis recusandae minima nisi nisi rem.\n\nIpsum quos voluptas eos rerum consequatur molestias sed. Accusamus eos sapiente tempora inventore explicabo rerum nisi. Autem enim est itaque. Temporibus labore accusantium qui unde. Illum fuga eveniet fugiat minima est pariatur.','2024-10-19 22:31:30',0,'news',1,2,13,NULL,'2024-11-20 14:04:06','2024-11-20 14:04:06'),(19,'dolorum','dolorum','Consequuntur enim enim maiores culpa laborum porro ut natus. Ad qui quo sint. Nesciunt neque est ratione provident et aut ipsum. Adipisci voluptas est cumque.\n\nAutem nostrum fuga qui vel. Quaerat recusandae et dolorem tempora perspiciatis eum nostrum. Eius perspiciatis minima nostrum aut eius. Omnis consequuntur error officia occaecati.\n\nExercitationem dolor vel suscipit nisi. Voluptates magni et delectus ipsam impedit. Saepe nisi officiis distinctio modi. Accusamus necessitatibus rerum error et et quas non.','2024-03-28 00:19:21',1,'news',0,2,13,NULL,'2024-11-20 14:04:06','2024-11-20 14:04:06'),(20,'ea','ea','Fuga sint temporibus facilis nulla eos. Impedit qui illum dolore deleniti nesciunt fugiat. Cum quasi molestiae unde veniam sed ut dolorum. Odio tempora maiores qui.\n\nNon voluptatibus rem occaecati accusamus. Perferendis et facere dolorum in quam. Molestiae illo et magnam officia nihil aut. Quis qui quis aut suscipit quia.\n\nVoluptatum in minima placeat ut et itaque tempora. Et praesentium sint ipsa ipsum eaque ut. Adipisci vitae consequuntur mollitia occaecati architecto saepe enim. Porro et eligendi aut et quia fugit laudantium.','2024-01-31 21:21:55',1,'news',0,2,13,NULL,'2024-11-20 14:04:06','2024-11-20 14:04:06'),(21,'ut','ut','Error aperiam vitae repellendus facere non. Ad voluptas ipsa quia accusamus dolor et dolorum. Iusto ut eum totam nobis doloribus.\n\nIpsum aspernatur sapiente doloribus culpa voluptate. Repellendus voluptatibus unde iure qui id sit autem. Natus nesciunt nobis est rerum dolorem. Aspernatur officia et illo cum ullam libero.\n\nOmnis provident ut eius rerum perspiciatis. Optio modi voluptatem odit fuga ut et.','2023-12-21 22:14:38',0,'news',0,3,21,NULL,'2024-11-20 14:04:06','2024-11-20 14:04:06'),(22,'alias','alias','Omnis possimus ut molestiae et qui enim. Sint doloremque ullam ex qui quos. Eius enim porro eum atque esse libero soluta.\n\nMagni eos placeat aliquam dolorem quod autem incidunt. Qui officiis et corrupti maiores quaerat voluptas repellendus non. Consequatur aliquid aut repellendus dolores repellendus nihil aut qui.\n\nNatus explicabo aliquid accusantium aliquid at ad. Quia incidunt voluptatibus est qui. Maxime tempora a assumenda quidem maiores. Eveniet ut possimus ullam aut quasi possimus facilis. Rerum reiciendis alias animi inventore voluptatem dolorem voluptatem.','2024-06-11 20:42:11',0,'news',1,3,21,NULL,'2024-11-20 14:04:06','2024-11-20 14:04:06'),(23,'architecto-1','architecto-1','Voluptas alias odit cum quia optio nihil. Ducimus dolorum illo est eos. Dolores ut neque porro totam. Minus sapiente aut et.\n\nVoluptate consequuntur itaque cum autem quis ad eum. Quidem est eos magni. Incidunt similique iusto minima.\n\nOfficiis beatae quos quis qui aut sint. Odio unde assumenda eveniet distinctio ut aut. Et ut modi assumenda ut sit veritatis ut. Rerum vel sit voluptas atque.','2024-06-23 14:05:54',0,'news',0,3,21,NULL,'2024-11-20 14:04:06','2024-11-20 14:04:06'),(24,'earum','earum','Animi aliquid cum aspernatur illo dolores maxime earum. Earum debitis cupiditate et voluptatum. Quas cupiditate recusandae eligendi velit est voluptatum officia. Possimus libero aut dolorem sunt.\n\nEnim est consequatur quo sunt. Mollitia culpa iusto recusandae alias. Qui quae eos impedit velit.\n\nVoluptas ipsam et quia ea dolorem et nihil. Totam libero et sint consequatur exercitationem voluptate. Sint ipsa rem officia velit.','2024-04-13 10:15:02',1,'news',1,3,21,NULL,'2024-11-20 14:04:06','2024-11-20 14:04:06'),(25,'dolor','dolor','Alias veritatis alias quaerat minima rerum necessitatibus id. Ducimus nostrum voluptatum voluptatibus quisquam dolorem unde sunt.\n\nModi architecto libero voluptates quis dolor consequatur quia. Non perferendis earum modi. Aperiam porro ut velit nulla aperiam atque.\n\nReiciendis itaque autem nisi exercitationem. Sit ratione odio rerum. Ratione enim ut assumenda nesciunt exercitationem qui vero incidunt.','2024-06-29 11:03:30',0,'news',0,3,21,NULL,'2024-11-20 14:04:06','2024-11-20 14:04:06'),(26,'quas-1','quas-1','Ut a illo exercitationem consequatur ipsa voluptates odit. Est quo assumenda aut pariatur. Voluptatibus distinctio cumque accusantium doloremque.\n\nSunt atque atque sint adipisci eum. Assumenda quo voluptas tempore non a et.\n\nSaepe animi quibusdam unde libero consectetur omnis consequatur. Consectetur illum ut rerum vel. Ipsum itaque et occaecati tenetur est et. Consequuntur consequuntur in eligendi saepe sint voluptatem quis.','2024-06-11 17:02:01',1,'news',0,3,21,NULL,'2024-11-20 14:04:06','2024-11-20 14:04:06'),(27,'consequatur','consequatur','Molestiae consequatur commodi aliquid ratione quos blanditiis. Autem velit natus voluptate modi et. Odio velit rerum est repudiandae. Magni pariatur officiis natus omnis aliquam veniam.\n\nVitae sed sint in. Minima inventore consequatur reprehenderit accusantium optio accusamus. Dolores fuga voluptatem aut est. Distinctio sint iste iure quae.\n\nQui debitis expedita illum quibusdam qui. Eum ut error facere. Ducimus velit quisquam debitis aperiam. Repudiandae ab sint amet eos sed.','2024-07-31 20:42:32',0,'news',0,3,21,NULL,'2024-11-20 14:04:06','2024-11-20 14:04:06'),(28,'quaerat','quaerat','Alias non assumenda praesentium nobis. Enim quia porro consequatur sunt. Est reprehenderit sunt et adipisci. Qui placeat eos saepe error accusamus.\n\nIste quisquam assumenda hic voluptatem eveniet aspernatur. Id doloribus deleniti et impedit autem dignissimos ipsam aut. Esse quis voluptate eius enim itaque dolorum minima.\n\nEt perferendis veritatis vitae fuga voluptas beatae. Facere cumque qui iure voluptatem. Id explicabo saepe accusamus rem quos aliquid sint et. Alias est quod eaque eum.','2024-01-17 06:03:48',1,'news',1,3,21,NULL,'2024-11-20 14:04:06','2024-11-20 14:04:06'),(29,'dolore','dolore','Ratione et expedita cumque qui est odit. Tempora omnis repellendus tempore et vitae. Impedit fugit omnis expedita beatae cupiditate consequatur in.\n\nLibero necessitatibus dignissimos ab veniam aut. Ea sequi quisquam maiores cum fuga incidunt odit. Laborum sunt delectus similique quaerat impedit cumque at. Explicabo aliquid iure officiis nisi voluptatem soluta quos quis.\n\nDoloribus minima iusto et est totam. Est incidunt quibusdam vero unde eos sint. Expedita voluptas eveniet similique aliquid quas id. Suscipit vel iure alias impedit sint sit voluptates eveniet.','2024-09-21 18:52:30',1,'news',0,3,21,NULL,'2024-11-20 14:04:06','2024-11-20 14:04:06'),(30,'possimus','possimus','Enim et vel a impedit et neque nobis neque. Et harum rerum facilis omnis impedit delectus blanditiis. Quasi in voluptatum qui optio. Dolore ipsa et aperiam dignissimos quibusdam minima eos.\n\nAutem iure dolor autem facere. Explicabo vero vel corporis rerum omnis molestiae atque modi. Vero rerum quis qui reiciendis voluptatem.\n\nConsequatur id beatae ex ut qui. Voluptates corporis at ipsam sequi. Eum et omnis sequi ipsum accusantium exercitationem molestiae. Ullam ducimus neque minus ut non.','2024-05-11 12:00:05',0,'news',1,3,21,NULL,'2024-11-20 14:04:06','2024-11-20 14:04:06'),(31,'laudantium','laudantium','Ipsum qui dolores pariatur sit. Consequatur sit dolore quia maiores sit voluptate dolore.\n\nMaxime ea eos nam maxime commodi quidem velit. Id blanditiis enim necessitatibus beatae nisi voluptatibus. Incidunt eligendi in neque eum ea ut.\n\nEos et cum voluptatum repudiandae est ipsa officiis. Magni ea praesentium non qui. Natus error odio repudiandae fugit maiores ipsam. Reiciendis sunt qui nostrum similique. Ullam dicta ut velit quaerat repellendus.','2024-07-16 20:59:24',0,'news',1,4,13,NULL,'2024-11-20 14:04:07','2024-11-20 14:04:07'),(32,'eligendi-1','eligendi-1','Consectetur est aut nostrum laboriosam doloribus vel. Officia occaecati sed alias. Voluptas commodi fugiat rerum eum ut dignissimos officia molestiae.\n\nSed hic labore pariatur necessitatibus facere aut odit. Nihil incidunt assumenda ut ut. Fuga nihil ut sit excepturi enim a commodi vel. Eaque aliquid itaque dolorem eius eveniet.\n\nCum maxime ipsum veritatis occaecati enim. Voluptatem consequatur fuga eligendi officiis. Eius unde est omnis. Quae ipsa ipsa et et aliquid voluptatem temporibus.','2023-12-10 19:59:57',0,'news',0,4,13,NULL,'2024-11-20 14:04:07','2024-11-20 14:04:07'),(33,'debitis','debitis','Facere vel enim atque. Aut illum excepturi quia vitae. Odit molestiae magnam laborum tempore. Nulla ab sed sapiente molestiae.\n\nEt eligendi sed voluptatem quia. Doloribus maiores laboriosam consequatur non consequatur voluptatem possimus. Hic hic aut voluptatibus perspiciatis temporibus laborum quasi.\n\nConsequuntur nesciunt molestias autem rem ad voluptatem vitae. Est quidem excepturi deleniti necessitatibus ut sit. Corrupti qui sed voluptatem libero ipsam.','2024-01-14 02:39:30',0,'news',1,4,13,NULL,'2024-11-20 14:04:07','2024-11-20 14:04:07'),(34,'et-1','et-1','Et dolores veniam deleniti. Ipsum error quia consequatur molestiae. Aut assumenda quia totam repellat.\n\nImpedit repellendus aspernatur itaque explicabo rerum dolorem. Repudiandae culpa necessitatibus voluptas nesciunt. Consequatur ducimus dolorum est iusto quo.\n\nAliquam ipsam molestiae ratione facilis quisquam ex repellat dolorem. Modi repellat veritatis ullam labore odit qui. Debitis tenetur laudantium ut voluptatem harum omnis. Qui minima maiores mollitia.','2024-02-17 11:28:00',1,'news',1,4,13,NULL,'2024-11-20 14:04:07','2024-11-20 14:04:07'),(35,'iure','iure','Qui voluptatum omnis et magni voluptatibus repudiandae molestias. Earum iusto vitae quae placeat corrupti. Laboriosam nihil voluptatibus animi deserunt quia et sint. Dolorum voluptas quis et est quae ab. Minus animi sed autem et delectus vel illo quasi.\n\nRerum molestiae et sit iure ut maxime quia. Ea cupiditate porro ut nihil qui explicabo dolor. Eveniet aut amet reiciendis sint et sit.\n\nMinus beatae occaecati qui et repudiandae minima. Id et enim sed quia asperiores eveniet. Necessitatibus at reprehenderit et rerum modi et rerum. Voluptatem eos qui harum sed alias.','2024-01-04 14:19:07',0,'news',0,4,13,NULL,'2024-11-20 14:04:07','2024-11-20 14:04:07'),(36,'ut-1','ut-1','Rem est libero iure sit autem vitae. Natus rerum voluptas mollitia saepe magnam culpa consequatur. Nihil qui et consequatur id.\n\nAb repellendus enim esse quis. Quia velit ratione placeat sunt fugit aut. Mollitia est repudiandae quibusdam quo qui. Quo alias et est exercitationem sit. Qui illo velit consequuntur consequatur minima minus.\n\nDeleniti atque ratione sed illo ut placeat. Temporibus aut aut aspernatur accusamus saepe. Dolor et consequatur facere quas impedit. Eum delectus sit illo quia quis enim. Dolorem consectetur in soluta sapiente.','2024-07-20 16:09:37',0,'news',1,4,13,NULL,'2024-11-20 14:04:07','2024-11-20 14:04:07'),(37,'magnam','magnam','Nihil quae non praesentium est culpa. Neque ut earum voluptas dolores voluptatibus. Explicabo consequatur culpa earum quam suscipit nobis.\n\nRecusandae debitis placeat repudiandae. Et amet aut magni quam quasi consequuntur dignissimos. Officiis est hic quia mollitia consequatur maxime voluptatem. Iste sunt sequi enim architecto ut non.\n\nModi hic animi ad aut saepe facilis. Enim aut quibusdam officiis voluptas qui voluptatem ab.','2024-04-30 02:20:18',0,'news',1,4,13,NULL,'2024-11-20 14:04:07','2024-11-20 14:04:07'),(38,'aut','aut','Et architecto ut repellat enim ab ipsam. Reiciendis ratione hic nobis incidunt quo iure. Eius vel sit odit qui.\n\nQuis qui iste aut sint quam. Dolor minus voluptates non dolorum molestiae voluptas. Qui neque necessitatibus voluptatum molestias et.\n\nConsectetur nesciunt rerum esse eaque totam. Ex distinctio et voluptatem dolores iure reiciendis. Id autem ipsam et neque maiores repellendus sit.','2024-02-20 05:00:08',1,'news',0,4,13,NULL,'2024-11-20 14:04:07','2024-11-20 14:04:07'),(39,'ut-2','ut-2','Dolores quia nesciunt omnis sint. Corrupti delectus aut voluptate sit molestias. Numquam assumenda dignissimos sapiente delectus.\n\nRecusandae esse quaerat ut quia error aut. Vel dolor voluptas non enim amet neque omnis. Porro consequatur quia est qui iste aliquid. Qui aut et debitis ut natus facere. Et voluptatibus iusto velit a.\n\nIpsa a amet maiores vel. Libero quo inventore voluptas ex dolor temporibus ratione. Aliquid incidunt aliquid similique ad maiores nesciunt repellat.','2024-08-02 11:52:10',0,'news',1,4,13,NULL,'2024-11-20 14:04:07','2024-11-20 14:04:07'),(40,'illo','illo','Tempora ipsam voluptatem molestias voluptatem. Illum voluptas nam ut repudiandae sit aut voluptatibus totam. Possimus quisquam enim accusantium ad blanditiis sunt.\n\nDucimus voluptas incidunt quia est. Non quia odio a reiciendis et eum vero. Voluptatem est voluptatem voluptatem suscipit pariatur sed.\n\nEst modi laborum blanditiis. Qui recusandae optio impedit unde perspiciatis molestiae. Dolores repellat qui consequatur officiis explicabo. Deleniti consectetur beatae ut temporibus sed vero quo consequuntur.','2024-06-23 09:16:28',0,'news',1,4,13,NULL,'2024-11-20 14:04:07','2024-11-20 14:04:07'),(41,'distinctio','distinctio','Ut aut eaque qui omnis quis explicabo. Quis nulla sed quia minus. Aut quibusdam reprehenderit eveniet voluptas. Id unde aperiam ipsum. Consequuntur aut qui blanditiis velit et cum.\n\nFuga eius molestias enim reprehenderit non. Assumenda inventore eum ullam fugiat quasi ad. Dolorum voluptas rerum consectetur inventore dolor neque. Et ipsa accusamus ea doloribus consequatur quidem aut et.\n\nProvident mollitia officia consequatur ut provident quisquam. Blanditiis sapiente sed quibusdam similique rerum assumenda. Laudantium consequatur quaerat sed.','2024-01-14 19:50:53',0,'news',0,5,14,NULL,'2024-11-20 14:04:07','2024-11-20 14:04:07'),(42,'natus','natus','Ea tempore et expedita ut dolor cupiditate quia. Quos rerum asperiores enim sequi. Sunt et animi similique laborum consectetur placeat.\n\nEst corrupti tenetur earum est blanditiis. Nam sunt voluptatem dolorem accusantium consequuntur. Soluta aliquam voluptatem nam tempore vitae. Voluptas aperiam aliquid natus nobis omnis aspernatur debitis.\n\nEt similique qui provident tempora quidem iusto consequuntur error. Est nulla veritatis libero quo et et. Error quia et delectus eos deleniti porro ad. Ea consequatur ea et enim rerum.','2024-09-28 20:25:57',0,'news',1,5,14,NULL,'2024-11-20 14:04:07','2024-11-20 14:04:07'),(43,'deserunt','deserunt','Est dolor amet maxime ut suscipit et. Reprehenderit delectus voluptatem consectetur perspiciatis ipsam voluptate dolorum. Recusandae repudiandae amet eos eligendi saepe ut aut.\n\nAt et asperiores sit assumenda illum. Deserunt nisi et quasi aut aliquid voluptatum possimus. Sed occaecati aut minus ut nulla.\n\nEst quasi itaque blanditiis occaecati impedit. Et sunt ut dicta eius. Velit quae autem ex expedita et libero officiis.','2024-09-23 19:38:24',0,'news',0,5,14,NULL,'2024-11-20 14:04:07','2024-11-20 14:04:07'),(44,'aut-1','aut-1','Eum est in est molestiae quis omnis omnis. Sed fuga aut perspiciatis sunt quisquam provident. Beatae nostrum consequatur iusto nulla non eos eos. Expedita reprehenderit facere ab quia velit quos.\n\nPossimus vero consequatur quisquam quas. Nulla et consequatur et voluptas et ipsam.\n\nOfficiis explicabo officia dolorum quidem quod modi. Aut et velit quo nesciunt ratione. Et facere eos neque.','2024-09-03 08:17:54',1,'news',1,5,14,NULL,'2024-11-20 14:04:07','2024-11-20 14:04:07'),(45,'ducimus','ducimus','Omnis quibusdam fuga itaque voluptas tenetur unde officia. Maxime molestiae ducimus qui commodi voluptatem ipsa consequatur. Repudiandae rerum eveniet fugit sint rem facilis debitis. In magnam aliquam eius esse non iste.\n\nNam reiciendis dolorem officia neque. Ea ut omnis expedita optio beatae nesciunt et. Cumque temporibus maiores et minima maiores occaecati maxime.\n\nSuscipit nemo veritatis architecto consequatur commodi quis tempore. Sunt quaerat et alias nobis porro et illum. Explicabo et aut sit consequatur. Voluptate rerum nostrum nihil et ipsa modi.','2024-07-04 00:38:26',0,'news',1,5,14,NULL,'2024-11-20 14:04:07','2024-11-20 14:04:07'),(46,'et-2','et-2','Est odio non labore aut veritatis voluptates. Qui quis provident quos facere velit rerum. Laudantium qui omnis reprehenderit sint. Perferendis quas distinctio quis voluptatem aut commodi et praesentium.\n\nDolorem quam modi dolorem incidunt. Asperiores aut consequuntur sunt officia error veritatis a. Blanditiis fuga et dolores blanditiis perspiciatis odit.\n\nMagnam cum id qui quia delectus. Aut sit nulla qui eum illo voluptatem. Dolorem eos aspernatur eius vel ut temporibus repellendus et. Eius dignissimos quis repudiandae facere pariatur consequuntur qui ut.','2024-06-21 19:32:10',0,'news',0,5,14,NULL,'2024-11-20 14:04:07','2024-11-20 14:04:07'),(47,'veritatis','veritatis','Impedit mollitia fugit a iure itaque amet. Accusantium sint tempora quibusdam iure eum. Mollitia necessitatibus porro et et et sed aut. Aut et eligendi ut eum hic.\n\nDicta error doloribus saepe enim fuga et molestias. Magni enim qui vitae dolorem voluptates nihil. Non et et minus omnis.\n\nVelit dolor velit voluptatibus possimus laboriosam sit aut. Sit non quasi vero. Laudantium ut neque maiores a omnis nulla.','2024-05-23 22:10:55',0,'news',0,5,14,NULL,'2024-11-20 14:04:07','2024-11-20 14:04:07'),(48,'sed','sed','Consectetur corrupti eaque consectetur soluta. Earum tempore fugit expedita vitae ea. Molestias nulla aut natus in tempora maxime. Dolore aut natus et quaerat quos. Ducimus aut fugit repudiandae autem sit.\n\nRerum a temporibus dolore omnis laudantium saepe et. Quasi ea aperiam aliquam. Laboriosam repellendus fuga sit neque et accusamus sed.\n\nLaborum distinctio fuga culpa ut. Vel libero sit et consectetur iste ratione omnis sunt. Tenetur enim illo corporis quia exercitationem et natus. Dignissimos quod maxime deleniti.','2024-07-15 16:11:26',0,'news',0,5,14,NULL,'2024-11-20 14:04:07','2024-11-20 14:04:07'),(49,'distinctio-1','distinctio-1','Dolorem doloribus ipsum ratione dolor quibusdam reiciendis quasi numquam. Et sit cumque quia quas nobis velit id. Non ullam cum optio expedita blanditiis aut facilis.\n\nReiciendis dicta iste ut dolorem enim. Dolores illum accusantium distinctio odio assumenda. Aspernatur magnam excepturi beatae. Dolores impedit ea quae exercitationem.\n\nNumquam vel sed consequuntur doloribus. Non dolore inventore accusantium. Consequatur molestiae dicta sed quasi corrupti et est possimus. Consectetur voluptas aut necessitatibus.','2024-08-31 00:50:59',0,'news',1,5,14,NULL,'2024-11-20 14:04:07','2024-11-20 14:04:07'),(50,'cum','cum','Nihil a esse rem culpa. Eveniet temporibus suscipit velit vel.\n\nQuo qui totam et facilis. Cum perferendis consectetur ex modi perferendis tenetur. Debitis molestias consequuntur eum necessitatibus. Deserunt temporibus perspiciatis accusamus expedita sed rerum.\n\nIn id in voluptas impedit. Laborum ab voluptas sit maxime. Reiciendis suscipit repudiandae at laudantium et quis velit. Eius aut fugiat non quo sed ratione ad.','2024-06-25 12:16:36',1,'news',1,5,14,NULL,'2024-11-20 14:04:07','2024-11-20 14:04:07'),(51,'asperiores','asperiores','Illum qui placeat ut dolore vitae. Repellat atque autem velit dolor. Ipsa dolores quis et et.\n\nDeleniti quia maiores dolores repudiandae laboriosam commodi. Quos et fugiat architecto mollitia dolores. Voluptas neque saepe non soluta nisi maiores necessitatibus et.\n\nRerum nam eum et. Fugiat reprehenderit enim autem et iure explicabo. Harum deleniti eligendi officia consectetur rem repudiandae voluptas. Consectetur quod exercitationem recusandae provident alias quis. Beatae sit rerum eaque alias sequi.','2023-11-27 04:52:21',0,'news',0,6,17,NULL,'2024-11-20 14:04:08','2024-11-20 14:04:08'),(52,'sequi','sequi','Eaque molestiae eaque cupiditate magni et. Ea aut quis facere ipsum. Doloremque in est pariatur ex fugiat. Molestiae quasi error aspernatur totam occaecati voluptas.\n\nIn nam iusto dolorem enim sunt. Veniam consequuntur rerum id necessitatibus. Ut eum possimus ipsam vel. Magnam omnis cumque totam maxime deleniti quasi earum.\n\nMagnam nemo illo blanditiis itaque vitae. Molestiae illo nostrum dolorum ipsam aut. Fugit aliquid non labore accusantium cumque.','2024-06-02 20:16:25',1,'news',1,6,17,NULL,'2024-11-20 14:04:08','2024-11-20 14:04:08'),(53,'vitae','vitae','Autem non sit quis voluptatum est. Possimus quo qui quaerat est id. Temporibus molestias porro laudantium ipsum ut odio quia. Sit consequuntur esse nobis quam et eligendi incidunt.\n\nQui rerum qui ut unde ex omnis quidem eaque. Deleniti alias vitae at eum. Autem unde iste architecto est. Quia expedita labore est necessitatibus voluptatem voluptas iusto.\n\nAssumenda expedita ut labore inventore enim deleniti voluptate. Et illum fugit et et pariatur quia nobis. Numquam consequatur repellat error assumenda quia et rerum aliquid.','2024-03-05 05:36:06',1,'news',1,6,17,NULL,'2024-11-20 14:04:08','2024-11-20 14:04:08'),(54,'incidunt','incidunt','Ut ea sit et laboriosam neque voluptas impedit. Iure ducimus earum expedita in qui. Sed modi expedita nostrum blanditiis.\n\nDistinctio quis adipisci quasi incidunt molestiae. Voluptatem ut hic nisi quae doloribus sint. Est alias enim sed quo. Et in odio eaque in consequatur non.\n\nPerspiciatis est beatae non aut excepturi. Dolorem quia sit eos in. Omnis itaque corrupti earum optio natus.','2024-03-10 14:14:59',1,'news',1,6,17,NULL,'2024-11-20 14:04:08','2024-11-20 14:04:08'),(55,'rerum','rerum','Explicabo odio mollitia soluta hic debitis sunt qui. Eligendi saepe pariatur est laborum quae officiis molestias commodi. Facere consequatur ut ipsa dolores nam et assumenda numquam. Aut voluptates nemo quia labore qui.\n\nEveniet nobis voluptatem corporis sed excepturi aut recusandae. Eum id dolorem ut est id rerum sed. Commodi ut officiis est aut delectus. Adipisci magni necessitatibus molestiae qui consequuntur.\n\nAut consequuntur accusamus asperiores et rerum deleniti enim. Eos perferendis ea voluptatibus omnis temporibus repellat et illum. Est voluptatem sit dolorum blanditiis voluptatem et. Dolores qui id natus dicta debitis cupiditate. Quisquam ipsum voluptatum delectus iure omnis rerum.','2024-11-05 03:56:49',0,'news',1,6,17,NULL,'2024-11-20 14:04:08','2024-11-20 14:04:08'),(56,'quam-1','quam-1','Molestias in rerum ut provident voluptatum non optio. Dolorum sint repellat quam corrupti officiis quaerat harum. Excepturi id fuga non illum provident consectetur.\n\nNihil aperiam tempore ut porro et necessitatibus eos dolorem. Occaecati cupiditate in et rem repellendus omnis. Veritatis quis reprehenderit eum optio blanditiis optio. Placeat quidem hic pariatur maiores.\n\nDelectus laboriosam cupiditate doloremque magnam error. Ad architecto tempora ratione ut doloribus ex. Et dolores voluptatibus commodi sequi. Alias in expedita impedit nesciunt quos.','2024-03-17 12:30:34',1,'news',0,6,17,NULL,'2024-11-20 14:04:08','2024-11-20 14:04:08'),(57,'rem','rem','Ea corporis a eveniet sint iste rerum quidem debitis. Placeat magnam animi non. Explicabo eos ad ipsum in voluptas. Aut vel sint nostrum officia praesentium perspiciatis.\n\nSit eius occaecati deleniti et. Accusamus sint rerum sed qui debitis ipsa culpa. Voluptate est consectetur qui quisquam et laboriosam ea.\n\nEa recusandae rerum amet ea sit voluptatem exercitationem quisquam. Consectetur ut excepturi at inventore. Modi voluptatum ratione qui esse. Dolor reprehenderit nihil ipsa ut cupiditate non consequatur.','2024-05-23 16:07:11',1,'news',1,6,17,NULL,'2024-11-20 14:04:08','2024-11-20 14:04:08'),(58,'error','error','Hic repudiandae doloremque tenetur molestiae quae qui. Molestiae distinctio similique impedit excepturi temporibus sint alias. Asperiores corrupti ab animi est. Praesentium cumque dignissimos tempore in voluptates laboriosam.\n\nNobis animi quidem quam soluta deserunt voluptates cupiditate. Expedita ab aperiam praesentium odit nostrum. Ratione repudiandae non repellat ea enim error earum.\n\nAut hic quia voluptates magni nisi voluptate eum quasi. Consequatur sed distinctio alias quia. Ut provident qui eius natus sunt consequatur voluptatem. Et quia vero eaque adipisci facere est.','2023-12-15 11:01:08',1,'news',0,6,17,NULL,'2024-11-20 14:04:08','2024-11-20 14:04:08'),(59,'hic','hic','Autem et aperiam est perferendis eaque. Officiis eum provident commodi et suscipit quod.\n\nTemporibus quidem nihil est non enim. Quia possimus consequatur necessitatibus ab. Dolores ad sed est quisquam fugiat quidem.\n\nAdipisci mollitia debitis veniam. Pariatur et ipsum eos provident aliquid.','2024-05-17 21:21:36',1,'news',0,6,17,NULL,'2024-11-20 14:04:08','2024-11-20 14:04:08'),(60,'qui-1','qui-1','Impedit commodi omnis nesciunt molestias aut. Quia aut quidem eos labore expedita qui accusantium dignissimos. Eius ipsam quidem est ducimus at fugiat. Recusandae similique quis nisi unde modi eligendi.\n\nQuasi consequatur voluptate quo fuga repellat. Fuga vitae temporibus vel sit id porro magni. Blanditiis doloribus error maxime esse. Aut blanditiis voluptatem enim consequatur autem.\n\nDignissimos asperiores optio mollitia vel facere autem. Dolor quos ut debitis aperiam et. Ut et pariatur ut ut est incidunt aspernatur.','2024-06-22 10:34:23',0,'news',0,6,17,NULL,'2024-11-20 14:04:08','2024-11-20 14:04:08'),(61,'sed-1','sed-1','Laboriosam sit dignissimos molestiae accusantium quos ab temporibus. Facere adipisci labore aut sint est. Minus quisquam vero rerum reiciendis eligendi.\n\nDolores temporibus ea error velit tempore minima reiciendis impedit. Modi doloremque libero aut quae minima. Exercitationem facere adipisci autem dignissimos libero dolorum laborum.\n\nId aliquid expedita voluptates veritatis natus alias deleniti ipsum. Doloremque iste earum voluptates quia totam. Ut doloremque quod ut et. Nam numquam eligendi itaque rerum nulla.','2024-07-05 08:05:00',0,'news',0,7,17,NULL,'2024-11-20 14:04:08','2024-11-20 14:04:08'),(62,'consequatur-1','consequatur-1','Impedit quidem sint cumque corporis. Repudiandae molestiae dolorem in quasi velit nulla. Et omnis sed animi rerum expedita. Iure sit qui accusantium.\n\nOdio aut fuga temporibus eaque facilis a deserunt quia. Qui maiores fugiat aut est ex. Consequatur harum quam aperiam non dolor qui. Quisquam eligendi asperiores ipsum rem veritatis.\n\nSed nesciunt maxime repudiandae. Ea perferendis saepe ullam et est quod vel. Velit itaque totam alias nihil.','2024-07-29 00:02:28',1,'news',1,7,17,NULL,'2024-11-20 14:04:08','2024-11-20 14:04:08'),(63,'nisi','nisi','Voluptas eos quasi vel. Maxime deleniti cum pariatur eos. Quas ea enim deserunt excepturi.\n\nLibero libero non atque quisquam dignissimos. Et voluptatem veritatis a.\n\nLibero soluta et expedita dignissimos quidem debitis aliquam eaque. Voluptatem in saepe aut et ullam.','2024-05-19 07:06:06',1,'news',0,7,17,NULL,'2024-11-20 14:04:08','2024-11-20 14:04:08'),(64,'eum','eum','Hic optio ex optio earum voluptatibus voluptatibus. Voluptatem eaque et ratione laboriosam quo ut. Nostrum harum repellat iste quibusdam illo ipsam animi.\n\nBeatae vel architecto ipsum error. Et perferendis impedit velit earum eum natus. Qui ipsa sit modi asperiores nihil.\n\nIn aliquam eveniet repudiandae. Dolorum autem occaecati modi voluptatem quidem corporis. Quas dolores nulla eligendi esse similique autem.','2024-02-14 07:00:44',0,'news',0,7,17,NULL,'2024-11-20 14:04:08','2024-11-20 14:04:08'),(65,'expedita','expedita','Consequatur tempora aliquam dolorem sunt. Et dolorem asperiores minus nobis. Adipisci id rerum ea consequuntur. Et rerum non consectetur consequatur.\n\nNumquam earum ea nihil fugiat consequuntur labore. Expedita at sed et aut. Est molestiae adipisci iure maxime fugiat. Quas ea animi iusto dolorem accusantium nulla.\n\nEaque quos error corporis voluptatem in ad repudiandae. Aut voluptatem illum maxime ex earum. Voluptates velit consequatur voluptas error exercitationem quisquam natus. Maiores quis est odit et et.','2024-01-20 08:21:42',0,'news',0,7,17,NULL,'2024-11-20 14:04:08','2024-11-20 14:04:08'),(66,'veniam','veniam','Ex sit unde fugit eius. Doloribus doloremque voluptas sunt numquam corporis.\n\nUllam hic incidunt quo expedita tenetur minima ut. Ullam rerum qui et dicta inventore eveniet. Voluptatum iure provident est fugiat officiis et.\n\nCum in magnam quaerat ea quis. Numquam fugit sequi est possimus. Velit sit et quo necessitatibus. Voluptatem qui est hic mollitia architecto.','2023-12-06 18:39:19',0,'news',1,7,17,NULL,'2024-11-20 14:04:08','2024-11-20 14:04:08'),(67,'quis','quis','Neque accusantium et sed amet perspiciatis fuga voluptate dignissimos. Fugiat vel voluptatum et quae placeat consequatur provident alias. Dicta ipsam rerum et doloremque voluptas eos est.\n\nSint qui qui sed excepturi. Autem reprehenderit voluptatum quia vel dolor aut enim. Dolorum voluptatem eos iusto quisquam ipsum aut quidem. Tempora rerum qui maxime est fugiat est.\n\nNon culpa dolor neque cupiditate cumque et. Voluptas et et totam iste. Ipsa perferendis debitis consequuntur voluptas.','2024-08-24 12:37:18',0,'news',0,7,17,NULL,'2024-11-20 14:04:08','2024-11-20 14:04:08'),(68,'fugit','fugit','Consequuntur sunt sit laborum voluptatem delectus sapiente quo. Dolor veritatis ut assumenda aut. Natus repellat rem qui molestiae necessitatibus. Quia deserunt non voluptas deserunt fuga repellat.\n\nSuscipit explicabo tempore dolorum sint est. Ratione non error fuga quas expedita animi. Id dolore iure incidunt recusandae a. Perferendis quia sed architecto iure exercitationem commodi corporis. Ipsam est id excepturi culpa rem.\n\nEt eos dolorem perferendis quisquam qui aperiam. Expedita id officiis sit fugit error eos quis eveniet. Soluta et voluptas aliquam aperiam. Est dicta blanditiis non omnis commodi vitae eos eligendi.','2024-08-14 21:19:42',1,'news',1,7,17,NULL,'2024-11-20 14:04:08','2024-11-20 14:04:08'),(69,'pariatur','pariatur','Vel nobis minus magni occaecati. Ut nihil aut et odio et. Quae voluptas ut est qui ut. Corrupti ex quia deleniti iste.\n\nEt vel totam nihil aut et aut aut. A omnis accusamus beatae ab ipsa natus. Veritatis voluptate ducimus in. Facilis velit at animi qui sequi vel.\n\nAperiam aut officia libero occaecati atque similique. Pariatur sunt quo cum ratione ullam consequatur in. Dolore quia molestiae vero voluptatum sed sequi et. Saepe sint et quos necessitatibus et ex est.','2024-10-09 19:33:41',0,'news',1,7,17,NULL,'2024-11-20 14:04:08','2024-11-20 14:04:08'),(70,'cupiditate','cupiditate','Illum modi voluptates iste mollitia eos facere inventore. Error consequuntur quam saepe possimus voluptate. Dolor deserunt qui voluptatem eius repellendus.\n\nVoluptas consequatur quis ex ea sapiente. Itaque a doloremque commodi quaerat voluptatibus qui. Qui aut deleniti enim voluptatem molestias est. Et rem eaque dolor aperiam fugiat in id. Magni aut cumque debitis et enim sit alias.\n\nNon dolor quos doloribus magni distinctio sit cupiditate. Suscipit porro reprehenderit ut consequatur.','2024-01-30 18:20:16',0,'news',0,7,17,NULL,'2024-11-20 14:04:08','2024-11-20 14:04:08'),(71,'necessitatibus','necessitatibus','Consequatur necessitatibus repellendus placeat. Odio perspiciatis culpa qui ad quia asperiores qui laborum. Neque explicabo laboriosam non placeat dignissimos. Ut impedit est eum debitis.\n\nQui tempora esse qui ut enim esse doloribus. Omnis deleniti accusamus velit beatae consequuntur placeat. Debitis consequatur sed sunt quia recusandae. Ut et minima praesentium vel id officiis aut.\n\nAut qui velit nostrum soluta ratione. Eos aliquam qui est consequatur incidunt harum. Libero cumque aliquid vel ut. Nihil quia officia rem quo adipisci velit.','2024-01-26 02:22:46',1,'news',1,8,11,NULL,'2024-11-20 14:04:08','2024-11-20 14:04:08'),(72,'saepe','saepe','Quidem qui aperiam dolorum sit. Quibusdam consectetur ullam ullam voluptas error in saepe. Adipisci omnis necessitatibus aliquam.\n\nDolores quidem iusto tenetur vel eaque minus quis. Omnis consequatur rem adipisci delectus sapiente. Autem ea dolorem atque id.\n\nPerspiciatis eum ipsum ad necessitatibus impedit qui saepe. Consequatur vel sed laboriosam nesciunt atque omnis. Vel voluptas inventore sunt repudiandae cumque odit. Quisquam eaque rerum quo et velit.','2024-03-08 17:24:16',0,'news',1,8,11,NULL,'2024-11-20 14:04:08','2024-11-20 14:04:08'),(73,'eius','eius','Ipsum delectus architecto est unde ut quia sit. Sequi quis voluptas ut optio impedit corporis enim. Ea exercitationem dolorem voluptas necessitatibus tempore.\n\nSimilique et sed velit perspiciatis et fugit. Et voluptatem odio iste quia dolor amet. Sed voluptas incidunt aliquam architecto accusantium. Et laboriosam omnis aut nemo dicta illum non.\n\nAut asperiores ut qui omnis. Assumenda error quia nemo fuga sapiente numquam. Aut voluptas quia doloremque est dolorem autem quia. Ex nobis enim qui distinctio dolor aut vero eos.','2024-07-07 23:44:44',1,'news',1,8,11,NULL,'2024-11-20 14:04:08','2024-11-20 14:04:08'),(74,'autem','autem','Debitis ea rerum blanditiis deserunt. Consequatur repellendus rerum sunt minus alias id quis illum. Dolorum exercitationem dolorum illum corporis molestiae non dolor alias. Non doloribus tenetur veniam.\n\nQuidem ipsam nam cumque nesciunt illum illum. Neque officiis corrupti magni perspiciatis quia voluptate dolorum. Soluta fugiat facilis expedita magni quis commodi. Totam eveniet enim beatae.\n\nDolorem sed neque eum dolorum error doloribus. Autem libero iusto ut officiis id. Aut et illum debitis modi quod omnis quam. Nobis aut est aut occaecati aut reiciendis debitis rerum.','2023-11-23 20:45:18',0,'news',0,8,11,NULL,'2024-11-20 14:04:08','2024-11-20 14:04:08'),(75,'et-3','et-3','Quas amet consequatur laboriosam ipsa est. Voluptatem ratione est neque repellendus. Et culpa labore facere minima veniam perferendis natus.\n\nSuscipit voluptatem fugit id et sit sunt enim ad. Dolorum est consectetur ut. Doloremque ipsum eum voluptatem eos nulla. Sit ratione molestiae similique at culpa similique.\n\nAdipisci ut molestias consequatur aut. Incidunt autem eaque debitis architecto nostrum. Consequatur quia optio sunt consequatur delectus ut magnam.','2024-10-16 05:45:40',0,'news',0,8,11,NULL,'2024-11-20 14:04:08','2024-11-20 14:04:08'),(76,'qui-2','qui-2','Magnam autem ipsum blanditiis ut est aut. Dolores sit nemo reiciendis cum explicabo est dolore. Vel natus voluptate qui assumenda.\n\nUt accusantium enim pariatur possimus harum vel qui. Iste voluptatum temporibus mollitia at id dolor. Iure occaecati in molestiae maiores omnis qui. Ut earum quasi nesciunt error sint et delectus odio.\n\nVelit rerum et at hic qui id nihil. Expedita occaecati officia ea quo ut. Doloribus vel aspernatur suscipit unde.','2024-07-17 09:52:58',0,'news',1,8,11,NULL,'2024-11-20 14:04:08','2024-11-20 14:04:08'),(77,'esse','esse','Cum dolorem expedita et fugiat voluptates quaerat sed. Ipsum sint a soluta placeat. Rerum sed aperiam quaerat rerum provident quam incidunt cumque. Saepe qui et totam molestias fugiat quam explicabo.\n\nQuo et rerum vitae expedita pariatur voluptatem deleniti. Impedit iusto voluptatem quos quod delectus. Pariatur quia repellendus quis quas doloribus cum.\n\nAut et sint ut reprehenderit. Ipsam voluptates numquam totam libero et. Temporibus dolorem nihil voluptatem eum quod dignissimos. Ullam dicta eveniet et provident. Ea sit laudantium rerum neque voluptates.','2023-12-24 12:30:45',0,'news',1,8,11,NULL,'2024-11-20 14:04:08','2024-11-20 14:04:08'),(78,'assumenda','assumenda','Ratione id distinctio ab perferendis cumque sit molestiae. Enim eaque aut dolorem nobis temporibus eveniet. Nobis molestias quia autem nisi harum rerum eveniet.\n\nSimilique qui eligendi recusandae aliquam. Voluptatem officiis voluptas velit repellendus rerum ducimus. Hic eaque natus quo sit id tempora.\n\nVoluptas voluptas quia aspernatur pariatur aut quam eius. Ut dolores nam aut alias. Laudantium aspernatur dolores eos possimus quia ut. Ut sed quibusdam modi nihil consequuntur est.','2024-11-18 13:50:43',1,'news',1,8,11,NULL,'2024-11-20 14:04:09','2024-11-20 14:04:09'),(79,'itaque-2','itaque-2','Aliquid ut aut explicabo id perferendis aspernatur enim ratione. Et ipsam est incidunt ad dolorem a. Autem inventore sint molestiae pariatur. Sunt voluptatem soluta quas aut non et. Eius voluptatem rerum facere ut.\n\nPorro voluptatem magnam quod. Architecto sit id libero eum aut nihil quo.\n\nIpsam est soluta id aut eum. Voluptate qui sit quis excepturi earum natus commodi aut.','2024-04-16 17:06:21',0,'news',1,8,11,NULL,'2024-11-20 14:04:09','2024-11-20 14:04:09'),(80,'aliquid','aliquid','Itaque illum sapiente aperiam. Occaecati eos consequatur delectus sit consequuntur et.\n\nVeritatis corporis autem consequatur sit. Doloribus modi et id et. Ea dolores architecto ipsum consequuntur.\n\nVoluptatem dolorem exercitationem consequuntur atque architecto provident. Sed quod officiis voluptatem aliquam.','2024-08-02 23:55:15',1,'news',0,8,11,NULL,'2024-11-20 14:04:09','2024-11-20 14:04:09'),(81,'est','est','Eum quas aliquam quibusdam voluptates est. Quia quaerat quisquam sunt voluptates dignissimos fugiat. Recusandae quis aut et recusandae. Omnis blanditiis minus laboriosam iste non possimus.\n\nMolestias voluptatem dicta voluptas porro ipsam provident saepe. Sint vel veniam nihil qui. Aliquid eligendi nisi sint est.\n\nIn vitae est dolorum labore occaecati quia. Ut voluptas dolorem hic expedita distinctio nulla dolor sint. Nisi veniam aperiam amet porro. Nam saepe voluptas sequi odio ea quod.','2024-10-24 18:13:32',0,'news',1,9,16,NULL,'2024-11-20 14:04:09','2024-11-20 14:04:09'),(82,'sapiente','sapiente','Aut nesciunt est illo adipisci quasi aut. Et sit et dolor in et accusamus. Eos sunt nobis beatae sapiente voluptatem dolorem.\n\nAut omnis necessitatibus ut quibusdam porro nostrum impedit. Impedit est reprehenderit ducimus eos modi earum ab. Sint ipsa nihil velit veritatis.\n\nSed dolorem deleniti et temporibus aut vel. Quibusdam blanditiis assumenda harum voluptates quis. Expedita quisquam sint porro ipsa voluptatem.','2024-06-07 07:08:43',0,'news',0,9,16,NULL,'2024-11-20 14:04:09','2024-11-20 14:04:09'),(83,'ducimus-1','ducimus-1','Sit voluptate et fugiat dolorem in. Sed non quod iusto aliquam.\n\nExpedita laudantium vel ab provident. Ut eius aliquid sed in facilis quia dolorem. Tempora culpa doloremque unde sunt impedit soluta.\n\nUt laborum commodi quis enim rerum. Fuga repudiandae consequatur recusandae ut qui molestias. In quia sint maxime assumenda. Asperiores excepturi similique a quas cum aut.','2024-08-01 05:39:17',0,'news',1,9,16,NULL,'2024-11-20 14:04:09','2024-11-20 14:04:09'),(84,'suscipit','suscipit','Aut commodi eos suscipit accusantium debitis. Eveniet veniam suscipit voluptates animi qui ut. Dolor eaque aliquid quia qui voluptas.\n\nNihil veritatis soluta omnis iure. Soluta delectus nobis impedit libero quae dolor. Itaque ut a occaecati voluptas.\n\nMolestiae qui voluptatibus a aut. Doloribus impedit qui cupiditate ut reprehenderit sequi. Cumque consequuntur autem deserunt minus.','2024-01-08 01:31:45',0,'news',1,9,16,NULL,'2024-11-20 14:04:09','2024-11-20 14:04:09'),(85,'delectus','delectus','Fugit voluptatem dolore exercitationem impedit et explicabo ut facilis. Accusantium ullam dicta rerum ipsum laudantium facilis ut. Necessitatibus et dolores quasi cum voluptatem vero. Cupiditate sunt nesciunt ut fugit eveniet est.\n\nPerferendis labore ut qui. Aut laudantium qui accusantium non deleniti. Odit error et incidunt qui repellat. Nisi enim impedit inventore saepe est nostrum suscipit vel. Corporis natus eius similique ut aut.\n\nQuo ut sunt est optio excepturi voluptas. Quo doloremque rerum temporibus corrupti qui minima minus nesciunt. Qui atque pariatur est et quia rerum. Natus et veritatis necessitatibus et quo sapiente animi sit.','2024-07-16 23:13:46',0,'news',1,9,16,NULL,'2024-11-20 14:04:09','2024-11-20 14:04:09'),(86,'aut-2','aut-2','Earum fugit mollitia maiores quisquam. Non sint non corporis quibusdam fugiat consequuntur. Numquam quas vel dolor placeat quis.\n\nSit autem molestiae est laboriosam praesentium fuga. Quo minus quas placeat nihil temporibus porro possimus.\n\nLaboriosam excepturi dolorem culpa repudiandae voluptatum tenetur. Debitis quo non quaerat officiis quia non placeat nam. Voluptatem molestiae ipsa laudantium eaque. Nobis exercitationem aliquid necessitatibus qui in deleniti reprehenderit.','2023-12-23 19:28:58',0,'news',1,9,16,NULL,'2024-11-20 14:04:09','2024-11-20 14:04:09'),(87,'sit','sit','Facilis quos deleniti fugit animi quo. Laboriosam quis non odio illo fuga. Sed adipisci voluptatem tempora illum sed commodi voluptatem voluptate.\n\nLaboriosam et autem suscipit placeat. Exercitationem ea et quisquam natus. Eveniet odit non sed nostrum. Cumque magni ducimus odio temporibus non cupiditate est.\n\nSunt tempora quis voluptate illum sed corporis. Sed laudantium voluptas velit labore. Est repudiandae cupiditate ratione fugit aut quo iusto. Sapiente et qui reprehenderit et eum.','2023-12-03 17:17:38',1,'news',0,9,16,NULL,'2024-11-20 14:04:09','2024-11-20 14:04:09'),(88,'minima','minima','Tempora iure repellat cum. Quia veritatis iusto earum delectus voluptas. Beatae nemo enim nihil ea consequatur nisi.\n\nMinus et eveniet sed pariatur et facilis voluptatem. Quae doloribus aut eos neque architecto tenetur et. Necessitatibus aut et inventore velit.\n\nSunt vero consequatur architecto id dolor sed. Ut sed voluptate magnam temporibus illo ea assumenda. Vel rem exercitationem magni voluptatem. Fugit pariatur autem saepe voluptatibus.','2024-03-31 15:27:01',0,'news',1,9,16,NULL,'2024-11-20 14:04:09','2024-11-20 14:04:09'),(89,'et-4','et-4','Vitae neque saepe vel ut sed deserunt quis sunt. Ex quo consequatur cupiditate perspiciatis aut. Quos rerum aspernatur labore adipisci ut quaerat consectetur. Et nobis minus est qui.\n\nCorporis in accusantium quo ratione corporis. Ut aut sit fuga id dolorem. Molestias tenetur et consequatur ad ex id. Illum nulla iusto blanditiis. Mollitia est dicta rerum ea.\n\nDolor sed in aut consequatur. Sit quo eius libero earum quo. Possimus earum et incidunt sed velit impedit iste. Cupiditate id rerum reiciendis sunt delectus optio fuga.','2024-03-11 06:48:15',0,'news',0,9,16,NULL,'2024-11-20 14:04:09','2024-11-20 14:04:09'),(90,'vero','vero','Ad illum tenetur consequatur sit facere sequi. Quidem praesentium beatae ea ut fuga laboriosam odio. Eligendi dolor dolor et quos. Ut qui numquam voluptatem amet omnis earum.\n\nFugit nisi voluptas culpa ex ducimus veniam amet. Tempora rerum consequatur dolorem aperiam nemo iure dicta similique. Nihil quis unde ut doloremque nihil. Fugiat voluptatem similique rerum consectetur et. Quisquam autem sed ea veritatis sapiente.\n\nUt esse et aut qui. Occaecati provident quidem aspernatur quia. Error quo minus atque.','2024-02-24 01:30:16',1,'news',0,9,16,NULL,'2024-11-20 14:04:09','2024-11-20 14:04:09'),(91,'recusandae','recusandae','Rem earum eum nam earum tenetur rerum. Minima quam qui pariatur magnam. Minus debitis dolores ea odio doloremque placeat. Et eius fuga ullam aut explicabo qui.\n\nPerspiciatis saepe et est eos. Distinctio voluptatum in aperiam quam debitis. Sit sit eos aut quaerat minima et.\n\nExercitationem ipsum non quia id voluptatibus. Vel debitis est unde ipsum consequatur unde tempora sint. Enim quasi est aspernatur consequuntur natus quidem. Cumque mollitia rerum perspiciatis a numquam sequi consectetur.','2024-07-27 15:04:43',1,'news',1,10,16,NULL,'2024-11-20 14:04:09','2024-11-20 14:04:09'),(92,'omnis-1','omnis-1','Id adipisci dolores esse animi veritatis reprehenderit. Quia magnam quo nihil neque minima facilis et.\n\nDolores quo ullam error ea sed incidunt. Iusto cumque natus enim qui molestiae ex mollitia. Odit repellendus voluptas et quo.\n\nMolestiae deserunt corrupti error similique aspernatur. Vel molestias id consectetur voluptatem. Aut vel ex at ut nihil.','2024-01-17 15:21:00',1,'news',1,10,16,NULL,'2024-11-20 14:04:09','2024-11-20 14:04:09'),(93,'sint','sint','Et est et aut omnis quae. Occaecati et id a ipsum omnis rerum recusandae. Libero iste ea aut ratione voluptas. Aut adipisci facilis distinctio.\n\nEt fugiat et harum iusto. Numquam perspiciatis eos at quasi perspiciatis facere. Molestiae eum rerum porro sequi iste architecto rerum qui.\n\nQuibusdam ducimus qui itaque at nemo ut. Et quasi velit non vel incidunt earum iste. Ipsa vel quia veritatis molestias perferendis ducimus sapiente distinctio.','2024-06-10 19:15:26',0,'news',0,10,16,NULL,'2024-11-20 14:04:09','2024-11-20 14:04:09'),(94,'nemo','nemo','Illo accusantium maiores voluptas fuga non est dolor. Voluptas rerum consequatur mollitia eveniet. Dolores consequatur perspiciatis similique officia et rerum.\n\nDucimus qui facere neque et rem eos fugit. Iure sint et aut quos vero ex voluptates.\n\nDolore rem sapiente in eos consequuntur culpa vitae. Sunt blanditiis est quasi distinctio nisi repellendus. Blanditiis odio repellat neque aut vitae.','2024-05-30 11:54:42',1,'news',1,10,16,NULL,'2024-11-20 14:04:09','2024-11-20 14:04:09'),(95,'quisquam','quisquam','Omnis aspernatur quasi velit dolorem veniam. Reiciendis rerum laboriosam tempora aliquam at labore rerum. Qui autem sunt voluptas corporis ea. Tempora in commodi voluptas voluptas dolorem.\n\nDistinctio vitae neque labore similique quasi. Sunt ut provident ea sint. Est dolore error ratione et.\n\nQui aperiam tempora ea sit. At hic amet eligendi dolor sed quia. Omnis tempora maxime atque iusto facilis.','2024-05-02 16:17:16',0,'news',0,10,16,NULL,'2024-11-20 14:04:09','2024-11-20 14:04:09'),(96,'eaque-1','eaque-1','Voluptas provident sit excepturi fugiat. Delectus quaerat officia iusto voluptatibus odit dolorem. Nobis voluptatibus vero quod hic tempore. Sit voluptatem ut quaerat voluptatem odio odit aperiam corrupti.\n\nVoluptas non suscipit numquam exercitationem amet. Sunt qui dolor eius id necessitatibus quas nostrum. Voluptas hic accusamus dolores mollitia maxime perferendis expedita perspiciatis. Voluptate ab et et ex sed.\n\nA eum sint commodi voluptatum ut. Sit asperiores adipisci nobis dolorum repellendus maxime perferendis.','2023-12-15 22:42:46',1,'news',0,10,16,NULL,'2024-11-20 14:04:09','2024-11-20 14:04:09'),(97,'culpa','culpa','Repudiandae expedita cumque deleniti omnis ut sunt totam. Animi qui voluptas aut placeat.\n\nSunt esse qui et dolorem magnam dolor. Sed quaerat et fugit voluptates dolorem consequatur. Dolor sed ipsum illum dolor blanditiis rem. Culpa adipisci magni omnis laboriosam debitis porro.\n\nNisi tempora voluptate sed asperiores dolorem eaque magnam. Explicabo odit dolorum molestiae voluptatibus dolores modi dolores. Assumenda rem amet cum quibusdam quos vero. Reprehenderit amet est voluptatem consequatur dolores perspiciatis. Quia aperiam nihil fugit aut qui fugiat.','2024-04-19 09:29:34',0,'news',1,10,16,NULL,'2024-11-20 14:04:09','2024-11-20 14:04:09'),(98,'pariatur-1','pariatur-1','Dolorem rerum eos consequuntur debitis repudiandae. Ab optio et delectus iusto. Architecto inventore facilis aut quo provident.\n\nVoluptate non magni repellendus earum veniam. Suscipit nihil et ea omnis consequuntur laboriosam sint. Sequi voluptate sed magnam aliquam modi rerum. Aliquid facilis accusamus dolorum.\n\nVoluptate autem commodi praesentium et voluptatem illo sint. Nam ipsam tempora cumque cupiditate expedita dolorum assumenda.','2024-02-01 09:33:23',1,'news',1,10,16,NULL,'2024-11-20 14:04:09','2024-11-20 14:04:09'),(99,'est-1','est-1','Optio similique deserunt dolore suscipit inventore. Itaque et quisquam aut et quo. Omnis quam et cum sint praesentium atque. Voluptatem iusto dolore architecto numquam aut qui. Debitis incidunt fuga et voluptas enim non quasi.\n\nSuscipit omnis et molestiae necessitatibus consequatur. Tempora iste dolores delectus beatae vel. Illum tenetur sequi laboriosam perferendis minus expedita delectus.\n\nVoluptatem aperiam unde natus occaecati distinctio. Aut occaecati vel voluptas et architecto. Iste voluptatum eum voluptatum sed nihil. In at veritatis modi facilis quisquam.','2024-11-16 20:31:53',0,'news',1,10,16,NULL,'2024-11-20 14:04:09','2024-11-20 14:04:09'),(100,'velit','velit','Adipisci nisi labore omnis et doloribus quis. Fugiat aut quidem exercitationem qui velit corporis eligendi. Aspernatur labore ab in eos. Aperiam vel debitis velit rerum doloribus distinctio quisquam amet.\n\nIllum est quidem vel repellendus ea. Pariatur sit non voluptatem perferendis.\n\nExcepturi aut labore quasi quisquam at quis. Veritatis mollitia a quibusdam mollitia. Veniam consectetur commodi maxime voluptatum.','2024-08-23 19:22:24',0,'news',0,10,16,NULL,'2024-11-20 14:04:09','2024-11-20 14:04:09'),(101,'totam','totam','Enim dolorem nihil et et. Consequatur sed eius porro aliquid enim. Iure non totam necessitatibus adipisci alias dolor voluptate autem. Fuga similique omnis eum.\n\nNeque ullam voluptatem quo accusamus asperiores quia. Error vero rerum ipsa eos doloribus ut velit. Sunt molestiae nulla qui numquam dolorem aut.\n\nDoloribus sequi nisi temporibus delectus. Illo consequatur quis natus. Esse est ducimus reiciendis.','2024-04-15 02:34:46',0,'news',1,11,18,NULL,'2024-11-20 14:04:09','2024-11-20 14:04:09'),(102,'nesciunt','nesciunt','Similique dolor quas dolorem nulla qui necessitatibus recusandae quos. At consequuntur autem quia adipisci ut.\n\nMaiores et doloribus doloribus dolor quisquam. Esse molestiae minus eum ex non. Quae enim quam aut pariatur culpa. Commodi voluptates quasi voluptas natus.\n\nOfficia quia saepe minus non dolores omnis. Non quo eaque error aliquam quae et. Corporis dignissimos assumenda voluptas magnam. Qui voluptas aut vel voluptate sed rerum.','2024-07-04 15:40:41',1,'news',0,11,18,NULL,'2024-11-20 14:04:09','2024-11-20 14:04:09'),(103,'accusantium','accusantium','Id modi nisi fugiat modi est. Aut ut earum ad sint voluptatem. Dignissimos sunt voluptatum tenetur dolorem est quia.\n\nMinus quibusdam quisquam veniam laborum nobis laudantium vitae. Similique et eveniet architecto.\n\nVitae voluptatibus velit unde ab voluptatibus est delectus. Sunt quis ex velit id facere sint. Laborum et sunt aut nisi itaque sint. Ut ratione qui perspiciatis voluptatem.','2024-05-09 17:11:40',0,'news',1,11,18,NULL,'2024-11-20 14:04:09','2024-11-20 14:04:09'),(104,'non','non','Ipsum tempore minus qui vel omnis rerum. Repellendus necessitatibus tempora et. Voluptas ut sint voluptatem dolore sed accusantium. Quia voluptatibus earum quia debitis ea et.\n\nAspernatur dolorem amet sapiente placeat voluptatibus quas. Corrupti veniam deleniti quod voluptatum voluptatem. Sed iusto et ad autem consequatur sequi vel.\n\nUt error ullam consequuntur minima tempore. Sequi tenetur vel debitis. Quos et asperiores cum nihil omnis iste.','2024-06-10 05:14:41',0,'news',0,11,18,NULL,'2024-11-20 14:04:09','2024-11-20 14:04:09'),(105,'assumenda-1','assumenda-1','Unde quas similique voluptas necessitatibus excepturi quis nostrum. Temporibus repellendus similique sunt velit nulla. Nulla esse consectetur amet autem voluptatum.\n\nDignissimos consequatur cumque rerum et. Aut facilis itaque provident enim. Sit quos ea quia illum officia quia.\n\nEt deleniti adipisci ad odio cumque voluptas atque. Excepturi adipisci omnis vitae voluptatibus vel nesciunt nihil. Occaecati voluptas sed vel quis et voluptatem.','2024-04-04 12:47:24',0,'news',1,11,18,NULL,'2024-11-20 14:04:09','2024-11-20 14:04:09'),(106,'molestias','molestias','Non temporibus in rem et. Non quam accusantium deleniti ut dicta. Vitae ipsa adipisci rerum odio laudantium ducimus eaque. Laudantium qui voluptatibus iusto dicta cumque temporibus natus. Rerum doloribus autem ipsa quae aut sed.\n\nEnim voluptas porro quasi eos alias voluptatem ullam repellendus. Corrupti est omnis corporis iste consequatur veritatis. Rerum nostrum quos fugiat cum ea.\n\nUt quo quia et deserunt fugit. Culpa excepturi quaerat similique cum placeat. Quo qui necessitatibus et voluptas.','2024-05-13 05:03:25',0,'news',0,11,18,NULL,'2024-11-20 14:04:09','2024-11-20 14:04:09'),(107,'optio','optio','Eligendi non corporis consequatur excepturi. Exercitationem culpa ipsum cum eaque. Et sint atque eum ex qui.\n\nDistinctio sint consequuntur dolores dolorem qui sint. Eligendi qui aut culpa et necessitatibus. Libero repudiandae adipisci cumque totam aliquid accusantium optio amet.\n\nTempore recusandae harum reiciendis quis. Distinctio sint sunt voluptas et error. Ut ut illo blanditiis fuga quis quod.','2024-07-23 09:12:02',0,'news',0,11,18,NULL,'2024-11-20 14:04:10','2024-11-20 14:04:10'),(108,'rerum-1','rerum-1','Quasi sed iste totam rem qui eveniet. Vero sit repellat voluptatum omnis. Facere assumenda ut sint quia quidem inventore placeat. Ipsum aut pariatur quos ut.\n\nOfficiis nostrum consequuntur corporis sunt. Quis qui placeat accusamus fugiat incidunt iure. Sunt sint itaque ut officia maxime.\n\nAccusamus placeat debitis est consequatur nihil. Iusto repudiandae in ipsa corporis. Vel doloribus molestiae fugit ullam delectus et.','2024-07-22 17:56:12',0,'news',1,11,18,NULL,'2024-11-20 14:04:10','2024-11-20 14:04:10'),(109,'quas-2','quas-2','Qui labore sit soluta ipsa quos. Non quae impedit officiis unde maxime. Saepe nulla aut est quo doloribus. Animi sequi rem eum voluptas hic illum.\n\nExcepturi ea facilis dolores ad. Quod ut facere voluptatem autem ullam aut rerum. Quia in expedita ea est sunt consequatur nulla.\n\nExcepturi quo aut corrupti aliquam. Non quasi exercitationem qui ut rerum est voluptatum sint. A corrupti illum laborum et explicabo beatae est.','2024-03-03 15:15:54',0,'news',0,11,18,NULL,'2024-11-20 14:04:10','2024-11-20 14:04:10'),(110,'sint-1','sint-1','Quo quam vel fugiat velit sit. Vel quas aperiam aspernatur quas eum. Quod ut eos ut eveniet.\n\nRepellendus aspernatur quia praesentium id magnam id non. Nam dignissimos odio voluptatibus nihil provident. Reiciendis nobis sunt officia nihil. Voluptas totam omnis tempore occaecati veniam officiis harum.\n\nConsequatur praesentium voluptas quae et quia cupiditate qui qui. Perferendis aliquid et voluptatem reiciendis nesciunt ullam quas.','2024-08-03 18:17:26',1,'news',1,11,18,NULL,'2024-11-20 14:04:10','2024-11-20 14:04:10'),(111,'vel','vel','Itaque veritatis beatae temporibus tempore. Nisi et rerum minima inventore. Excepturi sapiente soluta libero autem. Quidem expedita aut illo libero harum voluptate.\n\nQui quibusdam dolor labore similique voluptatum et cumque in. Non velit eum sunt adipisci. Culpa distinctio voluptatem blanditiis dolorem asperiores iure reiciendis.\n\nAspernatur minus pariatur est quas sunt. Illum et possimus nisi recusandae beatae qui. Aperiam molestiae non fugiat ea illum porro repudiandae rerum. Quia quo aspernatur quia iste esse delectus esse.','2024-03-31 21:22:01',1,'news',1,12,18,NULL,'2024-11-20 14:04:10','2024-11-20 14:04:10'),(112,'necessitatibus-1','necessitatibus-1','Ea incidunt aut officia eius. Ut ut quos et vero eum assumenda eaque ullam. Minus est et provident.\n\nInventore et deleniti omnis ut tenetur quo earum. Possimus et cupiditate et tempora ut. Magnam consequuntur blanditiis atque.\n\nIncidunt eum eos voluptatibus et. Placeat modi est qui minus minus ut.','2024-08-28 04:46:04',0,'news',1,12,18,NULL,'2024-11-20 14:04:10','2024-11-20 14:04:10'),(113,'voluptates-1','voluptates-1','Repellendus animi recusandae laborum nihil. Ut rerum asperiores atque sit. Est quis est odio facilis voluptas sit officia. Rem ullam consequatur perferendis doloremque ut repellendus neque.\n\nAssumenda voluptates quasi sunt alias ea laudantium et eaque. Vel et quae in est. Totam et quae hic vitae. Sed voluptas rerum aliquid unde et a qui. Ab qui neque iste quaerat.\n\nQui autem quos temporibus. Est est quos placeat provident architecto. Aut et qui ipsa sit. Quasi dolores facere quis et voluptates sapiente officia.','2024-08-22 23:35:19',0,'news',0,12,18,NULL,'2024-11-20 14:04:10','2024-11-20 14:04:10'),(114,'itaque-3','itaque-3','Aspernatur magni aut soluta ut est distinctio totam. Sit est beatae impedit distinctio est. Animi illum dolor ut vel ducimus placeat.\n\nOfficiis non est quis inventore nesciunt. Deserunt rerum quam suscipit laboriosam beatae quia sed vel. Nemo consequuntur numquam iusto facilis voluptatem iste. Error aperiam nam aut atque aut. Quo velit et aliquid ea eos odio mollitia.\n\nConsequuntur delectus maiores est exercitationem. Deleniti dolore amet vel possimus itaque neque. Fuga nihil maxime aut nihil. Sunt et enim et molestiae quo rem.','2024-05-18 09:49:29',1,'news',1,12,18,NULL,'2024-11-20 14:04:10','2024-11-20 14:04:10'),(115,'totam-1','totam-1','Nam quo quis at ex deleniti qui dolor. Non voluptates maxime temporibus. Quia voluptas pariatur ipsum enim ut quo eum.\n\nImpedit cupiditate accusamus deserunt consequatur. Ut numquam sequi eius provident debitis. Cum mollitia sint dignissimos mollitia suscipit quasi pariatur.\n\nPorro ad ea voluptatem qui. Voluptate at eveniet ut et voluptatem reprehenderit enim. Pariatur tempora distinctio in qui beatae quae. Sequi ex suscipit libero ut sequi.','2024-03-22 20:08:06',1,'news',1,12,18,NULL,'2024-11-20 14:04:10','2024-11-20 14:04:10'),(116,'enim','enim','Vitae aut et vero aut amet distinctio. Dolorem corporis consequatur consequatur aspernatur consequatur rerum ad. Ut consequatur officiis est est.\n\nQui iure accusantium consequuntur facilis. Sed ab magni laudantium labore facere et.\n\nEst quo aut eum quo fuga laudantium. Sint omnis eum odit.','2023-12-24 08:13:20',0,'news',1,12,18,NULL,'2024-11-20 14:04:10','2024-11-20 14:04:10'),(117,'est-2','est-2','Perferendis fugit velit et id. Dolorum perspiciatis amet in sit vero. Aliquam dolor atque voluptas maxime quia est sed.\n\nVitae ut nostrum assumenda excepturi rerum excepturi. Commodi repellendus nemo et eaque cum nemo distinctio. Non saepe aliquid aut laudantium qui laboriosam velit. Amet necessitatibus cupiditate temporibus ipsum exercitationem iusto.\n\nLabore aut minus voluptatem. Id saepe mollitia iste similique dolor explicabo quo distinctio. Amet in impedit et maiores.','2024-03-22 20:24:32',1,'news',0,12,18,NULL,'2024-11-20 14:04:10','2024-11-20 14:04:10'),(118,'eos','eos','Occaecati reprehenderit quidem voluptatum eligendi qui. Qui consequatur qui velit animi rerum consequuntur rerum. Illo aperiam quia sit reiciendis velit rerum. Enim rerum dolor reprehenderit voluptas dignissimos placeat.\n\nVel numquam quia soluta deserunt est ut culpa. Impedit accusantium in similique laboriosam.\n\nAsperiores debitis quam qui ut nihil molestiae. Consectetur id harum nesciunt velit aut ad dolor.','2024-05-15 05:28:45',1,'news',0,12,18,NULL,'2024-11-20 14:04:10','2024-11-20 14:04:10'),(119,'et-5','et-5','Dolorem autem in voluptatem repellat id ab. Natus laudantium quae vero qui nesciunt nemo et atque. Exercitationem excepturi repudiandae alias natus. Tenetur qui minima consectetur. Itaque nisi iure natus laudantium et.\n\nAccusantium praesentium alias tempore neque et. Sequi voluptatem rerum dolore commodi consequuntur dolores. Harum et delectus animi corporis. Aliquid facilis cumque officiis quis.\n\nEt nobis excepturi est deleniti sit ea nam. Tempora perferendis eum sit omnis. Deserunt quos sed reiciendis totam officia ullam. Beatae sint voluptas sunt facilis.','2024-11-13 20:11:02',0,'news',1,12,18,NULL,'2024-11-20 14:04:10','2024-11-20 14:04:10'),(120,'natus-1','natus-1','Id quaerat sit velit culpa. Sit est velit rem natus dolor nihil id. Ea quisquam aut ab sed suscipit in tempora sint. Magni qui cum recusandae natus et aut ex.\n\nDoloribus modi et accusantium molestiae voluptatem. Ab dolor quia qui recusandae quos porro provident laborum.\n\nAmet soluta quam ea sed ut esse ullam. Quibusdam corrupti optio facilis quia. Tempore non consequatur magni blanditiis ea ex.','2024-01-03 12:26:31',1,'news',0,12,18,NULL,'2024-11-20 14:04:10','2024-11-20 14:04:10'),(121,'veniam-1','veniam-1','Harum debitis consequuntur ad quisquam et natus. Adipisci nam voluptatibus velit. In quasi provident quia possimus et rerum qui.\n\nAspernatur sit non qui at rerum temporibus. Corporis ut dolorem velit amet aspernatur inventore.\n\nPossimus soluta nemo hic et sint. Deleniti repudiandae dolor alias sapiente aliquam placeat enim. Harum illo molestiae ut necessitatibus dolore numquam doloribus. Labore est voluptas voluptatem eos minus rerum soluta natus.','2024-05-14 15:25:01',0,'news',1,13,21,NULL,'2024-11-20 14:04:10','2024-11-20 14:04:10'),(122,'ut-3','ut-3','Asperiores officiis quasi reprehenderit non. Delectus qui vero excepturi nisi voluptatem autem dolorem qui. Quia fuga qui qui incidunt necessitatibus perspiciatis. Qui inventore totam numquam tempora quos sed. Hic impedit pariatur rerum fuga.\n\nRatione id neque eos rem velit eos id placeat. Aliquam voluptatibus velit est inventore ut. Quod dolorem sunt rerum doloremque qui est. Hic fugiat sit aut quasi sit aut aut.\n\nNemo rem dolores et ipsum et repellat. Eos aut aliquid ea ea dignissimos ut dolor. Libero veritatis enim quia ratione animi. Reprehenderit soluta qui est enim minima aut ut aliquam.','2024-06-06 03:21:38',1,'news',1,13,21,NULL,'2024-11-20 14:04:10','2024-11-20 14:04:10'),(123,'dolores','dolores','Illo ut quasi officia commodi iusto id officiis. Omnis ut quia id commodi. Laboriosam ipsum voluptatem eum error temporibus. Exercitationem enim velit aliquam facilis voluptatibus odit.\n\nCupiditate esse ut nisi et aut quibusdam odio dolorem. Occaecati aperiam sed doloribus distinctio minus est ab. Voluptatem voluptatem tenetur quis illum et cum ad. Deserunt occaecati natus accusamus illum ab et similique maxime.\n\nExcepturi assumenda rerum ut nisi possimus. Iure facilis facilis sint et quod.','2024-08-24 18:58:55',0,'news',1,13,21,NULL,'2024-11-20 14:04:11','2024-11-20 14:04:11'),(124,'laboriosam','laboriosam','Non dolores quia nemo qui aut sint maxime. Voluptatem et aut sit sed nostrum ratione. Accusamus delectus eos et placeat voluptatibus voluptates maxime voluptas. Laborum et ratione molestiae aliquid.\n\nSit consequatur nobis sit. Facere expedita velit facilis praesentium. Ratione non maxime culpa distinctio amet consectetur rem odio.\n\nAnimi sit non cumque ullam et nihil repellendus adipisci. Architecto velit expedita ea recusandae corrupti et consectetur. Ut omnis et illum quo reprehenderit. Consequatur esse enim suscipit quasi atque ut qui consequatur.','2024-08-07 23:53:21',0,'news',1,13,21,NULL,'2024-11-20 14:04:11','2024-11-20 14:04:11'),(125,'odio-1','odio-1','Voluptatum sunt possimus architecto dolorem. Qui blanditiis quam error. Dolorum et quidem et ut.\n\nMolestias aut non voluptatem dicta nostrum. Necessitatibus beatae alias eum natus. Esse ut consequatur placeat eum qui.\n\nIpsam libero et nihil sed enim voluptatem. Iure libero optio praesentium voluptatem repudiandae ullam. Minus eaque rerum qui error dicta officiis.','2023-12-17 03:51:34',1,'news',0,13,21,NULL,'2024-11-20 14:04:11','2024-11-20 14:04:11'),(126,'pariatur-2','pariatur-2','Vitae quas harum quibusdam voluptas voluptatibus incidunt est. Voluptas voluptas repudiandae dolor. Magni sed commodi quae libero. A aspernatur aut doloribus illo ipsa sit. Consequatur odio impedit voluptatem sint molestias nihil aut.\n\nUllam in natus quae eius iure dolores nobis. Velit distinctio sed rerum. Quae non dolorum facere ex iste.\n\nQuaerat vel suscipit nam vero quibusdam ipsam autem. Quaerat sunt ad ipsa. Quisquam possimus repellat voluptatem pariatur mollitia tempora quia.','2024-07-22 18:29:30',1,'news',0,13,21,NULL,'2024-11-20 14:04:11','2024-11-20 14:04:11'),(127,'rem-1','rem-1','Quis cupiditate sit eaque magnam. Doloribus et doloremque sint inventore. Voluptates dolore perferendis soluta ex molestiae. Eligendi alias veritatis unde optio similique.\n\nProvident itaque ea iusto. Sunt voluptatem nesciunt pariatur. Deserunt aliquid sit quibusdam sit.\n\nMinima amet maiores quo sint voluptatem tempore veniam. Suscipit ut veniam quaerat quia. Earum illum voluptatem odio ut.','2023-12-15 01:09:45',1,'news',0,13,21,NULL,'2024-11-20 14:04:11','2024-11-20 14:04:11'),(128,'odit','odit','Aliquid atque atque molestiae quia nesciunt. Praesentium natus est hic doloribus aspernatur. Et sit odio illum libero eius quisquam mollitia laudantium.\n\nVel voluptatem temporibus numquam ut sed. Et voluptatibus et nisi id ipsum at dolores veritatis. Aut officia est tenetur aut nam minus.\n\nAut illo et quos est dolorum sit et. Et consequatur consectetur atque natus enim. Quas aspernatur qui id rerum qui. A expedita sint iste aut ipsam est eum.','2024-11-01 14:58:30',0,'news',1,13,21,NULL,'2024-11-20 14:04:11','2024-11-20 14:04:11'),(129,'consequatur-2','consequatur-2','Sunt natus assumenda ea excepturi doloribus itaque laudantium. Quia dolor error libero et culpa expedita. Praesentium ab delectus repudiandae eaque.\n\nEt repudiandae veniam earum. Possimus blanditiis facere omnis placeat exercitationem. Ut necessitatibus itaque aliquam.\n\nAsperiores maiores illo ut repudiandae. Quidem eum earum voluptatem officia sed modi. Magni commodi assumenda temporibus quia architecto repellat.','2024-03-06 19:53:45',1,'news',1,13,21,NULL,'2024-11-20 14:04:11','2024-11-20 14:04:11'),(130,'quia','quia','Aut tempora laborum velit dolor sint. Velit delectus recusandae fugit sed. In dignissimos iusto ipsa. Nobis placeat est delectus neque.\n\nEt quo eum et. Repellat quaerat exercitationem recusandae assumenda non quisquam. Esse asperiores asperiores consectetur possimus et quis ut.\n\nNesciunt quis tenetur dolores harum sed. Est dolorem voluptas dicta amet explicabo aut. Nulla debitis fugiat officiis excepturi sunt alias. Qui eaque sint mollitia mollitia voluptas unde.','2024-01-15 15:43:28',1,'news',0,13,21,NULL,'2024-11-20 14:04:11','2024-11-20 14:04:11'),(131,'id','id','Cupiditate cum quas fugit quibusdam nihil a. Molestiae adipisci ut enim vero ut voluptate. Laborum quisquam sunt eaque atque quam aut dolorem. Voluptatibus ducimus illum harum consequatur voluptates vitae.\n\nFugit eos dolores sequi tenetur. Nostrum facere sunt corrupti consequatur quo rerum.\n\nNam qui aliquid at quia deleniti accusantium deserunt. Quidem aliquid exercitationem iure debitis temporibus. Explicabo expedita dolor quo dolor beatae quasi consequatur. Omnis et sed accusantium.','2024-09-21 01:49:25',1,'news',0,14,14,NULL,'2024-11-20 14:04:11','2024-11-20 14:04:11'),(132,'at','at','Est laboriosam eaque fuga et magni ut provident. Expedita corporis non dignissimos error minima dolore dolore incidunt. Voluptas quam molestiae et facere mollitia possimus officiis eum.\n\nQuaerat placeat eum nulla est aut architecto. Velit odio a non autem ut sed. Et adipisci eligendi qui blanditiis laborum.\n\nOmnis perspiciatis ab ipsa tempore. Accusamus earum consequuntur dolore ipsa et. Eaque ipsam alias dignissimos odio dolore expedita.','2024-11-07 03:00:15',0,'news',1,14,14,NULL,'2024-11-20 14:04:11','2024-11-20 14:04:11'),(133,'minus','minus','Adipisci qui et laudantium nemo eum. Illo non voluptatibus rerum perspiciatis. Officia autem expedita nobis non libero ea laboriosam qui. Consectetur distinctio at facilis omnis alias sit.\n\nSunt in omnis quae quam natus veritatis omnis. Doloribus dicta voluptas voluptatem. Nam doloremque aut fugiat quis.\n\nVelit aliquid corporis omnis nam. Accusantium quam totam consequuntur iste fugit aspernatur perspiciatis.','2024-01-25 10:11:46',1,'news',0,14,14,NULL,'2024-11-20 14:04:11','2024-11-20 14:04:11'),(134,'voluptas','voluptas','Voluptatem voluptas sunt et enim. Ipsum cupiditate nemo aut quia quo quia. Dolores id rerum molestiae repellat temporibus quaerat sed. Ad aut atque et eos quia reprehenderit placeat quia.\n\nEt ipsam est nobis et ratione odio. Excepturi veritatis qui cumque laborum illo aspernatur eius. Sapiente ad dolores quia debitis quia necessitatibus.\n\nUt qui eos accusantium. Ullam cum quisquam vel eum. Omnis nihil inventore aut est et.','2024-06-26 19:04:24',1,'news',0,14,14,NULL,'2024-11-20 14:04:11','2024-11-20 14:04:11'),(135,'debitis-1','debitis-1','Aperiam quae ipsa nobis id mollitia id. Est porro minima placeat quia aut nihil sed maiores. Dolorum quia et magni impedit consectetur. Deleniti aut error et nihil quos rerum.\n\nPorro earum recusandae magni consequatur. Dolor facilis est iste ut nihil dolores natus. Dignissimos quo facilis corporis quidem consequuntur. Magnam est ut reiciendis et.\n\nRatione unde cupiditate vel expedita. Dolor natus laborum totam sed qui. Unde ipsam occaecati est. Nihil sed et optio et qui voluptas sed.','2024-06-22 16:06:40',0,'news',0,14,14,NULL,'2024-11-20 14:04:11','2024-11-20 14:04:11'),(136,'incidunt-1','incidunt-1','Ipsum a in vel omnis minima ullam enim. Porro dolorem velit quis reprehenderit quisquam sed ea. Quasi tempore iusto ipsum iusto. A accusantium quis non velit.\n\nTemporibus fuga dolore sit vel blanditiis porro. Commodi voluptatem quod dolore fuga esse.\n\nId quos suscipit est consequatur consequatur. Sit dignissimos natus commodi nesciunt aut.','2023-12-23 17:32:14',1,'news',0,14,14,NULL,'2024-11-20 14:04:11','2024-11-20 14:04:11'),(137,'aspernatur','aspernatur','Voluptates voluptatem tempore sed rerum. Et natus minus id tempora est qui incidunt. Architecto molestiae quibusdam dolores cumque. Quas mollitia commodi nam tempora aut voluptate suscipit dolor.\n\nId tenetur ad sequi vel. Aliquam ducimus est voluptas accusantium. Reiciendis recusandae aut quibusdam et itaque est. Quia quia officia sit sit quia at dolore.\n\nAsperiores fugit animi voluptatibus architecto. Odio eligendi exercitationem rerum delectus maxime voluptas veniam. Voluptas et omnis sit qui. Molestias sapiente quaerat et nulla non cupiditate.','2024-11-19 14:00:42',0,'news',0,14,14,NULL,'2024-11-20 14:04:11','2024-11-20 14:04:11'),(138,'repellendus-1','repellendus-1','Sunt et magni mollitia quis neque. Dolorum amet aut architecto veniam.\n\nDolor possimus dolorem temporibus qui ullam. Omnis molestiae eum officiis sed. Molestias animi laboriosam laudantium iste quae saepe. Sit illum officiis beatae sit.\n\nSimilique voluptas exercitationem quam odio qui. Et nemo perferendis at possimus ratione. Repellendus et fugiat at eos eaque perferendis. At quod atque vitae cupiditate voluptates impedit.','2024-01-15 05:42:23',1,'news',1,14,14,NULL,'2024-11-20 14:04:11','2024-11-20 14:04:11'),(139,'autem-1','autem-1','Qui hic voluptas saepe nam omnis accusantium et. Fuga et animi a. Quia maxime culpa neque voluptatem. Facere qui modi aut similique provident.\n\nError expedita consequuntur et quia consequuntur reprehenderit. Perferendis pariatur est id doloremque molestiae. Tenetur aut consequatur ad sint et est quis.\n\nUt minus in est aspernatur nisi maiores. Vitae ea molestiae et rerum excepturi modi eligendi. Aliquid libero necessitatibus rem nihil sit. Dolor totam libero aut nam.','2024-07-24 03:52:08',0,'news',1,14,14,NULL,'2024-11-20 14:04:11','2024-11-20 14:04:11'),(140,'delectus-1','delectus-1','Est totam nihil excepturi hic ab et. Commodi minima hic laborum quod eligendi reiciendis. Minus eos enim et reiciendis odit est. Accusamus aut assumenda et.\n\nEt a nisi neque voluptate. Maiores neque qui est enim quis voluptates ab.\n\nEx aperiam deleniti et numquam molestiae. Et eaque aut ducimus pariatur ad.','2024-09-02 05:53:16',1,'news',1,14,14,NULL,'2024-11-20 14:04:11','2024-11-20 14:04:11'),(141,'et-6','et-6','Consequatur dolores quod non qui possimus est sit. Quam quibusdam ipsum perferendis aut sed eos corporis. Harum odit sunt iusto esse consequatur.\n\nModi ducimus sed est odio sint accusantium. Facere a tenetur quisquam. Tempora ut enim ullam et.\n\nTemporibus at iste est sint. Quia facilis ad reiciendis dolorum. Possimus ut porro necessitatibus tenetur accusantium saepe. Reiciendis et officia quam ut aliquam tempore maiores.','2023-12-31 08:02:53',0,'news',1,15,14,NULL,'2024-11-20 14:04:12','2024-11-20 14:04:12'),(142,'ut-4','ut-4','Facere natus sed in vel voluptates. Optio neque voluptatibus ex nihil et vel deserunt.\n\nQuia dicta voluptate omnis veniam deleniti. Vel praesentium minus quis rem voluptatem. Natus atque corporis at assumenda eligendi occaecati. Qui fuga magnam magni et quia inventore aut.\n\nRepellat non iste dolore soluta sapiente. Incidunt quasi quia ipsa qui veniam corrupti ratione. Officia voluptatem adipisci laborum corrupti quis est. Temporibus id ipsa excepturi eos sint itaque velit.','2024-05-12 02:48:52',0,'news',0,15,14,NULL,'2024-11-20 14:04:12','2024-11-20 14:04:12'),(143,'ab','ab','Consequuntur nulla ad officiis natus. Provident laboriosam natus accusamus ad magnam expedita molestias. Quo non molestiae error quidem et.\n\nEa deserunt eos rerum totam. Suscipit exercitationem eum minima. Quia est est eos eum et.\n\nSed non illum repudiandae. Molestiae est quas nam voluptatem est modi in in. Voluptatum aut rerum beatae ratione consectetur.','2024-09-12 18:48:44',0,'news',0,15,14,NULL,'2024-11-20 14:04:12','2024-11-20 14:04:12'),(144,'doloribus','doloribus','Facilis doloribus expedita perspiciatis delectus. In iure necessitatibus maiores dolore tempore omnis eaque. Quas est aspernatur ea ut.\n\nIpsam placeat alias debitis sed. Et quaerat mollitia incidunt voluptate illo earum omnis. Velit rerum distinctio minus unde quo esse voluptatem dolor. Et ut qui et sit eos.\n\nAut tempora doloremque omnis sint dolores ratione quis. Voluptas voluptatum totam possimus porro numquam dolorum et. Eveniet repudiandae eius deleniti ut repellat sequi. Eum excepturi hic est doloremque veniam odit cumque aut.','2024-09-12 09:42:55',1,'news',0,15,14,NULL,'2024-11-20 14:04:12','2024-11-20 14:04:12'),(145,'ut-5','ut-5','Expedita totam qui earum assumenda iure iusto sunt. Exercitationem illo aut non qui. Quo voluptas voluptatem aut aperiam esse.\n\nVero sed est unde ut consequatur vel eius quae. Maxime inventore quia rerum rerum. Dicta ipsum aut vero quaerat maiores aperiam tempora assumenda. Et quis ab optio quo veniam distinctio quia.\n\nRem vitae quia totam adipisci. Odit ut odit vel deserunt ullam praesentium accusantium. Esse voluptatem excepturi ut et consequatur.','2024-11-09 12:58:07',1,'news',1,15,14,NULL,'2024-11-20 14:04:12','2024-11-20 14:04:12'),(146,'fugiat','fugiat','Odio qui voluptatibus et unde similique. Et iste pariatur rerum delectus. Nemo sit ut illo quis consequatur eos nihil.\n\nUt deleniti aut commodi illum. Enim quis voluptatem commodi et qui nobis. Rerum consequuntur ea et veritatis.\n\nSint quia labore est voluptates et asperiores ea et. Pariatur consequatur perferendis quod in unde veritatis a. Laboriosam harum aperiam accusamus vel. Fugiat quia enim sint neque sed consequuntur.','2024-10-19 13:13:09',0,'news',1,15,14,NULL,'2024-11-20 14:04:12','2024-11-20 14:04:12'),(147,'reprehenderit','reprehenderit','Sint veritatis animi accusantium asperiores. Voluptates et culpa reprehenderit reiciendis voluptas delectus maxime omnis. Numquam maxime est ducimus vel asperiores cum temporibus sint. Dolore laboriosam delectus ex modi.\n\nModi voluptatibus voluptatem dignissimos. Eaque repellat nobis sint. Iste quisquam magni sint deserunt. Et voluptate omnis id eum impedit. Ipsam omnis iusto eos quisquam architecto.\n\nEt nulla natus quas voluptas non praesentium. Consequatur minus et doloribus culpa quia. Est quam voluptatem aspernatur iste sequi.','2023-12-15 02:35:50',0,'news',0,15,14,NULL,'2024-11-20 14:04:12','2024-11-20 14:04:12'),(148,'aliquam','aliquam','Adipisci hic ipsum magnam quae qui sunt nostrum dolorem. Ea error voluptas maiores veniam voluptatem reprehenderit. Autem eius neque earum.\n\nIusto velit nostrum fugit ea maiores. Enim hic sed omnis harum molestiae corporis laboriosam. Eligendi nihil vero voluptatem perferendis dolores.\n\nFugit odit quos ipsum et unde sed odit. Dolor laborum facere eum deleniti. Voluptas quod ut cumque temporibus et praesentium.','2024-06-25 08:07:36',1,'news',1,15,14,NULL,'2024-11-20 14:04:12','2024-11-20 14:04:12'),(149,'rerum-2','rerum-2','Recusandae explicabo sed voluptas soluta dolorem quaerat et. Expedita distinctio voluptate asperiores debitis. Architecto cupiditate quia sed laborum.\n\nUt eligendi quia facere consequatur voluptates qui. Id reprehenderit velit veniam sed. Et est ut natus error neque incidunt. Voluptatibus quas voluptates pariatur eaque nulla necessitatibus.\n\nEt eveniet facere vel modi cupiditate. Et voluptatem aliquid et harum. Debitis provident voluptatem totam molestiae neque eius veniam.','2023-12-06 22:22:57',1,'news',1,15,14,NULL,'2024-11-20 14:04:12','2024-11-20 14:04:12'),(150,'accusamus','accusamus','Voluptas autem inventore ipsa cupiditate. Necessitatibus quisquam sequi et autem. Magni ad qui repellat rerum eaque. Occaecati blanditiis voluptatem in quaerat ut.\n\nRem hic assumenda dolorum. Ullam inventore soluta alias eum porro qui accusamus blanditiis. Illo blanditiis et ullam. Quibusdam minima dolores fugit dolorem quis nesciunt nostrum blanditiis. Nulla vel quasi consequatur ex eos mollitia.\n\nSunt magni veritatis veniam ab nemo necessitatibus voluptatum. Sint sed repudiandae sed sequi culpa consequuntur. Alias quidem sapiente officiis ab placeat.','2024-09-02 11:36:56',0,'news',1,15,14,NULL,'2024-11-20 14:04:12','2024-11-20 14:04:12'),(151,'eos-1','eos-1','Quo eligendi rerum vel sit rem qui. Laborum debitis enim sapiente maxime. Eos dolorem inventore necessitatibus. Sapiente voluptas eveniet excepturi praesentium. Vel aut voluptas reiciendis delectus.\n\nDoloremque praesentium rerum ut rem. Architecto soluta mollitia repellat ex et facere et. Ullam nostrum debitis nemo culpa fugiat.\n\nCorporis consequatur adipisci animi architecto. Doloremque aut nobis deserunt odio. Aut voluptate soluta magnam et voluptatum hic. Eos qui placeat velit aut aut voluptatibus explicabo veniam. Alias et aut sed vitae.','2023-12-09 07:53:50',0,'news',1,16,13,NULL,'2024-11-20 14:04:12','2024-11-20 14:04:12'),(152,'saepe-1','saepe-1','Sed ullam consequatur qui perspiciatis. Odit enim quam voluptatem quod sunt. Cumque saepe modi maxime. Similique quidem fugiat dicta quam suscipit unde recusandae.\n\nIn quisquam sed blanditiis cum. Voluptatem culpa sint eius sed deserunt facilis totam. Et natus et porro est aliquam voluptatem. Velit molestias sit quod consequatur.\n\nConsequatur ut sit nihil aut officia in. Vel sint corrupti quisquam at quia consectetur et quasi. Est excepturi pariatur facilis dolorem nostrum. Nemo nulla et qui repellat.','2024-07-26 17:49:05',1,'news',1,16,13,NULL,'2024-11-20 14:04:12','2024-11-20 14:04:12'),(153,'in','in','Dolorem ipsam et voluptas vero. Placeat voluptas labore repellat nihil temporibus rem facilis.\n\nSit libero qui rem expedita iure minus. Hic minus dolorem beatae voluptatum ut cumque. Culpa quis qui dolorum harum.\n\nQuod voluptas totam distinctio rem error quia sed. Aliquam quia voluptatum nesciunt. Quam quis eveniet non.','2024-06-12 18:15:40',1,'news',0,16,13,NULL,'2024-11-20 14:04:12','2024-11-20 14:04:12'),(154,'unde','unde','Corrupti sint sunt ex voluptas asperiores dicta. Ut quia voluptas aspernatur sequi nisi et aut. Ipsa quo qui et vitae a.\n\nPorro sint debitis occaecati ut. Qui deserunt ipsam laboriosam consequatur omnis totam. Aliquam aut recusandae qui doloribus aut autem. Voluptas suscipit suscipit mollitia qui porro neque.\n\nQui est ducimus quidem dolores minus laudantium id. Non quisquam ut similique sed beatae impedit voluptatem. Ipsum nisi labore eveniet aut quod voluptas cum. Sit aut fugiat aut. Harum error non sunt modi quaerat.','2024-06-29 08:55:17',0,'news',1,16,13,NULL,'2024-11-20 14:04:12','2024-11-20 14:04:12'),(155,'ut-6','ut-6','Ullam similique veritatis saepe cupiditate asperiores soluta ea. Rerum numquam voluptatum eos sit sint est. Praesentium ratione deleniti repudiandae.\n\nEum soluta nihil illum amet est. Reprehenderit aut aut quia animi consequatur dolorum error. Quo non ut illum sed. Ex tenetur sunt temporibus eveniet inventore.\n\nAut quia quo labore quia autem possimus. Atque sit repudiandae deleniti corporis. Quasi quae numquam repellat fugiat. Alias quam eveniet incidunt autem suscipit.','2024-07-15 12:52:37',1,'news',1,16,13,NULL,'2024-11-20 14:04:12','2024-11-20 14:04:12'),(156,'quidem','quidem','Animi repellat a nulla quis velit. Explicabo eveniet dolorem autem. Nulla optio maxime est in nam repudiandae cupiditate. Dolores aspernatur neque velit dolores molestiae sed ipsa natus.\n\nEst sed facere dolorum libero commodi. Eum voluptatem libero perspiciatis veritatis tenetur aut.\n\nEos aut molestiae aut qui quas. Dolor temporibus et voluptatem quo repudiandae. Consequatur a doloremque fugit cupiditate exercitationem. Veritatis ut aliquid molestias.','2024-09-01 12:44:03',1,'news',1,16,13,NULL,'2024-11-20 14:04:12','2024-11-20 14:04:12'),(157,'unde-1','unde-1','Est alias vel sint quaerat qui. Repellendus suscipit corporis consequatur fuga animi impedit. Aliquid illum soluta vero sint quia totam autem. Ut odio eveniet natus molestias rerum rerum nisi ad.\n\nEa sapiente et aut. Molestias optio debitis velit omnis fugiat rerum et. Voluptatem illo molestias sit temporibus et. Sunt velit et aperiam unde cum id et.\n\nDolorem rerum non impedit enim esse quidem accusamus. Distinctio totam harum recusandae aut minima. Incidunt maxime velit consequatur sint quo omnis cum.','2023-12-05 00:03:06',0,'news',0,16,13,NULL,'2024-11-20 14:04:12','2024-11-20 14:04:12'),(158,'repellendus-2','repellendus-2','Beatae porro reprehenderit suscipit explicabo iure. Laborum fugit rerum libero quae dolorem omnis et cumque. Vero adipisci dolorem voluptas voluptate libero provident non.\n\nEum iusto autem dolor explicabo est atque et. Deserunt eos velit quo quia in maiores. Et tenetur enim aliquam ut ducimus sit.\n\nBeatae ipsa ad accusamus exercitationem totam nesciunt fugiat. Aliquid eveniet sit ut. Unde et ut dolores ut qui sed. Rem consequuntur voluptate dolores atque. Blanditiis fugit et vel quia repudiandae possimus et.','2024-07-28 00:01:24',1,'news',0,16,13,NULL,'2024-11-20 14:04:12','2024-11-20 14:04:12'),(159,'reiciendis','reiciendis','Autem voluptatem temporibus fuga ut impedit. Quasi iste iusto quaerat optio hic.\n\nAliquam praesentium magnam rerum officiis. Rerum dignissimos voluptatem inventore quidem vero consectetur. Adipisci dolorum aut ab aut tempore.\n\nEt quaerat ratione odio eligendi est nobis. Repudiandae qui enim in quia. Vel minima iste consectetur non nulla. Rerum voluptas vero dolorem nam dolorem.','2024-05-16 22:35:26',1,'news',0,16,13,NULL,'2024-11-20 14:04:12','2024-11-20 14:04:12'),(160,'est-3','est-3','Maiores ab nihil alias fuga et. Illum explicabo repellendus et quia libero excepturi consequatur. Libero molestiae consectetur blanditiis possimus. Est saepe voluptatem facilis distinctio repellat.\n\nSint non commodi aperiam doloremque illo. Libero ratione vitae aperiam fugiat sint modi itaque. Dolorum nulla recusandae quo aliquam ut modi.\n\nIpsa autem et voluptatem eum ut sunt reiciendis. Laudantium et omnis dolor est quam sit. Excepturi occaecati rem veritatis illum sequi sed tempora. Nihil consequatur asperiores quo eligendi ratione.','2023-11-21 18:52:32',0,'news',1,16,13,NULL,'2024-11-20 14:04:12','2024-11-20 14:04:12'),(161,'eligendi-2','eligendi-2','Quidem ut dolore quasi aut deserunt consequatur. Eaque voluptatem quisquam reiciendis facere consequatur porro alias. Quas quae eligendi minus nemo. Ut quos incidunt voluptates ullam labore fuga minima.\n\nCulpa est non hic nulla fugiat. Nobis aut mollitia non aut assumenda corporis. Nobis fuga quia sint et ex.\n\nNatus sed deleniti adipisci reprehenderit reiciendis soluta recusandae. Magnam eos voluptates laboriosam reiciendis maiores quae eos.','2023-12-15 17:46:03',0,'news',1,17,20,NULL,'2024-11-20 14:04:13','2024-11-20 14:04:13'),(162,'perspiciatis','perspiciatis','Est ea numquam vitae ad culpa enim ab distinctio. Inventore soluta alias quam est. Hic rerum explicabo molestiae fugit. Est doloremque voluptas aut perspiciatis.\n\nQuasi earum incidunt rem vitae. A at beatae quo sunt omnis sequi. Aut repudiandae aut reiciendis optio ad.\n\nDucimus perspiciatis praesentium placeat voluptatem. Sunt quod impedit sed voluptatibus voluptatem. Et repellendus deserunt rerum iste eos laborum laborum. Doloribus id deserunt inventore perferendis fugiat. Repellat unde voluptates dolor totam nisi quod.','2024-04-12 07:31:07',1,'news',0,17,20,NULL,'2024-11-20 14:04:13','2024-11-20 14:04:13'),(163,'voluptates-2','voluptates-2','Quia quas consequatur ea ea. Alias eos mollitia expedita rerum. Fugiat repellat aut quia adipisci.\n\nAutem assumenda non et voluptatem commodi. Quis delectus unde consequatur blanditiis. Perspiciatis qui corporis vero necessitatibus aut et.\n\nMaiores et ad corporis laboriosam et corporis. Ut velit expedita dolor. Neque ut sed perspiciatis ea quia a est.','2024-03-28 23:13:47',1,'news',0,17,20,NULL,'2024-11-20 14:04:13','2024-11-20 14:04:13'),(164,'ea-1','ea-1','Est sint inventore ratione eos omnis laboriosam commodi. Aspernatur et consectetur est qui quaerat. Nisi hic ut et minima officiis dolorem aliquam voluptates.\n\nOptio autem modi natus est. Et amet voluptatem non. Aut nesciunt rem ipsum esse. Reprehenderit quia voluptate consequatur.\n\nEt sed laborum qui nostrum porro. Delectus doloribus optio quasi et molestias itaque. Qui assumenda incidunt aliquam hic eaque aperiam.','2024-07-13 01:17:45',0,'news',0,17,20,NULL,'2024-11-20 14:04:13','2024-11-20 14:04:13'),(165,'atque','atque','Quia omnis est doloremque sed nulla ut. Neque est doloremque nesciunt consequatur quisquam deserunt. Rem aliquid facilis officia consectetur et excepturi. Ut sed dolorem tempora totam.\n\nAsperiores sunt est quae et qui maxime. Ab occaecati sint accusantium assumenda ipsa ad voluptates. Iure quo consequatur quaerat et omnis sint nostrum. Consectetur atque exercitationem velit ut sit.\n\nEarum fuga asperiores vel suscipit. Id et natus debitis laborum magnam. Voluptas eius necessitatibus maiores est.','2024-05-01 11:03:14',0,'news',1,17,20,NULL,'2024-11-20 14:04:13','2024-11-20 14:04:13'),(166,'animi','animi','Perspiciatis explicabo et blanditiis qui nemo nisi. Neque voluptatum harum illo et nesciunt velit ea. Esse praesentium in ratione enim odit. Aliquam culpa qui voluptate reiciendis soluta. Et et voluptate fugit est et esse aliquam.\n\nOccaecati placeat alias animi repudiandae. Vitae doloribus ipsum et. Est magnam voluptatum impedit ullam iure omnis impedit.\n\nCum quidem error ea aliquam. Nobis similique voluptatum quasi laborum quasi recusandae aut ut. Qui rem praesentium eaque ab ea voluptatibus.','2024-09-07 00:34:21',1,'news',1,17,20,NULL,'2024-11-20 14:04:13','2024-11-20 14:04:13'),(167,'neque','neque','Aut quasi ipsum omnis quis distinctio officiis. Dolorem consequatur expedita enim ut quisquam voluptas. Expedita eum consequuntur tempore velit amet.\n\nEligendi mollitia praesentium sint tempora. Eligendi quas dolores sint ut blanditiis. Molestias ratione odit voluptatem.\n\nAutem reiciendis qui eaque nobis minima. Molestiae ea aliquid modi. Esse ducimus ut eum rem dolor.','2024-03-21 16:11:56',1,'news',0,17,20,NULL,'2024-11-20 14:04:13','2024-11-20 14:04:13'),(168,'excepturi','excepturi','Numquam maiores tempora maxime ipsam tempore. Facilis ratione non alias sunt in rerum.\n\nOptio ab ut recusandae est. Perferendis magni est aut fugiat. Repellendus blanditiis consequatur quis ipsa. Sint praesentium aliquam quod ullam. Necessitatibus non omnis assumenda debitis sequi quo.\n\nQuo dolorem modi soluta et harum eveniet. Suscipit quae ut eum illum. Aut incidunt et quis quibusdam pariatur occaecati temporibus excepturi.','2024-10-23 11:10:58',1,'news',0,17,20,NULL,'2024-11-20 14:04:13','2024-11-20 14:04:13'),(169,'nihil','nihil','Nihil soluta aperiam labore ipsum quis ipsum dolorem. Rerum quia reprehenderit iusto non est necessitatibus ex. Tempore ullam enim deleniti aut accusantium at. Eius voluptas culpa cum nihil dolor esse consequatur.\n\nEt et id repellendus et nobis. Et cupiditate deserunt perspiciatis totam. Sit ea accusantium similique delectus harum aliquid eveniet. Corrupti est iste aperiam est alias totam voluptas error. Maxime rerum est tempore ullam.\n\nExplicabo dolorum exercitationem voluptas ad ut. Officia molestiae accusamus eveniet sint sapiente omnis quia nulla. Mollitia magnam sunt aliquid voluptas.','2023-12-14 03:13:25',1,'news',0,17,20,NULL,'2024-11-20 14:04:13','2024-11-20 14:04:13'),(170,'aut-3','aut-3','Est voluptas repudiandae dolor consequatur natus vel id rem. Magni ab iste quidem qui. Atque blanditiis et est id animi neque. Iusto voluptatem debitis modi consequatur voluptatibus. Rerum dolore tenetur beatae voluptas perspiciatis reprehenderit.\n\nTempora nihil neque delectus minus ut nostrum. Ex animi laudantium sint fugiat quis. Et qui pariatur voluptas.\n\nDolores iste officiis illum aut. Quo aspernatur nulla modi omnis nam officia dolor. Quasi distinctio cumque veritatis eveniet.','2024-04-19 08:31:34',0,'news',0,17,20,NULL,'2024-11-20 14:04:13','2024-11-20 14:04:13'),(171,'ullam','ullam','Vitae qui explicabo rerum eum adipisci totam. Dignissimos dolor labore ex excepturi blanditiis quisquam dolorem. Necessitatibus ipsam sunt consequatur cupiditate doloremque.\n\nVero sint itaque magni ut tempore voluptatibus aut. Quia omnis quia iusto quaerat qui sunt. Voluptatibus incidunt pariatur error tempora nihil dolores.\n\nRerum inventore velit ea deleniti. Odit excepturi rerum totam occaecati. Quas et et assumenda. Magnam ea est ratione est sit.','2024-01-17 04:26:15',0,'news',1,18,21,NULL,'2024-11-20 14:04:13','2024-11-20 14:04:13'),(172,'fugit-1','fugit-1','Nostrum aspernatur nesciunt quod blanditiis qui dolorem blanditiis. Odio ut aut quia. Distinctio et error repellat eos vel.\n\nVoluptates quia unde et voluptatem. Eum vitae cumque harum qui aliquid. Itaque provident illum temporibus harum nam praesentium. Error adipisci iusto consequatur. Ipsum ut et incidunt ad amet eaque ea.\n\nVero rem et unde natus suscipit aut rerum. Et dolorem molestiae earum maiores eum corporis aut. Ea eos enim et. Eum tempore odio necessitatibus quia quia quidem similique.','2024-03-15 15:34:01',1,'news',0,18,21,NULL,'2024-11-20 14:04:13','2024-11-20 14:04:13'),(173,'odio-2','odio-2','Voluptas ut repellendus corrupti itaque quo corrupti sapiente. Id sunt nobis ut. Nihil vero sed dolorum deserunt. Repudiandae maxime voluptatum accusantium sint reiciendis sed culpa non.\n\nLaboriosam quae fugit placeat consequatur corrupti eveniet. Aut omnis delectus quia. Nobis reiciendis repudiandae quis mollitia nulla a blanditiis.\n\nLaborum eos dolorum qui laboriosam soluta esse culpa. Non dolorum tempora et quibusdam officia minus odit. Accusamus illum maiores ut ad qui placeat similique ut. Temporibus quidem modi minus architecto inventore.','2024-10-23 08:22:51',1,'news',1,18,21,NULL,'2024-11-20 14:04:13','2024-11-20 14:04:13'),(174,'voluptatem','voluptatem','Ea repellat dolores dolores quo qui asperiores aperiam. Consectetur et sed quo vel eaque earum reiciendis. Magnam debitis sed error. Distinctio reiciendis possimus sunt libero consequatur omnis sint doloremque.\n\nHic earum magni nobis qui quidem. Repudiandae maxime sequi iure nihil est. Libero est rerum nulla ex aspernatur officiis. Molestiae officiis odio est quia.\n\nVoluptatum iste asperiores repellat repudiandae aut aspernatur numquam. Vel distinctio quod nihil sunt debitis velit. Architecto voluptatum est consequuntur praesentium eveniet. Porro ut atque nam eum voluptates incidunt modi est.','2023-12-20 07:22:09',0,'news',0,18,21,NULL,'2024-11-20 14:04:13','2024-11-20 14:04:13'),(175,'quia-1','quia-1','Dolorem nesciunt consectetur qui blanditiis non repellat. Quia similique excepturi provident dolores beatae iure. Reprehenderit eveniet quod quibusdam.\n\nAtque sint facere fugit numquam ut eligendi id. Ullam at dolorem fugiat magni. Est eum ducimus alias.\n\nSuscipit molestiae quas porro reiciendis aut aliquid maxime. Esse eum cupiditate qui consequatur. Qui alias facilis eius in alias. Quia reiciendis deleniti velit eos dolor.','2024-04-18 00:02:33',1,'news',0,18,21,NULL,'2024-11-20 14:04:13','2024-11-20 14:04:13'),(176,'quam-2','quam-2','Non ut sint quaerat. Dolores excepturi nobis id corporis a labore dolorem. Magnam qui possimus voluptas expedita excepturi qui.\n\nConsequatur fugiat eligendi ex nihil assumenda ratione aliquam eos. Odio saepe et nam voluptate nobis est. Distinctio eum id omnis aliquid quo. Deserunt veritatis eaque ut quaerat.\n\nEt nostrum doloremque et. Tempora eligendi corporis ut suscipit quod recusandae molestiae dolorum. Et cupiditate est sunt non et.','2023-11-21 00:59:41',0,'news',1,18,21,NULL,'2024-11-20 14:04:13','2024-11-20 14:04:13'),(177,'delectus-2','delectus-2','Dolores pariatur aut ullam exercitationem dolor. Rem et nulla et molestiae quaerat beatae. Temporibus qui voluptatibus necessitatibus doloribus consequatur dignissimos.\n\nDoloremque non sed eveniet ea ut. Et vitae expedita voluptatem quisquam. Et culpa est sint sit consequatur voluptatibus. Non est harum voluptatibus voluptas sed nihil quod animi.\n\nCorporis incidunt voluptatem animi aut velit assumenda repudiandae. Voluptatum qui et exercitationem molestiae. Quos et molestiae aut quia rem. Officia et soluta tempora doloremque veritatis id.','2024-09-30 11:29:55',0,'news',0,18,21,NULL,'2024-11-20 14:04:13','2024-11-20 14:04:13'),(178,'sapiente-1','sapiente-1','Ut eligendi veritatis ullam modi doloribus ut deleniti. Voluptate autem qui reprehenderit hic alias vel. Architecto et illo sed aut nulla. Ratione facere totam debitis qui sapiente. Eveniet cumque reprehenderit iusto.\n\nAutem et et labore tempore totam eum. Iusto et dolores amet temporibus iusto qui. Et ut soluta eum.\n\nA voluptate pariatur ut repellendus ut. Rerum quisquam ullam consequatur est dolore.','2024-08-04 15:04:01',0,'news',1,18,21,NULL,'2024-11-20 14:04:13','2024-11-20 14:04:13'),(179,'laborum','laborum','Odit nulla laboriosam recusandae libero. Qui perferendis exercitationem magni corrupti. Molestias aut dolorum sunt laboriosam fugit quam est. Sapiente quas possimus aliquid pariatur corrupti fugit.\n\nEst natus vel omnis voluptas. Ut dolores culpa sit maiores harum voluptatem distinctio tenetur. Adipisci odio sed quos sed ut iusto.\n\nIste dolores et veniam alias vel. Est non est praesentium nisi doloribus quisquam doloremque. Cumque consequatur error possimus debitis quo. Hic aut aut est qui neque.','2024-02-16 13:45:24',0,'news',0,18,21,NULL,'2024-11-20 14:04:13','2024-11-20 14:04:13'),(180,'enim-1','enim-1','Tempora doloribus quia autem aliquid asperiores. Quasi eius tenetur non amet voluptatum molestias. Cupiditate ut dolores aut ea. Architecto dolorum ullam maxime cum rerum.\n\nDolorem in sunt eaque et magnam. Repudiandae officia modi excepturi aut. Ut ut ut eveniet veritatis dolor id. Aut qui est maxime sapiente omnis fugit aperiam voluptate.\n\nMaiores itaque nisi excepturi et et est. Voluptatum aut quia neque. Quis modi porro fugiat ad perspiciatis.','2024-01-19 02:50:18',1,'news',1,18,21,NULL,'2024-11-20 14:04:13','2024-11-20 14:04:13'),(181,'deleniti','deleniti','Error et modi cupiditate et explicabo sit. Aliquam odio repudiandae sit. Fugit ut sed laboriosam nostrum fugit.\n\nIure error ipsa et molestias voluptate nam provident. Sed in molestias sunt sit. Et culpa nihil ratione distinctio veniam occaecati.\n\nExplicabo molestias aliquam libero sit sit cum dolore. Aut voluptatem ipsam at ea consectetur velit vero neque. Quia ipsum ad id sapiente consequatur.','2023-12-13 01:30:09',0,'news',0,21,14,NULL,'2024-11-20 14:04:14','2024-11-20 14:04:14'),(182,'officia','officia','Officiis ut beatae hic aliquam. Aut dignissimos est repellendus. Quibusdam est et perspiciatis similique dolorem porro ut.\n\nQui quae accusamus atque esse eius beatae adipisci. Dolorem tempora a inventore veritatis totam fugiat. Consequatur facilis fugiat ut at minima quia vel quaerat. Ab aut eligendi quibusdam.\n\nTemporibus est laborum tempore minima aperiam magnam. Aut illum pariatur ut facere ut qui id. Ut qui odio itaque ea. Sunt rerum distinctio illo eum reprehenderit ut iusto libero.','2024-02-26 15:54:58',0,'news',1,21,14,NULL,'2024-11-20 14:04:14','2024-11-20 14:04:14'),(183,'atque-1','atque-1','Vel expedita porro provident. Earum iure eius placeat error. Dolores id nemo perspiciatis quibusdam facere. Natus facere modi et sit ipsum nostrum.\n\nReprehenderit nobis odit vitae sit unde quae in. Asperiores deleniti non a consequatur in. Unde quo dignissimos sint vel et. Temporibus mollitia voluptatum aliquid eum provident molestiae.\n\nDolores reiciendis nobis sint et. Tenetur dicta velit consequatur non.','2024-02-17 01:54:00',0,'news',1,21,14,NULL,'2024-11-20 14:04:14','2024-11-20 14:04:14'),(184,'dolore-1','dolore-1','Ut excepturi aspernatur libero esse. Distinctio omnis omnis dolorem atque. Quo ipsa enim voluptatem minima facilis vel optio. Possimus quia voluptas quia enim amet tempore.\n\nSed quibusdam rerum commodi maiores ut voluptatem vel. A quo cumque ut quia dolorem cumque. Delectus eum unde porro et. Rerum quas molestiae veniam quaerat dignissimos.\n\nTotam rerum dolor et voluptatem doloribus reprehenderit aut in. Veniam ex nulla eius natus eius sapiente. Aut quia rerum omnis voluptas maxime et. Atque est nostrum ea qui esse molestiae.','2024-04-09 03:24:07',1,'news',1,21,14,NULL,'2024-11-20 14:04:14','2024-11-20 14:04:14'),(185,'et-7','et-7','Quam vitae iure qui molestiae similique. Aut omnis velit deleniti hic eos nam temporibus. Beatae dolores et eveniet voluptate quasi qui molestiae. Consequatur doloribus quis est dolorem quis dolor itaque.\n\nSuscipit sint est sit architecto beatae eos. Architecto natus id vel tempora reiciendis. Ad earum quam deleniti tempora quo hic enim. Molestiae ut delectus numquam ut.\n\nFacilis culpa aut labore doloribus. Praesentium eum inventore pariatur.','2024-03-03 10:35:37',1,'news',0,21,14,NULL,'2024-11-20 14:04:14','2024-11-20 14:04:14'),(186,'dolorum-1','dolorum-1','Quaerat ab explicabo nostrum veritatis delectus voluptatem et recusandae. Modi et aut ea fugiat enim qui. Dolorem ut odit dolor numquam. Harum consequatur enim officia est delectus voluptatibus sed.\n\nSit qui necessitatibus voluptatem in explicabo eaque eveniet. Officia illo voluptatem atque nemo fuga dolores. Similique a quisquam voluptatum est voluptatem.\n\nPorro repellendus id tempora veniam exercitationem assumenda perferendis suscipit. Magni commodi dolores aperiam et. Repellat voluptatem et fugit quo eos impedit dolor. Placeat qui ut soluta ipsa.','2024-10-18 15:45:23',1,'news',0,21,14,NULL,'2024-11-20 14:04:14','2024-11-20 14:04:14'),(187,'eum-1','eum-1','Maxime et facilis quia ea aliquid. Non nisi ullam soluta minima nihil rerum vel velit. Totam adipisci facere eaque.\n\nReprehenderit officiis occaecati autem sint nihil nostrum. Sequi quia explicabo maiores. Minima voluptatem eius velit.\n\nArchitecto cupiditate optio ullam vel ab quae incidunt. Et neque debitis nisi. Aliquam et cum nemo nesciunt doloremque perspiciatis nulla.','2024-01-17 11:08:45',1,'news',1,21,14,NULL,'2024-11-20 14:04:14','2024-11-20 14:04:14'),(188,'commodi','commodi','Ducimus ut est enim et exercitationem. Sapiente sint consequatur id in. Occaecati repellat officiis aliquam nam expedita officia praesentium ut. Qui veniam assumenda cum dignissimos est ut vel.\n\nReprehenderit impedit rerum eius eum natus qui. Autem sequi perspiciatis dolor consectetur porro quaerat quos ducimus. Voluptas eum ratione explicabo et officiis. Quae vel et aspernatur ipsum id autem. Cumque repellat possimus unde.\n\nMagni consequuntur repellat et adipisci veniam. A iste et vero. Quasi facilis quod dolores est sequi. Tempora assumenda eum nostrum molestiae quo autem.','2024-02-25 03:29:59',1,'news',0,21,14,NULL,'2024-11-20 14:04:14','2024-11-20 14:04:14'),(189,'repudiandae','repudiandae','Et est natus officiis hic soluta quis. In perferendis quo aut dolorum consequatur totam. Error natus tempora voluptatem praesentium. Ut sint magni voluptatem laudantium nam totam rerum. Nam qui nostrum placeat magnam rerum blanditiis.\n\nOptio perferendis voluptatem exercitationem optio qui eum omnis rerum. Dolorum et laborum et eaque optio quis dolorem. Itaque deserunt sapiente maiores asperiores ut aliquid inventore quia. Et distinctio consectetur officia eos quae repudiandae quia.\n\nAperiam voluptatibus enim aut magnam aperiam fugit. Dicta voluptatum nisi minima placeat eum vero ratione. Numquam saepe ut soluta est aut amet in.','2024-07-24 05:53:21',0,'news',0,21,14,NULL,'2024-11-20 14:04:14','2024-11-20 14:04:14'),(190,'soluta','soluta','Ut quia molestias autem nostrum cumque enim. Velit nesciunt quod ab aut et adipisci. Nulla qui ad quia quia libero nihil est qui. Aspernatur autem accusantium eveniet sunt.\n\nQui odio facere dolorem. Ipsam consequatur ab assumenda esse minus illum consequuntur. Eveniet voluptatem veritatis et qui autem exercitationem. Eos aut enim est quaerat nemo.\n\nAt et nam autem voluptatem incidunt repudiandae. Eligendi ratione doloribus in recusandae optio aut. Natus et sequi hic illo eveniet provident fugiat ex. Minima optio porro atque dolor.','2024-02-23 09:16:32',1,'news',0,21,14,NULL,'2024-11-20 14:04:14','2024-11-20 14:04:14'),(191,'minima-1','minima-1','Animi enim amet nulla aperiam aperiam itaque impedit. Qui aut odit ipsam aperiam. Velit harum voluptatum ut molestiae. Ducimus consequatur vel perferendis et similique a. Tempore quas repellat maiores perferendis.\n\nQuos exercitationem iure et occaecati omnis placeat. Debitis quis voluptatem nobis deserunt unde quia. Quia est esse dolores qui et vero. Vero optio omnis totam eligendi iusto sed quibusdam.\n\nEt ipsam eos eveniet sint repellendus alias. Labore deleniti vitae consequatur omnis aut ullam rem. Quia ipsum voluptatem aspernatur.','2024-05-11 20:58:26',0,'news',0,23,20,NULL,'2024-11-20 14:04:14','2024-11-20 14:04:14'),(192,'cupiditate-1','cupiditate-1','Quasi quibusdam necessitatibus illum. Nostrum tempora non sed et ut repudiandae. Voluptatum molestias quos ut quod ut inventore. Dolor nisi animi voluptatum ex est eligendi commodi. Aut voluptatem laborum est aut est perferendis.\n\nEt exercitationem neque nemo sed in. Nihil sunt dolore cum rem. In repudiandae magni quos doloribus. Et reiciendis qui sed dolor. Asperiores reprehenderit cum non qui sit excepturi.\n\nHic quae temporibus illo aperiam non. Ut sint mollitia voluptatem voluptas rem.','2024-07-08 22:17:00',0,'news',0,23,20,NULL,'2024-11-20 14:04:14','2024-11-20 14:04:14'),(193,'odio-3','odio-3','Qui consequatur est sit voluptas repellendus ex. Inventore facilis voluptatem optio rem sequi ab eius. Laboriosam esse officiis esse beatae dolorem.\n\nDolor eum accusamus beatae temporibus ut aut. Voluptates est aliquam aut dolor ut aperiam laudantium. Non ut eos qui temporibus odio.\n\nBeatae repudiandae qui inventore voluptatem qui fugit et. Quo neque voluptas accusamus esse excepturi. Ratione nihil impedit unde repudiandae. Consequuntur aliquam quo minima itaque veritatis itaque. Praesentium quis at error ex quasi veniam.','2024-09-02 12:37:05',0,'news',0,23,20,NULL,'2024-11-20 14:04:14','2024-11-20 14:04:14'),(194,'molestiae','molestiae','Omnis ut fugit earum ut. Rerum rerum tenetur voluptatem enim ea exercitationem sint. Ipsam magni odit adipisci voluptatem possimus. Molestiae et commodi asperiores minima et molestias perferendis.\n\nEa officiis beatae accusamus. Aut enim magnam non libero recusandae minus. Velit nisi tempore eos ut sint quae. Molestiae nisi sit vero possimus.\n\nMollitia quasi tenetur eum. Beatae accusamus sed tempora.','2024-09-16 21:06:28',0,'news',0,23,20,NULL,'2024-11-20 14:04:14','2024-11-20 14:04:14'),(195,'nam','nam','Hic qui est consequatur et a temporibus sapiente. Eveniet voluptates nostrum nemo placeat. Ipsum consequatur voluptate aliquam totam occaecati quam. Quis et culpa dignissimos quia velit iusto.\n\nExplicabo consequatur est iure repudiandae. Atque iusto eius aut in et magni. Tempore omnis expedita aut in dolores voluptatem reprehenderit aperiam. Illum non corporis debitis minus repudiandae tempore voluptatem.\n\nMaxime ut ut molestias itaque. Earum voluptatem id quam aperiam. Harum et in et qui laudantium.','2024-08-28 05:13:52',1,'news',1,23,20,NULL,'2024-11-20 14:04:14','2024-11-20 14:04:14'),(196,'delectus-3','delectus-3','Maiores atque voluptatem hic a aperiam. Est quo qui fugiat et suscipit necessitatibus nihil. Architecto sint sed velit laudantium suscipit incidunt rerum. Quam impedit natus assumenda ad.\n\nEst deleniti voluptatibus non amet cupiditate. Corrupti error eum totam dolores eveniet velit animi molestias.\n\nEum nostrum modi quisquam. Repellendus ut commodi voluptatem magni eveniet ducimus sunt ullam. Iste facilis nisi et itaque. Expedita magnam occaecati hic et sit voluptatibus consequatur. Fuga est voluptatem nihil eum deserunt voluptate.','2024-01-19 04:39:42',0,'news',0,23,20,NULL,'2024-11-20 14:04:14','2024-11-20 14:04:14'),(197,'iste','iste','Omnis repellendus voluptatem voluptatibus quidem aspernatur. Libero provident incidunt aspernatur. Facilis atque sed eum non.\n\nAssumenda nam quae id voluptatem minima. Sequi iure nam sapiente commodi corrupti et et.\n\nEa molestias vel commodi sunt. Repellendus rerum aut nisi facere perspiciatis voluptatem et. Odit aut ratione aperiam et exercitationem.','2024-02-09 19:24:56',1,'news',1,23,20,NULL,'2024-11-20 14:04:14','2024-11-20 14:04:14'),(198,'nihil-1','nihil-1','Magnam omnis sapiente laborum. Facilis sed nesciunt incidunt laborum. Recusandae veniam reiciendis non et omnis corrupti.\n\nEa quis quia ipsum doloribus hic qui qui. Debitis dolores dolor non. Velit reiciendis dicta iure quia quibusdam et repellendus neque. Nihil ut modi numquam ut veritatis sit quaerat ratione.\n\nVeritatis placeat placeat natus aut nemo culpa et. Ea rerum vero vitae labore. Qui est illum aliquam cupiditate et. Sint nobis dolorem distinctio libero ipsam consequatur.','2024-07-09 02:05:07',1,'news',0,23,20,NULL,'2024-11-20 14:04:14','2024-11-20 14:04:14'),(199,'aliquid-1','aliquid-1','Ut omnis et voluptatibus est aspernatur mollitia eos ut. Aut et voluptas ea et eveniet iusto. Temporibus accusamus veritatis suscipit ad sed eum. Labore ipsam temporibus minima sapiente.\n\nIste facilis dolores autem alias quia quaerat eum. Sed quasi laboriosam odit non aspernatur voluptatem. Adipisci eveniet ea officia ipsam provident. Aut quam odit quaerat velit dicta qui voluptatum.\n\nVoluptatem asperiores magni sit perspiciatis aut atque. Sed dolorum velit facere distinctio qui veniam quidem. Impedit fugiat neque temporibus.','2024-01-13 19:07:13',1,'news',0,23,20,NULL,'2024-11-20 14:04:14','2024-11-20 14:04:14'),(200,'assumenda-2','assumenda-2','Saepe est vel eligendi et. Aut aut velit doloremque velit animi qui. Non enim nemo dolores.\n\nUllam aut illo iure ut eum. Consequatur inventore et incidunt dicta. Enim ab molestiae et qui. Veritatis pariatur natus quibusdam. Dolorum sed consequatur blanditiis vel non sed aut.\n\nPerferendis consequatur sint at omnis consequatur. Optio mollitia vel voluptas aut.','2024-10-11 12:04:18',0,'news',0,23,20,NULL,'2024-11-20 14:04:14','2024-11-20 14:04:14'),(201,'beatae','beatae','Numquam quidem suscipit consequatur ullam. Occaecati inventore quam nam rem voluptatem nobis nesciunt. Qui impedit vitae id aliquid cupiditate tempore. Molestiae assumenda dolor aperiam aliquam.\n\nQuia iste aut voluptate ut voluptatem ut. Qui numquam deleniti consectetur laudantium consectetur perspiciatis. Rerum qui rerum enim. Et aut expedita voluptas at ut quia reprehenderit numquam.\n\nAb illo est ipsam quaerat. Vel et ea cumque consectetur consectetur. Non eligendi aut sapiente. Odio iste ipsum quia facilis repellendus labore nobis.','2024-10-07 04:22:13',1,'news',0,24,11,NULL,'2024-11-20 14:04:15','2024-11-20 14:04:15'),(202,'consequatur-3','consequatur-3','Harum dolore qui tenetur iste ut et pariatur. Distinctio doloremque maiores similique incidunt id distinctio. Nesciunt est in consequatur sed sed a voluptatem.\n\nMolestias ut vel sapiente. Repellat ipsam laboriosam nisi consequatur necessitatibus. Enim ullam sunt nulla sapiente incidunt est alias.\n\nTempore vitae recusandae quia quam aliquid. Consequatur quia et incidunt.','2024-06-22 17:57:38',0,'news',1,24,11,NULL,'2024-11-20 14:04:15','2024-11-20 14:04:15'),(203,'voluptate','voluptate','Ullam voluptatem at molestias amet. Sunt voluptatibus a maiores aut quod aut consequatur. Labore et sint aperiam quas. Qui est iste in in harum. Aut non sit molestiae maxime consequuntur omnis voluptas.\n\nIure quas sed quia maxime dolorem. Harum laborum eius iste omnis. Amet magni atque laudantium suscipit molestiae et quo. Voluptas quis vitae nam praesentium velit et.\n\nNihil ea distinctio dolorum dolor minima tempora. Cupiditate hic non et. Omnis illo nobis fugit. Autem et ipsa veritatis dolor nobis vitae.','2024-11-09 14:41:50',0,'news',1,24,11,NULL,'2024-11-20 14:04:15','2024-11-20 14:04:15'),(204,'sed-2','sed-2','Nesciunt minima sunt vel aut omnis. Quia vero vel iure dignissimos non officia molestiae.\n\nQui ex asperiores aut qui. Aliquid perferendis id vel iusto eveniet sed quos. Dolorem sunt voluptatem molestias nesciunt ea aperiam excepturi. Quam sed itaque eos rerum est molestiae.\n\nQuia cupiditate quisquam perferendis. Hic dolore ut quia id veniam. Optio voluptas rerum eum soluta laborum numquam.','2024-11-18 08:56:22',0,'news',1,24,11,NULL,'2024-11-20 14:04:15','2024-11-20 14:04:15'),(205,'et-8','et-8','Omnis voluptatum culpa exercitationem animi. Sit repudiandae incidunt id sit et inventore.\n\nAut aut qui dolore rerum hic ipsa aut. Iste fuga dolore suscipit ducimus. Eius consequuntur doloribus est enim illum. Aspernatur cupiditate libero fuga asperiores culpa error.\n\nVeritatis voluptate odio libero assumenda et ea. Consequuntur qui architecto perspiciatis magni quia asperiores.','2024-07-19 22:47:42',0,'news',0,24,11,NULL,'2024-11-20 14:04:15','2024-11-20 14:04:15'),(206,'delectus-4','delectus-4','Officia laudantium quidem accusamus facilis. Molestiae omnis impedit sequi quibusdam sed. Ullam quis similique aut ut autem.\n\nVel soluta qui iusto. Nostrum minus in et ut qui nulla est. Maxime consequuntur aliquam et rem placeat et. Delectus delectus vero voluptas omnis labore. Ducimus enim sed ea doloribus qui.\n\nNemo laboriosam et est aut adipisci dignissimos quisquam quia. Dicta voluptas officiis delectus rem incidunt alias exercitationem. Sapiente non iusto dolores deserunt et minima.','2024-08-17 20:24:41',0,'news',0,24,11,NULL,'2024-11-20 14:04:15','2024-11-20 14:04:15'),(207,'non-1','non-1','Quis et ratione labore voluptatum aut. Eveniet id laboriosam vel corrupti exercitationem cum. Quas eveniet soluta modi ab.\n\nAut quia unde ad commodi voluptate. Vel et animi totam necessitatibus asperiores iste. Molestiae quo ipsum dolorum aut repellendus.\n\nLaboriosam repellendus nemo adipisci sed autem ut recusandae iste. Perspiciatis quod nisi cumque. Sequi rerum voluptate dolores. Omnis dolor et ipsam soluta nam est voluptatibus reprehenderit.','2024-10-20 01:22:03',1,'news',1,24,11,NULL,'2024-11-20 14:04:15','2024-11-20 14:04:15'),(208,'magni-1','magni-1','Asperiores voluptatem ut doloremque beatae beatae. Sequi ab rem cupiditate est sed quia aut qui. Ut et doloribus labore error beatae eligendi ut. Quasi laboriosam quae inventore et et.\n\nDolores dolorem quis aut culpa eos minima. Fuga ex cupiditate explicabo iure error.\n\nSuscipit voluptatem quo corporis fugiat qui voluptas maxime. Nobis omnis adipisci explicabo dolorum. Tenetur deserunt ab tenetur sed voluptatem aut.','2024-08-06 18:12:18',0,'news',1,24,11,NULL,'2024-11-20 14:04:15','2024-11-20 14:04:15'),(209,'quis-1','quis-1','Natus quia autem voluptas vel. Aut placeat distinctio inventore blanditiis omnis aut. Ratione aut deleniti temporibus aut qui quo ut.\n\nRepudiandae dolores mollitia sed sint ullam. Illum labore non esse atque porro optio quia. Animi voluptatem maxime voluptas autem assumenda aut dolores totam. Consequatur animi quia voluptatum rerum molestiae omnis voluptas.\n\nQuibusdam voluptatem vel qui voluptas. Deleniti dignissimos nostrum optio earum provident assumenda necessitatibus quasi. Rerum velit rerum ea sequi ut animi. Aliquid incidunt perspiciatis vero quam.','2024-08-08 17:46:39',1,'news',1,24,11,NULL,'2024-11-20 14:04:15','2024-11-20 14:04:15'),(210,'velit-1','velit-1','Non voluptas voluptatem accusamus assumenda laboriosam libero autem et. Consequatur quibusdam vel dolore enim culpa laudantium quidem. Impedit et nulla velit.\n\nQuia itaque vel velit quo aperiam at et. Quod quod architecto ipsum quia quo. Non soluta ducimus perspiciatis aut maxime cupiditate. Incidunt id impedit saepe aliquid.\n\nVoluptatem possimus culpa tenetur recusandae dolores iste perspiciatis. Rem quis omnis ratione dolores aut corporis. Sunt tempora rerum et iste ratione aliquam voluptatem et.','2024-02-08 11:25:59',0,'news',0,24,11,NULL,'2024-11-20 14:04:15','2024-11-20 14:04:15'),(211,'mollitia','mollitia','Debitis non vitae ipsa dolorem dolor. Facilis in rerum adipisci est. Quia id nihil reiciendis quia ab placeat. Quasi ea iusto eos ex sunt molestiae.\n\nVoluptates rem officia omnis quis animi voluptatem. Et qui dolorum fugiat ut est qui. Officia illo esse rem tempore tempore rem. Dolorem voluptas hic ipsam sequi labore.\n\nNesciunt est rerum debitis blanditiis voluptas. Neque non rerum aspernatur velit tempora. Omnis qui qui voluptatibus sint ea consequatur.','2024-11-18 19:38:23',1,'news',1,28,13,NULL,'2024-11-20 14:04:15','2024-11-20 14:04:15'),(212,'et-9','et-9','Ducimus impedit non voluptas nostrum aut. Perspiciatis aut repellendus non ut occaecati voluptatem unde. Soluta ad neque et.\n\nFugit in ratione ut totam qui id quos. Quidem veniam ducimus rerum occaecati vel. Illo quia et non eaque non. Ea eligendi eius iusto animi optio autem.\n\nOdio ea voluptates ratione aut rerum. Tenetur impedit nemo et molestias quis quo laboriosam. Aut quis autem aspernatur qui. Et assumenda optio est amet esse sed vitae veniam.','2024-06-29 18:22:12',1,'news',1,28,13,NULL,'2024-11-20 14:04:15','2024-11-20 14:04:15'),(213,'eum-2','eum-2','Et nam voluptas quam omnis voluptas ut architecto facere. Autem consequatur modi sequi ut nemo. Labore quae ad aut totam. Velit qui ipsam quia molestiae.\n\nOdio qui perferendis nihil fugiat nemo natus. Aliquid est repellendus minus maxime est. Nostrum voluptatem dolorem ut accusantium aliquid. Ratione unde cum dolore repudiandae occaecati.\n\nSit libero quam natus voluptates possimus asperiores sunt. Provident ratione est ullam dolor architecto. Suscipit enim dolore sapiente distinctio sit voluptas consequatur.','2024-01-07 15:40:23',1,'news',1,28,13,NULL,'2024-11-20 14:04:15','2024-11-20 14:04:15'),(214,'ut-7','ut-7','Et est sed quia veritatis est. Beatae unde voluptas et doloremque. Esse omnis sed quia amet. Consequuntur vel necessitatibus vero.\n\nQuo non in suscipit unde aliquid dolores. Officiis id nam sit nihil cumque. Corrupti et autem assumenda odit velit officia. Exercitationem at veritatis dolores adipisci quod.\n\nConsequatur facilis repudiandae dignissimos eligendi accusantium sed nulla. Aut voluptate earum animi quos asperiores modi. Est fugit quia fuga perferendis quaerat. Accusantium ab excepturi est et et deserunt animi aut.','2024-07-03 10:23:10',0,'news',0,28,13,NULL,'2024-11-20 14:04:15','2024-11-20 14:04:15'),(215,'beatae-1','beatae-1','Autem ipsa id qui aut minima. Et ipsam est neque earum inventore in culpa. Voluptas iusto minima dolor cumque suscipit facere quisquam. Est saepe cum hic voluptatem magni.\n\nSequi temporibus quibusdam impedit et possimus accusamus. Ut possimus ad laboriosam sunt. Et ipsa voluptatem repudiandae ea aliquid. Expedita et qui esse itaque debitis.\n\nDebitis rerum quibusdam accusantium laborum eum id dolorum culpa. Eum quisquam sunt placeat deleniti harum. Voluptas omnis quo corrupti sint.','2024-07-05 19:24:26',1,'news',1,28,13,NULL,'2024-11-20 14:04:15','2024-11-20 14:04:15'),(216,'necessitatibus-2','necessitatibus-2','Blanditiis voluptates laudantium possimus. Beatae ab quibusdam eveniet repellat voluptatem corrupti. Ab sed tempore qui. Quia odio nesciunt et nesciunt et est minus.\n\nAccusamus vel pariatur et voluptas. Eum excepturi voluptas dolorem. Et quisquam quia aut occaecati vel. Magnam dolorem qui quisquam et aperiam impedit. Voluptas atque dicta atque qui provident.\n\nSit quia esse iusto aut reprehenderit adipisci tenetur. Ipsam est et quo voluptatum repudiandae deleniti. Nisi sit quo consequuntur blanditiis laudantium quo commodi. Ex quo adipisci dolor laudantium. Aut debitis quia quia totam sed.','2023-11-24 19:28:15',1,'news',1,28,13,NULL,'2024-11-20 14:04:15','2024-11-20 14:04:15'),(217,'fugiat-1','fugiat-1','Quos qui aut nisi et blanditiis ipsam recusandae. Dolores voluptatem ea aut sed ut delectus enim. Est architecto rerum enim architecto rerum dicta aut.\n\nRepudiandae totam quibusdam veritatis culpa qui aliquam et. Ratione incidunt sapiente voluptatem iure quia porro recusandae. Maxime sunt fugiat sit sit sint eaque maxime. Aut ad aperiam nam unde molestias.\n\nAspernatur alias tenetur cumque voluptates error eius voluptatem recusandae. Optio quibusdam iure odit aut qui magni omnis. Quis veritatis omnis qui. Sit iusto ut quia ut hic veniam ut ab.','2024-04-09 22:18:38',1,'news',0,28,13,NULL,'2024-11-20 14:04:15','2024-11-20 14:04:15'),(218,'et-10','et-10','Velit voluptas doloremque cumque. Cum qui magnam cupiditate recusandae ut. Nulla reiciendis animi dolorum nihil ipsam laudantium laborum.\n\nUt consequatur neque eum autem soluta magnam non aspernatur. Molestiae sunt est harum. Dignissimos quasi quisquam non est dicta repellat quis.\n\nAut et autem voluptas temporibus labore aut. Consequatur et tempore quia possimus voluptas. Numquam ab sapiente ut soluta et voluptates. Qui aut quo earum alias.','2024-02-26 05:03:22',1,'news',0,28,13,NULL,'2024-11-20 14:04:15','2024-11-20 14:04:15'),(219,'nesciunt-1','nesciunt-1','Et perferendis dolores rem quidem et eum. Sapiente maiores possimus architecto dicta. Quia quidem numquam vero velit voluptatum.\n\nAliquid culpa aut quis praesentium. Ea nihil omnis blanditiis in accusamus quia sunt. Dolor molestias sed ab dolores nihil esse eaque delectus. Voluptatem rerum necessitatibus impedit numquam corporis excepturi eos.\n\nEius voluptatum accusamus eum ut animi facilis perspiciatis saepe. Saepe itaque praesentium praesentium voluptates. Qui molestias ipsa ipsa sit ad. Nemo sint maiores est cumque excepturi ut.','2023-12-19 01:42:33',1,'news',0,28,13,NULL,'2024-11-20 14:04:15','2024-11-20 14:04:15'),(220,'qui-3','qui-3','Consequuntur nesciunt voluptatem est minima. Fugiat sint atque perspiciatis a. Assumenda facere debitis doloribus rerum.\n\nUt ipsa dolores molestias non. Cum adipisci accusantium pariatur quis est. Velit non deserunt voluptas delectus.\n\nConsequatur quis ipsum sit aliquid. Quia ex qui in cupiditate est ab. Molestiae sunt sed sit magnam illo vel. Quo voluptates fuga in minima et voluptatem sequi sequi.','2024-04-18 18:36:57',1,'news',0,28,13,NULL,'2024-11-20 14:04:15','2024-11-20 14:04:15'),(221,'ratione','ratione','Beatae nihil in et quod non. Quas est est ea illo id consectetur qui rerum. Consequatur ut dolorem sed debitis exercitationem.\n\nUllam nisi et praesentium explicabo omnis et nemo eveniet. Nemo aut quas nam est sit voluptas ut. Quia id tenetur non sint quibusdam iure quia. Vitae velit ullam fugit sapiente.\n\nEa quidem nemo reiciendis. Quo nostrum et nesciunt ducimus deserunt quis. Saepe deleniti ex dolor beatae vero minima veniam quo. Quas et eos consequatur.','2024-06-21 00:25:59',1,'news',1,32,12,NULL,'2024-11-20 14:04:15','2024-11-20 14:04:15'),(222,'ut-8','ut-8','Adipisci ea ut explicabo eum. Qui dolorum sit eum. Aliquam voluptatem et consequatur inventore magni.\n\nOdit ipsa quia earum ab alias dolor. Incidunt occaecati cumque id non at consequatur dignissimos. Aut velit temporibus ipsa fugit quo quis autem.\n\nCorrupti dolorem molestiae nihil nobis. Laudantium id non quaerat. Voluptate hic nihil harum aut vitae exercitationem voluptatem. Aut commodi velit culpa amet debitis. Error natus sint dolore esse.','2024-03-14 16:38:51',1,'news',1,32,12,NULL,'2024-11-20 14:04:15','2024-11-20 14:04:15'),(223,'enim-2','enim-2','Aut ut natus illo natus reprehenderit. Aut et doloribus omnis consequatur dolores. Similique incidunt sint quam qui et. Ullam voluptas id quo ipsum ipsam.\n\nPerferendis esse iure iure numquam perferendis voluptatem sit ullam. Voluptatem optio iure fugiat corporis et incidunt. Aut vero placeat qui dolorum velit consectetur. Expedita animi enim repudiandae et omnis rem est culpa. Maiores voluptatem eligendi at iste enim quos quas.\n\nSunt occaecati sequi aut aut voluptatem similique dicta qui. Nostrum voluptatem vel dignissimos dolores. Ab mollitia tenetur repellat magni praesentium quos. Rerum laudantium quos sed repellat maiores.','2023-12-14 06:53:42',0,'news',0,32,12,NULL,'2024-11-20 14:04:15','2024-11-20 14:04:15'),(224,'quae','quae','Illo voluptate velit et officia nobis quam ad deserunt. Qui at iusto dolor. Magni occaecati voluptatem porro. Quaerat provident quidem quibusdam consectetur sequi eum eaque.\n\nLaboriosam et labore ipsum sunt alias autem. Sint sint magnam qui modi. Sit aliquam sed numquam enim provident.\n\nSit quas quisquam fugiat. Sunt voluptatem numquam nulla laborum dolor deleniti.','2024-09-01 19:15:20',1,'news',1,32,12,NULL,'2024-11-20 14:04:15','2024-11-20 14:04:15'),(225,'nam-1','nam-1','Tempora ut animi excepturi quaerat accusantium. Ut qui dolorem fuga harum rerum. Labore et iure ratione fugit quos quia et totam. Quaerat tempora placeat esse aut saepe ipsa.\n\nQuas optio omnis vel debitis ipsum enim nihil. Et voluptas incidunt aspernatur. Sunt ab et totam quia atque omnis omnis.\n\nLaboriosam distinctio odit molestiae mollitia expedita nobis error excepturi. Fugit reiciendis laborum corrupti doloremque tempora culpa et. Ut dignissimos est deleniti eos ex. Pariatur eveniet sint rem.','2024-08-19 18:32:16',1,'news',0,32,12,NULL,'2024-11-20 14:04:15','2024-11-20 14:04:15'),(226,'laudantium-1','laudantium-1','Sunt sint amet qui nesciunt voluptas tempora consequuntur. Tenetur eveniet aut voluptas iure. Impedit ea quasi velit deleniti. Corporis at quo suscipit iure deleniti rerum. Inventore corrupti atque ipsam nemo.\n\nVeritatis et aut officia voluptas enim. Eum sunt voluptates quia velit eos. Dolores numquam quia ab. Blanditiis ad deleniti dolores ut.\n\nSoluta quo temporibus et placeat minus. Qui cumque aut error magnam culpa consequatur adipisci. Non qui quia ipsam eligendi ad repudiandae. Dolores facilis est rerum ea minus accusamus.','2024-10-04 13:08:58',1,'news',1,32,12,NULL,'2024-11-20 14:04:15','2024-11-20 14:04:15'),(227,'qui-4','qui-4','Consequatur amet eos maiores ullam et explicabo. Quo et ea et suscipit quo commodi. Dolore pariatur dolores dolores aut. Est ipsa et autem.\n\nEst quia doloremque qui vitae dolor. Consequuntur ipsa aut rerum atque maiores quod ex. Qui accusantium harum aut placeat neque explicabo.\n\nOdio dolore perferendis at illo ipsum. Est ipsa nulla at iusto illum aperiam est. Consequatur molestiae est ea cumque labore. Sunt voluptas suscipit sed assumenda dolorem.','2024-02-12 21:15:53',1,'news',0,32,12,NULL,'2024-11-20 14:04:15','2024-11-20 14:04:15'),(228,'sed-3','sed-3','Iusto quos voluptatem rerum tenetur. Assumenda ullam ipsum qui. Quidem perferendis ex nam veritatis voluptate a earum. Minima doloribus error et saepe laborum. Error maxime quod reprehenderit.\n\nSint et culpa qui sint expedita aut. Ut vel iure qui temporibus amet minima et occaecati. Ipsum fugiat doloribus commodi cupiditate. Sint corporis dicta voluptate natus blanditiis accusantium suscipit.\n\nAccusamus est ab nam recusandae similique sit. Assumenda natus odio nostrum at odit. Et est consequuntur dignissimos et facere. Assumenda velit doloribus soluta eligendi.','2024-04-29 21:14:36',0,'news',1,32,12,NULL,'2024-11-20 14:04:15','2024-11-20 14:04:15'),(229,'eius-1','eius-1','A et delectus error est molestias. Incidunt deleniti velit perspiciatis modi veniam placeat qui. Culpa magni eius et provident neque cupiditate. Animi rerum eum quam veniam quia ea eum.\n\nRepellendus porro voluptas rerum exercitationem. Sit quia aliquam quisquam quisquam pariatur distinctio.\n\nIure possimus totam quasi ipsum eum. Nobis excepturi ut laborum assumenda aut voluptatem consequuntur. Quaerat nemo nisi ipsam et quibusdam.','2024-11-16 10:32:15',1,'news',0,32,12,NULL,'2024-11-20 14:04:15','2024-11-20 14:04:15'),(230,'vel-1','vel-1','Aut doloremque et fugiat reprehenderit. Suscipit et quis vel. Libero dolorem et quia et ut molestiae est voluptas. Corrupti et ipsa nemo aut molestias ad.\n\nDolor itaque consectetur vel animi fugit. Distinctio quidem labore explicabo ut sequi non rem. Voluptas voluptatem atque illum similique. Dolore commodi quidem possimus ut libero harum.\n\nEt voluptas dolor autem natus et. Commodi sed ut fugit. Id nesciunt dolorem numquam consequuntur esse. Dignissimos eos magnam id quibusdam omnis tenetur.','2024-02-06 19:50:24',1,'news',0,32,12,NULL,'2024-11-20 14:04:15','2024-11-20 14:04:15'),(231,'voluptas-1','voluptas-1','Qui cupiditate sed quis eveniet est expedita consequatur. Dicta odio repellat quo inventore sint fugit veniam. Qui deleniti eum omnis ad provident magnam.\n\nQuaerat laboriosam vel et minus maxime quia rerum nulla. Quam laudantium dolor autem aspernatur fugiat repellendus voluptatibus. Itaque maiores consequatur quia rerum.\n\nEt dolorum eos illo porro soluta voluptatem. Nemo eius sequi autem repellendus a. Et blanditiis placeat et blanditiis quo ut voluptas rerum. Possimus sed atque modi nesciunt doloremque voluptatem sed.','2023-12-28 16:36:16',1,'news',1,33,13,NULL,'2024-11-20 14:04:16','2024-11-20 14:04:16'),(232,'autem-2','autem-2','Iusto eligendi dolore eos praesentium et repellat. Unde odio rem eius aut. Sequi ut a asperiores tenetur at.\n\nEt fugiat eum officiis nesciunt quidem nihil. Non iusto non est ut nihil porro. Impedit eum rem et doloremque assumenda.\n\nEveniet est ex ratione earum porro unde incidunt. Dolores qui esse unde sequi impedit molestias ea ex. Asperiores architecto dolorem est sunt. Vel quibusdam debitis in quidem nemo maiores dolor eaque.','2024-03-19 22:55:16',0,'news',1,33,13,NULL,'2024-11-20 14:04:16','2024-11-20 14:04:16'),(233,'corporis','corporis','Tenetur velit illo sunt sequi possimus. Expedita architecto sapiente rerum totam eum hic. Id ea tempora sunt et sed ut deserunt. Corporis fuga non enim iure vel temporibus voluptas deserunt.\n\nUt et magni labore. Aut nemo veniam minus laudantium dolore. Vitae omnis placeat voluptas voluptates qui.\n\nMolestias ullam aperiam sint explicabo fugiat quaerat ex. Consequuntur quis eum harum iure dolorem voluptas tempora voluptatem. Porro omnis reiciendis quo sint. Quisquam quia dolorem voluptatem.','2024-05-13 17:11:05',0,'news',0,33,13,NULL,'2024-11-20 14:04:16','2024-11-20 14:04:16'),(234,'repellendus-3','repellendus-3','Commodi sed minima molestiae debitis aut. Id officia aut consequuntur et occaecati id. Maxime vitae nihil et fugit provident natus. Aliquid ducimus nisi dolore ratione quaerat vero repellat quaerat.\n\nAt voluptatem nulla animi sit. Pariatur sed similique quis. At mollitia doloribus iste quisquam qui. Eveniet atque et quia quam hic sunt iusto.\n\nSed modi cumque sed saepe. Molestias qui qui quisquam officia architecto.','2024-01-21 03:43:07',0,'news',0,33,13,NULL,'2024-11-20 14:04:16','2024-11-20 14:04:16'),(235,'quibusdam','quibusdam','Voluptatem enim architecto hic voluptas harum velit est est. Vel ea qui velit dolore nemo. Facilis assumenda aut et omnis non magnam.\n\nMaxime laboriosam reiciendis quos deserunt nulla quis. Neque dolore vel quisquam.\n\nDelectus voluptatum blanditiis ea dicta atque quos iste aut. Accusantium ipsam veniam blanditiis necessitatibus rerum aut deleniti nisi.','2024-06-28 02:30:50',1,'news',1,33,13,NULL,'2024-11-20 14:04:16','2024-11-20 14:04:16'),(236,'aut-4','aut-4','Quae deserunt ipsam et error ea id. Sit tenetur maiores et sed dolores. Et esse qui illo voluptas modi.\n\nVoluptatum consequuntur distinctio voluptatum fuga velit et. Illo velit eos voluptas sapiente rerum provident ducimus. Et odit sit totam fugiat voluptas labore eos est.\n\nDebitis accusantium quo veniam autem et similique. Deleniti vitae omnis consectetur numquam quisquam magni nihil. Sit expedita ut molestias alias est velit corporis. Voluptatibus voluptatem ut doloremque illum ut sed et est.','2024-05-07 15:01:16',1,'news',1,33,13,NULL,'2024-11-20 14:04:16','2024-11-20 14:04:16'),(237,'architecto-2','architecto-2','Quo mollitia beatae quia cumque. Illo harum voluptatum ut. Vero eaque magnam aliquid sunt natus et dolore. Libero corrupti non veniam odio ut officia.\n\nArchitecto est cupiditate temporibus nulla exercitationem sint sunt numquam. Dolorum atque aut consectetur rem quia. Illo vel eveniet et asperiores veniam nihil. Nihil perferendis voluptatem et sed dolor.\n\nVoluptatum architecto tempore minus sunt. Quis temporibus labore natus accusamus eos aut. Laudantium nulla fuga accusantium laborum asperiores aliquid. Illo autem culpa aspernatur omnis. Et qui minus eaque nulla ipsum.','2024-02-13 23:23:20',0,'news',0,33,13,NULL,'2024-11-20 14:04:16','2024-11-20 14:04:16'),(238,'quia-2','quia-2','Quam sit in aut reiciendis. Ea quis et qui quaerat officia voluptatem. Tempore aliquid mollitia aperiam voluptate velit neque est. Et dolore dolorem aperiam beatae dolor est.\n\nUt fuga est officiis cumque ea consectetur. Dolorem omnis tempore vitae placeat distinctio. Magnam reiciendis atque sed debitis iusto harum impedit molestiae. Itaque quas aliquid occaecati doloribus aut nisi sit.\n\nVelit excepturi harum voluptatem ipsa qui deserunt ipsum. Ipsa qui ullam beatae et odio sint debitis. Doloribus enim laudantium hic commodi voluptates ea nihil.','2024-04-03 06:54:10',1,'news',1,33,13,NULL,'2024-11-20 14:04:16','2024-11-20 14:04:16'),(239,'et-11','et-11','Harum magnam voluptatem possimus cum quod qui aspernatur. Et omnis repudiandae quis molestiae ab vel. Quae debitis aut dolores et quo dicta. Sequi consequatur dolore voluptas quia.\n\nQuia nam fugit quos autem illo necessitatibus quae. Dicta officiis quod distinctio non cumque. Porro non ut minima illo ea.\n\nIn ut ex adipisci ducimus voluptates est. Impedit velit perspiciatis quam dolorum aut vero impedit. Aliquam animi eum cupiditate ex qui.','2024-10-24 03:23:17',0,'news',0,33,13,NULL,'2024-11-20 14:04:16','2024-11-20 14:04:16'),(240,'officiis','officiis','Sit molestiae incidunt sunt sit eius. Excepturi ut voluptas omnis accusamus sunt eaque quidem. Ipsam asperiores iste ut accusantium.\n\nModi aliquid consequuntur quibusdam beatae. Sit quia excepturi nihil magni molestiae sed. Molestiae illo nam sunt qui corporis esse.\n\nMolestiae assumenda cupiditate facilis accusantium voluptatibus repudiandae et. Dolores tenetur velit expedita ut numquam sit excepturi. Repellendus praesentium deleniti similique nihil veritatis eveniet.','2023-12-03 02:49:33',1,'news',1,33,13,NULL,'2024-11-20 14:04:16','2024-11-20 14:04:16'),(241,'recusandae-1','recusandae-1','Tempore non officiis nostrum et cumque cum modi ut. Id explicabo et dicta voluptate assumenda doloribus. Alias itaque rerum ut veritatis. Quas autem qui ea.\n\nAperiam est voluptas quis adipisci sunt consequatur sit. Inventore rerum quia rem natus est error ipsum. Hic sed similique provident blanditiis repudiandae.\n\nPerferendis non et est corporis. Eum harum quia ea quam veniam commodi rerum.','2024-11-11 08:29:54',1,'news',0,37,20,NULL,'2024-11-20 14:04:16','2024-11-20 14:04:16'),(242,'modi','modi','Ex temporibus rerum at magni. Debitis vitae numquam quis. Consectetur fugiat ipsa atque maiores reiciendis possimus mollitia doloribus. A qui alias autem voluptates laborum.\n\nEligendi eos nisi libero et maxime placeat. Eos ex natus soluta consequuntur autem. Saepe perferendis sit necessitatibus iure optio debitis consequuntur. Sint molestiae eos et qui laudantium tempore dolorem voluptatum.\n\nConsequuntur qui quaerat qui unde. Quasi eligendi ut vel expedita expedita. Officiis et repudiandae nihil commodi aspernatur.','2023-12-28 13:23:10',0,'news',1,37,20,NULL,'2024-11-20 14:04:16','2024-11-20 14:04:16'),(243,'odit-1','odit-1','Laboriosam est possimus iste totam fugit laboriosam. Ut occaecati aut neque qui nobis dolorem aperiam. Eaque dolorem sit earum sit adipisci. Quasi in qui distinctio quas et.\n\nUllam et id maxime. Dolor ipsa fugit sequi dolores voluptas inventore.\n\nVero et assumenda numquam modi. Optio sed tenetur omnis culpa sit. Nisi tempore ut magni. Laudantium impedit soluta dolorem consequatur.','2024-01-21 12:15:01',1,'news',1,37,20,NULL,'2024-11-20 14:04:16','2024-11-20 14:04:16'),(244,'esse-1','esse-1','Id quisquam rem eum et pariatur quia et omnis. Vel ducimus eos optio earum et perspiciatis sit. Odio enim ducimus totam deleniti sunt voluptate et sit.\n\nPraesentium exercitationem est in ut officia eum. Reprehenderit eum doloribus qui perferendis dignissimos quisquam aut tempore. Est quo nemo nesciunt. Alias culpa libero voluptatem ab voluptatem est facilis optio.\n\nEx ipsa quo minima quia et voluptate. Quo incidunt animi ipsam nostrum et. Facere consequatur labore magni ducimus voluptatem. Et non iure voluptas soluta qui.','2024-03-20 05:50:49',0,'news',1,37,20,NULL,'2024-11-20 14:04:16','2024-11-20 14:04:16'),(245,'est-4','est-4','Beatae et consequatur rerum. Omnis ullam eos sunt occaecati et. Ex et non quia voluptas.\n\nEst dignissimos consequatur omnis deserunt alias magni placeat. Dolor voluptate voluptas officia voluptate non fugiat. Esse voluptatum sit modi.\n\nNatus sint quam consequatur ratione vero. Odio enim rerum dolore quas soluta molestias. Sed enim molestiae in molestiae dolorum.','2024-05-08 03:52:25',0,'news',1,37,20,NULL,'2024-11-20 14:04:16','2024-11-20 14:04:16'),(246,'ut-9','ut-9','Veniam maxime autem est voluptas. Ex et consequuntur sit nesciunt placeat esse quod. Laborum et qui aut autem odio omnis cumque. Vero non iure nemo et et amet.\n\nPossimus id ut ut soluta. Consequuntur dolore accusamus aliquid. Ut necessitatibus ea est sunt ducimus culpa.\n\nAspernatur aut cumque sit odit. Hic earum consequatur rerum ut aut. Minima dolores aperiam quibusdam eum voluptas animi. Error suscipit deleniti sed rerum repellat cupiditate.','2024-02-17 05:33:08',0,'news',1,37,20,NULL,'2024-11-20 14:04:16','2024-11-20 14:04:16'),(247,'quod','quod','Vel molestiae laboriosam quibusdam vero deleniti veritatis occaecati. Ullam harum exercitationem eaque quo. Laboriosam voluptatem vero et quo consequuntur.\n\nSoluta eos in debitis consequatur qui dolor in. Nostrum quia vel ut quo ducimus omnis. Quaerat consequatur ratione officia corrupti. Consequatur illo recusandae quis ut dolorum.\n\nIste itaque cumque et ex ipsum quo. A aut nostrum dolores suscipit explicabo dolores quaerat fuga. Occaecati tenetur ut nam impedit. Corporis quas officiis nulla totam itaque quia voluptatum vitae. Quia magnam voluptas corrupti maxime quae neque eum.','2023-12-01 22:34:19',1,'news',0,37,20,NULL,'2024-11-20 14:04:16','2024-11-20 14:04:16'),(248,'non-2','non-2','Qui fuga impedit omnis quia et veritatis voluptatem. Hic rerum est quia et eum rem iste. Voluptas totam quia dicta odit distinctio qui. Omnis officiis eaque sequi provident quisquam natus eaque quas.\n\nPraesentium facilis dolor maiores laborum aspernatur. Non sed eos atque magni et quia quaerat.\n\nIn quasi doloremque nisi eos. Modi ratione accusantium ut aliquid dolor neque.','2024-08-13 16:08:30',1,'news',1,37,20,NULL,'2024-11-20 14:04:16','2024-11-20 14:04:16'),(249,'temporibus','temporibus','Occaecati quibusdam facere quidem similique soluta exercitationem molestiae iste. A ullam officiis asperiores qui. Quod impedit dignissimos non unde explicabo id.\n\nVeniam nisi consequatur iusto perspiciatis corrupti. Molestiae voluptates occaecati qui quidem dolores omnis sit repudiandae. Expedita omnis odio excepturi rerum repellendus fugit.\n\nEnim enim occaecati velit provident. Magni ea dolores officia animi quo animi. Veniam dolores nihil perferendis tempore sit.','2024-06-09 12:28:02',1,'news',1,37,20,NULL,'2024-11-20 14:04:16','2024-11-20 14:04:16'),(250,'doloremque','doloremque','Quidem rerum neque officia quaerat aut quia. Fugit eaque cumque atque corrupti soluta perspiciatis est.\n\nEos aut expedita rerum quis eius beatae maiores corrupti. Natus et magni ut ea dolores numquam quisquam atque. Aliquid nobis velit odio magnam beatae in.\n\nSed dolor voluptas rem rerum ut. Animi saepe est sunt aperiam nisi et et voluptates. Ut mollitia expedita autem sed eum enim sunt. Itaque eveniet nulla et nobis.','2023-12-08 19:54:05',1,'news',0,37,20,NULL,'2024-11-20 14:04:16','2024-11-20 14:04:16'),(251,'mollitia-1','mollitia-1','Qui fugit tenetur tenetur dicta. Dolor molestias ut veniam ut odit eum neque. Aliquid porro voluptates voluptatem mollitia ut excepturi et.\n\nQuas consequatur adipisci sit corrupti. Et quam aut ipsam ut maiores necessitatibus aut. Ut nihil ut consequatur. Molestiae est doloremque recusandae rerum sed.\n\nConsequatur ex et omnis optio. Aut doloremque et et est mollitia. Rerum voluptatum rem enim ut. Nulla accusamus doloremque incidunt ducimus perferendis.','2024-09-16 17:48:15',1,'news',0,39,11,NULL,'2024-11-20 14:04:17','2024-11-20 14:04:17'),(252,'libero','libero','Qui illum et perferendis ut qui id delectus est. Natus neque debitis similique impedit eveniet minima harum. Est et dolores quo molestiae nisi. Soluta mollitia et repellat. Excepturi corporis autem exercitationem officiis.\n\nCulpa quo esse ab numquam maiores id reprehenderit. Doloribus quasi ipsum fuga soluta. Nostrum quis ipsam mollitia explicabo. Et natus excepturi iste dicta doloremque at ad.\n\nEnim quisquam amet doloribus aut. Illo illum incidunt magnam odio ut eos sunt. Maxime sit deleniti doloremque qui.','2024-09-17 20:41:11',1,'news',0,39,11,NULL,'2024-11-20 14:04:17','2024-11-20 14:04:17'),(253,'necessitatibus-3','necessitatibus-3','Perspiciatis soluta omnis sunt autem et eos ullam. Rerum facere natus magnam qui harum omnis est. Et ducimus sed nemo aut cum velit cupiditate autem.\n\nImpedit sed culpa ex dolorum ut. Ab eum deleniti illum nesciunt distinctio molestias. Eius corrupti id et dicta corrupti quia optio. Quam qui quia culpa delectus tempora voluptatem. Qui fugit ipsa ipsa reiciendis.\n\nSed ipsa et aliquid. Consequatur aliquam voluptatibus qui rem nesciunt consequatur odio. Laudantium magnam ipsam rerum illum odit vel. Incidunt expedita placeat ea hic eum magni.','2024-03-09 21:12:05',0,'news',0,39,11,NULL,'2024-11-20 14:04:17','2024-11-20 14:04:17'),(254,'dolor-1','dolor-1','Dolorum aut similique quisquam illum et rerum. Enim illo tempore omnis ducimus assumenda. Nobis harum eos assumenda.\n\nUt voluptatem a omnis et repudiandae. Accusantium sequi iste illum minima laborum tenetur dolorum quaerat. Modi molestiae id illo. Doloribus in qui velit.\n\nAperiam illo et qui. Nesciunt commodi tenetur deserunt est. Doloremque rerum rem consequatur iure doloremque cupiditate quam.','2024-10-08 04:35:15',1,'news',1,39,11,NULL,'2024-11-20 14:04:17','2024-11-20 14:04:17'),(255,'qui-5','qui-5','Perspiciatis quam enim illum magni. Qui mollitia ullam possimus hic impedit. Quia qui perspiciatis adipisci dolorum qui dignissimos esse.\n\nQuia doloremque nesciunt ea ratione exercitationem. Ab tenetur sed aut distinctio. Dolor placeat sit aspernatur magnam.\n\nDeserunt temporibus veniam neque. Exercitationem quia praesentium sunt sit. Consequatur exercitationem asperiores repellendus non velit numquam.','2023-12-03 08:41:12',1,'news',0,39,11,NULL,'2024-11-20 14:04:17','2024-11-20 14:04:17'),(256,'quas-3','quas-3','Earum magnam ullam dolor corporis tempore. Deleniti provident at ut non labore et. Quo ut non et perspiciatis inventore eum earum.\n\nSapiente itaque omnis error reiciendis. Et omnis qui quis omnis amet possimus. Quia cupiditate asperiores voluptate repellendus qui velit.\n\nVoluptas non id est voluptatem eius. Et quibusdam iste voluptatem et temporibus. Quia facilis porro vel aut modi in.','2024-07-07 16:47:26',1,'news',0,39,11,NULL,'2024-11-20 14:04:17','2024-11-20 14:04:17'),(257,'aut-5','aut-5','Nobis doloremque repellendus quod necessitatibus. Nam earum nihil repellendus labore distinctio. Alias sit nam quidem nemo deserunt. Culpa consequatur rerum voluptatem et exercitationem aut.\n\nDucimus voluptas ut dignissimos nesciunt aspernatur est blanditiis. Id rerum qui et repellat. Ratione praesentium architecto nesciunt.\n\nEius ratione autem dolor quaerat atque sint. Ratione qui doloribus qui cupiditate. Animi libero id dolor est quia qui quis velit. Maiores ullam fuga maiores accusantium aut est beatae.','2024-04-17 23:07:04',0,'news',1,39,11,NULL,'2024-11-20 14:04:17','2024-11-20 14:04:17'),(258,'expedita-1','expedita-1','Aliquid fugiat aut blanditiis molestiae ut eaque dolorum. Autem eligendi id unde qui qui accusamus et et. Necessitatibus expedita dolores est maxime aut nemo. Tempora neque ut rerum maiores recusandae id.\n\nIpsum officia omnis aspernatur architecto. Similique consequatur id debitis molestias eos. At aut nobis animi quia et corrupti maiores.\n\nIusto adipisci architecto cumque voluptas quis nostrum officiis. Nemo voluptas quidem nam odit veritatis. Et dolorem tempore modi provident porro culpa quis. Quam sed et atque ad ipsam.','2024-09-06 19:38:20',1,'news',0,39,11,NULL,'2024-11-20 14:04:17','2024-11-20 14:04:17'),(259,'quis-2','quis-2','Corporis cum et quia tempora totam eius eveniet porro. Amet eos eos excepturi aut debitis. Harum eveniet voluptatem est voluptatem voluptatem provident consequatur. Non beatae minima est animi sapiente non quaerat.\n\nQuo et voluptatem et veritatis amet deleniti. Ea consequatur non aut rem. Nulla eligendi deserunt qui molestias. Soluta aliquid culpa sed et dignissimos delectus aliquid.\n\nQuasi unde nam minus est deleniti. Minus sint aspernatur sint libero. Quibusdam numquam odio distinctio doloremque tempora. Quas in quaerat et culpa.','2024-09-29 00:19:58',0,'news',1,39,11,NULL,'2024-11-20 14:04:17','2024-11-20 14:04:17'),(260,'quia-3','quia-3','Esse id facilis voluptates aut aliquam. Consequatur fugit voluptates ut repudiandae. Odio dolorum in odio occaecati recusandae tempore omnis.\n\nQuas eum et modi voluptas. Facere cum quidem possimus aut ratione ut. Necessitatibus consectetur error similique ipsa odit consequatur reprehenderit. Cupiditate numquam eos sint distinctio sunt praesentium.\n\nUllam iusto porro neque modi sint. Qui corporis asperiores voluptate velit. Perspiciatis voluptatem corporis ex ratione quasi voluptatem harum. Porro fugiat sapiente adipisci corporis.','2024-09-30 12:17:11',1,'news',0,39,11,NULL,'2024-11-20 14:04:17','2024-11-20 14:04:17'),(261,'aliquid-2','aliquid-2','Architecto nostrum amet dolores officia porro nesciunt. Eos id quo sed explicabo illo.\n\nEt a dolor aut consequuntur numquam quod sunt. Sunt libero eligendi iste quo accusamus provident quasi. Debitis cum velit et doloribus incidunt labore dicta. Rerum vero omnis quo qui.\n\nAdipisci explicabo optio voluptates consectetur consectetur et quo. Itaque vero consequatur exercitationem rerum perferendis repellat officiis. Molestiae voluptas ut beatae aperiam consequatur.','2024-08-17 13:40:54',0,'news',0,40,11,NULL,'2024-11-20 14:04:17','2024-11-20 14:04:17'),(262,'recusandae-2','recusandae-2','Ut ratione quam tenetur voluptatum. Culpa libero recusandae sunt animi error. Dolor voluptatem voluptatem cum facere.\n\nCupiditate nam culpa sed ullam. Eveniet et repellendus ad necessitatibus. Consequatur repudiandae omnis fuga pariatur.\n\nLaborum maiores occaecati voluptas quidem. Consequatur sunt suscipit aut aut id quia fuga. Qui adipisci cum ipsam et. Nulla ipsa in rerum facere cumque natus.','2024-07-07 18:13:27',1,'news',1,40,11,NULL,'2024-11-20 14:04:17','2024-11-20 14:04:17'),(263,'ad-1','ad-1','Aliquam explicabo et ratione magnam debitis. Voluptas autem tempora impedit rerum dignissimos consectetur. Et suscipit qui blanditiis nisi non suscipit autem perferendis. Omnis quam rerum itaque iusto magnam eos consectetur suscipit.\n\nMollitia veritatis qui praesentium. Libero sequi qui dicta iusto quidem. Quia molestiae voluptatem rerum molestias qui magni.\n\nSint mollitia ut sint. Maiores rerum incidunt eos sed doloremque quo. Eveniet expedita quo sint adipisci temporibus.','2024-06-15 17:55:32',1,'news',0,40,11,NULL,'2024-11-20 14:04:17','2024-11-20 14:04:17'),(264,'ab-1','ab-1','Quo voluptatum consectetur non adipisci dolor commodi qui. Quia distinctio est et vel. Sunt ratione maxime ut dolor expedita.\n\nAdipisci quis non ea sed excepturi. Sed est est dolorem id sit. Iure error officiis quia error dolor quia.\n\nTempore quia repellat aliquid qui nihil atque temporibus. Laudantium numquam eum aut non aut. Qui magnam vel dolores commodi maxime sed sit illum.','2024-01-05 05:46:45',0,'news',1,40,11,NULL,'2024-11-20 14:04:17','2024-11-20 14:04:17'),(265,'soluta-1','soluta-1','Omnis quas harum et sint deleniti nostrum. Ad iusto inventore quaerat et accusantium. Iure deserunt est sapiente voluptatem. Adipisci quis est voluptatem dolores error ipsa est.\n\nQui reiciendis commodi et sit est temporibus. Illum omnis cupiditate cupiditate iusto quis voluptates. Error est aliquam nam aliquid.\n\nEnim vel voluptatibus explicabo at autem excepturi. Corrupti dolor quam quos iste deleniti. Ad laboriosam animi aliquid libero enim dolores. Quia et autem eum at consequatur consequatur accusamus laborum.','2024-02-16 19:10:49',0,'news',1,40,11,NULL,'2024-11-20 14:04:17','2024-11-20 14:04:17'),(266,'qui-6','qui-6','Vero est neque consequatur repellendus est ut. Laborum quibusdam quasi quos maiores. Dicta autem aut repellat tempora. Maxime ut vel illo tempore consequuntur veniam cumque.\n\nNon aliquam dolores odio et vero et animi. Aut quis vitae ad. Nihil aut iste velit aliquam quaerat consequatur quis delectus.\n\nEnim quo voluptatem omnis in nesciunt sed. Beatae qui quia voluptatem molestiae molestiae. Quam minus iusto in impedit. Aut vero suscipit aut in aliquid.','2024-01-27 16:54:39',1,'news',1,40,11,NULL,'2024-11-20 14:04:17','2024-11-20 14:04:17'),(267,'aut-6','aut-6','Eveniet voluptatum saepe dolores corrupti. Magni minima veniam quis omnis iusto corporis. Id veritatis totam cum tempore inventore velit ut adipisci. Placeat incidunt in non qui laborum et.\n\nQuis unde amet deleniti saepe. Distinctio quos aut ut quidem nemo porro rem. Placeat eveniet omnis illo modi. Exercitationem porro reiciendis sapiente quaerat exercitationem.\n\nMinus velit aliquam nesciunt asperiores. Aut sed rem quia rerum pariatur.','2024-05-03 01:31:37',0,'news',0,40,11,NULL,'2024-11-20 14:04:17','2024-11-20 14:04:17'),(268,'distinctio-2','distinctio-2','Ut nisi qui est iste ducimus. Omnis totam qui vero voluptatem voluptas. Iure libero amet corrupti nostrum. Et eveniet ut minima et voluptatum impedit impedit.\n\nConsequatur inventore sit maxime porro aut corporis quia. Impedit excepturi velit et. At architecto quia rerum placeat odit accusamus repudiandae.\n\nPraesentium unde rerum consequatur a. Consequatur animi quas nisi ea similique voluptas. Qui voluptatem quia occaecati.','2024-11-05 04:56:12',1,'news',0,40,11,NULL,'2024-11-20 14:04:17','2024-11-20 14:04:17'),(269,'corporis-1','corporis-1','Voluptatem voluptas ad assumenda aspernatur consequatur. Id dolorem cum nihil qui. Perspiciatis expedita ullam corporis sunt. Voluptates minima voluptatum quis harum quis deserunt aspernatur. Blanditiis recusandae necessitatibus rerum autem.\n\nCorrupti quo quibusdam vitae veritatis. Odit voluptas distinctio commodi temporibus. Est dolorum assumenda cum dolorum voluptatum repellat commodi. Velit et fugit temporibus veniam.\n\nEst ducimus autem velit ad quisquam ut magni. Est accusamus nisi aut est quia quos maiores. Cumque velit blanditiis est in sapiente quia iste.','2024-03-17 05:40:18',0,'news',0,40,11,NULL,'2024-11-20 14:04:17','2024-11-20 14:04:17'),(270,'quis-3','quis-3','Et qui eius sint explicabo soluta distinctio ut. Sint quos necessitatibus rerum distinctio quia. Vitae est tempora earum omnis corrupti. Ex voluptas impedit quia voluptas.\n\nSed sit rem eum in delectus ipsam recusandae magnam. Et a quia sunt itaque autem et neque. Rerum consequuntur ut similique voluptatem perferendis illo beatae maiores.\n\nCorporis molestiae dolores incidunt itaque accusantium iusto. Est sed omnis a impedit sint tempore consequatur.','2024-03-02 04:00:00',0,'news',1,40,11,NULL,'2024-11-20 14:04:17','2024-11-20 14:04:17'),(271,'quae-1','quae-1','Ea dolorum consequatur aut dolorem et. Recusandae porro soluta rerum facilis. Enim alias velit ipsa molestiae eveniet dolorum.\n\nDebitis eos aut impedit est quaerat alias illo. Dicta sint exercitationem nulla nihil. Eos praesentium est modi qui ullam. Ad maiores repudiandae amet incidunt.\n\nNumquam et quo id eum ea. Veritatis et ducimus in est. Non occaecati in distinctio eos tenetur rerum quo. Illum tempora facilis autem eos.','2024-08-17 15:43:37',0,'news',1,41,14,NULL,'2024-11-20 14:04:17','2024-11-20 14:04:17'),(272,'quis-4','quis-4','Facilis laudantium doloremque expedita corporis animi. Quo sint voluptas distinctio nemo praesentium. Eos nesciunt consequatur soluta ut est odio. Velit fuga voluptates unde ut eveniet ut autem.\n\nConsequatur consequatur voluptas perferendis repudiandae. Aut distinctio occaecati id aut sed. Officia vel vel iusto.\n\nSed libero qui ipsam harum doloribus. Suscipit ut excepturi occaecati odit eum vitae placeat quia. Suscipit qui excepturi molestiae facere id et. Et deserunt error veniam consectetur amet.','2024-04-12 16:29:08',0,'news',1,41,14,NULL,'2024-11-20 14:04:17','2024-11-20 14:04:17'),(273,'odit-2','odit-2','Nisi ut quo et magni. Rerum dolorem aut doloribus qui nam quae. Ut aliquid officia numquam occaecati non.\n\nTenetur quia consequuntur quia quos exercitationem. Odio voluptatem nemo sequi unde quibusdam. Ullam ea tempora et fuga rem. Esse eos sed quia repudiandae dolor.\n\nCumque et voluptatem sapiente ab quisquam ut error rerum. Dignissimos eligendi eum iure soluta quis sit. Magnam ut enim quia rem.','2024-07-06 19:02:19',1,'news',1,41,14,NULL,'2024-11-20 14:04:17','2024-11-20 14:04:17'),(274,'veniam-2','veniam-2','Autem excepturi magni dignissimos harum placeat unde quasi. Quo quia non autem quod eum sequi. Et et sequi dolores soluta occaecati itaque adipisci. Neque maiores aut quo sequi.\n\nHarum qui enim quo eaque eligendi voluptas. Rem voluptas blanditiis ut est dolor veritatis facere ut. Et quo voluptatem voluptatum quia tempore voluptatem recusandae.\n\nModi aut quisquam dignissimos. Ipsa amet et asperiores consectetur totam nam. Vel officiis dolorum sapiente quis voluptas. Maiores occaecati rerum at maiores illo similique possimus.','2024-11-18 03:40:06',1,'news',1,41,14,NULL,'2024-11-20 14:04:17','2024-11-20 14:04:17'),(275,'voluptatum','voluptatum','Itaque soluta in voluptatem et architecto. Illum magni harum ut neque. Fuga harum dolores incidunt iusto.\n\nEx ad dignissimos officiis iste rerum dolorem inventore. Numquam dignissimos fugiat aut iste facilis facilis qui. Fugiat blanditiis ut commodi sapiente cumque quis.\n\nNon numquam aut ad cupiditate et. Et et ut occaecati et explicabo. Voluptates consectetur aut dignissimos aperiam consequuntur.','2024-02-08 10:07:41',0,'news',0,41,14,NULL,'2024-11-20 14:04:17','2024-11-20 14:04:17'),(276,'expedita-2','expedita-2','Cumque distinctio ut commodi. Non cupiditate magni et maiores non. Explicabo ut placeat reiciendis omnis. Quia harum ut consequuntur doloremque voluptatem commodi non.\n\nDolor in ut ducimus cupiditate error consequuntur. Officiis ipsa aut aperiam iusto necessitatibus fuga. Earum vitae quisquam quam quaerat rerum occaecati.\n\nRerum ut eius aut aut itaque quam voluptatem consectetur. Molestiae et dignissimos perferendis consequatur. Natus sit doloribus aspernatur. Ipsam et amet quae et facilis. Aut harum distinctio ab vitae dolore.','2024-06-06 10:06:57',1,'news',0,41,14,NULL,'2024-11-20 14:04:17','2024-11-20 14:04:17'),(277,'quasi','quasi','Sequi quos sed et nulla ad commodi. Qui modi quae vel rerum occaecati est necessitatibus harum. Totam quae et magnam at.\n\nNeque quo dignissimos porro ullam labore a tenetur. Dolorem suscipit excepturi quis. Rerum ipsam asperiores unde debitis officiis voluptatem iusto.\n\nExpedita quasi est totam ullam ea placeat. Maxime laborum eaque aliquam error. Autem dolore aut ut numquam possimus non. Ullam impedit cum est. Optio sint excepturi laudantium eius non.','2024-02-04 01:48:22',1,'news',0,41,14,NULL,'2024-11-20 14:04:17','2024-11-20 14:04:17'),(278,'qui-7','qui-7','Ea aut dignissimos nisi deserunt nobis. Et eos occaecati asperiores aut temporibus. Consectetur incidunt deserunt eaque nesciunt quis voluptas. Eveniet voluptas consectetur voluptatem ad voluptatibus vero sed.\n\nAspernatur dolorum consequatur voluptatum voluptate laudantium rerum non. Quam optio nostrum reprehenderit numquam non id consequatur. Aut quo deserunt et quibusdam recusandae. Porro quae velit magnam ex.\n\nImpedit eius accusamus itaque rerum eius. Distinctio ratione sequi aut in et id fuga. Dolorem voluptates et commodi facilis aut expedita. Voluptatem sequi aut odit autem.','2024-07-07 10:22:48',1,'news',1,41,14,NULL,'2024-11-20 14:04:17','2024-11-20 14:04:17'),(279,'repudiandae-1','repudiandae-1','Error quos totam omnis occaecati cum. Dolorem consequatur aut voluptatem recusandae quia officiis. Illum qui doloremque libero maiores. Aut sit cupiditate velit nisi voluptas aut dignissimos sapiente.\n\nDucimus nam ducimus minima ut fugiat itaque architecto. Explicabo eum numquam necessitatibus qui earum. Rerum sint aut voluptatum voluptatem. Omnis laudantium perspiciatis at qui sequi neque dignissimos.\n\nProvident dolorem eaque esse voluptatem soluta numquam necessitatibus. Ullam illo laudantium laboriosam quia nobis necessitatibus sunt. Quidem suscipit sed praesentium molestiae cumque.','2024-07-01 03:38:15',1,'news',0,41,14,NULL,'2024-11-20 14:04:17','2024-11-20 14:04:17'),(280,'animi-1','animi-1','Quidem explicabo ea est at et quis. Voluptatem illo sunt in molestiae fugit. Velit dolores eligendi animi minus cupiditate doloribus. Dolore tempora quo libero id voluptates accusantium.\n\nAperiam placeat sed aspernatur corrupti. Quam ut ex suscipit dolorem ut non aut.\n\nTempora in ut delectus eaque. Est asperiores cumque natus qui cum. Et amet dolorem laboriosam est reprehenderit omnis.','2024-09-28 11:16:35',0,'news',1,41,14,NULL,'2024-11-20 14:04:17','2024-11-20 14:04:17'),(281,'in-1','in-1','Vitae asperiores voluptates autem facere dignissimos voluptatem molestias consectetur. Sed voluptatem quas voluptatibus porro voluptatem soluta harum. Rem nihil voluptate aliquid voluptatem eius.\n\nEt dolorem blanditiis doloremque voluptatem nihil. Delectus delectus reiciendis officiis sunt dolorem. Aliquid vero similique voluptatem.\n\nNam fuga sint quod dolor eius. Ullam non est consequatur ducimus et. Adipisci rem placeat nisi. Magnam dicta inventore vel omnis nulla suscipit quos ut.','2024-07-06 15:31:13',0,'news',1,42,12,NULL,'2024-11-20 14:04:18','2024-11-20 14:04:18'),(282,'sed-4','sed-4','Eveniet voluptatem eos adipisci qui in et. Nihil facere et blanditiis sed est. Dolor et aut fugit fugit cumque ut.\n\nEt reiciendis fugit et autem ex doloribus repudiandae. Tempore eos sequi hic ipsa. Dolorem repellendus ut blanditiis quae officia voluptates. Qui vitae aperiam aspernatur a autem ut.\n\nConsectetur dolorem quaerat corrupti quasi. Inventore debitis aut expedita deserunt praesentium sint. Voluptatem molestiae vero possimus et ducimus et. Nobis qui tempore architecto voluptatum sed.','2024-11-01 09:46:54',0,'news',1,42,12,NULL,'2024-11-20 14:04:18','2024-11-20 14:04:18'),(283,'aut-7','aut-7','Et pariatur tempore et eos error. Hic architecto officia doloribus et est et. Voluptas cum qui ea dignissimos repudiandae enim explicabo. Omnis nobis enim vel repudiandae reiciendis est aut.\n\nQuis quibusdam aut modi quibusdam fuga labore non. Rerum officia hic veniam ut mollitia culpa. Dignissimos est sit voluptatem dolorem. Odio aliquam deleniti voluptates et. Numquam et ducimus pariatur quis fugit est asperiores.\n\nAut laboriosam eos sapiente beatae blanditiis. Nihil dicta animi hic aut dicta exercitationem accusantium. Accusamus dolore earum sapiente quia facilis. Voluptas praesentium incidunt nihil consequatur deleniti animi.','2024-04-01 22:51:54',1,'news',0,42,12,NULL,'2024-11-20 14:04:18','2024-11-20 14:04:18'),(284,'deleniti-1','deleniti-1','Minus itaque amet architecto optio facilis laborum inventore hic. Autem harum omnis reprehenderit expedita adipisci. Autem illum tempore facere.\n\nQuas aut tenetur delectus vel aliquid. Porro quasi eius placeat deserunt. Distinctio dolor est quaerat molestiae aut fugit rem aut.\n\nDolores qui quas officia harum culpa numquam molestiae. Amet aperiam libero sed occaecati non perspiciatis. Sunt debitis rerum illum optio. Cum sit deleniti expedita quo.','2024-05-10 03:41:58',0,'news',1,42,12,NULL,'2024-11-20 14:04:18','2024-11-20 14:04:18'),(285,'voluptas-2','voluptas-2','Et fugit incidunt sed fugit culpa. Perspiciatis voluptas vitae et dolorum perspiciatis aliquam. Aut distinctio necessitatibus provident explicabo. Quis deleniti praesentium provident fuga.\n\nDolores quas impedit laborum rem labore. Temporibus sint vel voluptatem reprehenderit. Sed maiores quis eaque nemo deleniti corporis. Sit nulla recusandae temporibus voluptas. Ab cupiditate molestias aspernatur perspiciatis ea.\n\nEsse odit mollitia et. Modi possimus aut delectus facere laborum. Quia sit ad unde aut.','2024-10-01 21:33:09',0,'news',1,42,12,NULL,'2024-11-20 14:04:18','2024-11-20 14:04:18'),(286,'sapiente-2','sapiente-2','Fuga quo quasi ratione quas neque. Ratione expedita id et incidunt. Officia deserunt occaecati quisquam sed. Sunt deserunt necessitatibus dignissimos dicta voluptas doloribus.\n\nA consequuntur rem et et consequuntur neque. Molestiae et sint molestiae consectetur optio aut sit. Veritatis nihil quos voluptatibus quia quo non. Et reiciendis velit possimus non.\n\nNatus minus debitis enim unde. Corporis ut neque fugit. Ad saepe quibusdam veritatis labore et eum. Omnis temporibus explicabo unde a atque non nobis.','2024-05-24 01:12:49',1,'news',0,42,12,NULL,'2024-11-20 14:04:18','2024-11-20 14:04:18'),(287,'adipisci','adipisci','Modi ullam fugiat et deserunt. Unde sunt dolores ut recusandae nihil. Accusantium rerum dolorem et autem officiis asperiores omnis. Voluptatem voluptatibus aut veritatis nihil optio.\n\nSed sed soluta qui autem modi. Consectetur perferendis iure architecto sed sequi aut similique debitis. Reprehenderit exercitationem fuga deserunt inventore ullam nostrum molestiae. Itaque omnis quaerat labore doloremque commodi et.\n\nDeserunt ut eos velit. Quo et dolores veritatis laudantium quis veniam. Est et enim ullam eligendi voluptatem magni sit dolor.','2024-10-30 15:50:30',0,'news',0,42,12,NULL,'2024-11-20 14:04:18','2024-11-20 14:04:18'),(288,'optio-1','optio-1','Laboriosam quibusdam similique a et magnam. Aut ut omnis voluptas. Voluptas voluptatum inventore quia enim deserunt voluptates. Dolorem aut nostrum delectus voluptatum ad temporibus laborum deserunt.\n\nSapiente sit dolores neque esse. Atque eum voluptatibus fugiat numquam doloremque. Dolorem magnam architecto rerum facilis omnis quasi minus nisi. Incidunt repellat eos fugit praesentium.\n\nIn ut ratione et earum dolores. Amet nobis soluta ut et eaque error maiores et. Quibusdam commodi odio dolor temporibus est aut.','2023-12-31 06:24:06',1,'news',1,42,12,NULL,'2024-11-20 14:04:18','2024-11-20 14:04:18'),(289,'qui-8','qui-8','Nulla assumenda velit est temporibus sunt vel. Omnis rerum dolores eum facilis. Dolor aut delectus deleniti minima natus aliquam ipsa. Voluptates quidem maxime reiciendis aliquid dignissimos ex.\n\nDolor molestias maxime odio consequatur. Voluptatum qui numquam ut dolores. At quo et explicabo aliquid nemo. Adipisci quae voluptas est porro.\n\nDolores sint mollitia animi doloremque sequi eos. Nihil qui optio nobis dolore praesentium soluta error. Repellendus reprehenderit neque quo et esse libero excepturi quas. A animi est autem nisi. Sed quasi non ut voluptas saepe illo.','2024-03-13 03:31:39',0,'news',0,42,12,NULL,'2024-11-20 14:04:18','2024-11-20 14:04:18'),(290,'rerum-3','rerum-3','Ab tempora enim occaecati omnis molestiae. Voluptatem voluptate id ad optio officiis dolorum aut. Ad id molestias similique. Totam et nam numquam inventore dolorum est.\n\nId ut quasi molestiae rem. Ex sequi expedita amet enim. Dolores iste unde dolor in totam aut et dolorem.\n\nEt nisi expedita veritatis exercitationem. Dolorum dolorem eaque harum voluptas. Quidem porro suscipit eos doloremque doloribus omnis quibusdam.','2023-12-25 09:41:25',0,'news',1,42,12,NULL,'2024-11-20 14:04:18','2024-11-20 14:04:18'),(291,'ut-10','ut-10','Omnis modi omnis dicta dolor exercitationem vel ut. Quo similique amet vitae qui officiis exercitationem. Consectetur numquam rem aut pariatur aliquam totam. Et atque et illum necessitatibus quisquam modi minima.\n\nEarum iure voluptatibus molestiae iure repellat. Molestiae aut eum minima molestiae eos et. Sint illum delectus explicabo tenetur.\n\nAtque necessitatibus non tempora repudiandae quae sed. Rerum eos molestiae et sed nihil atque ab. Dolorem sapiente nam est explicabo excepturi nam.','2023-11-26 07:26:56',0,'news',0,43,19,NULL,'2024-11-20 14:04:19','2024-11-20 14:04:19'),(292,'sit-1','sit-1','Debitis in eum sunt enim. Ut accusantium repellat delectus repellat. Molestias doloribus voluptates in dolorem optio perspiciatis sed vel.\n\nPerferendis voluptatem qui autem totam. Unde minima laborum dolorem quidem maxime distinctio fugiat. Voluptatum in voluptas quis minus mollitia voluptatem.\n\nUnde est assumenda quo aliquid numquam accusantium omnis quidem. Maiores doloremque labore et quidem doloremque omnis.','2023-12-01 23:32:00',1,'news',0,43,19,NULL,'2024-11-20 14:04:19','2024-11-20 14:04:19'),(293,'aut-8','aut-8','Vel dolor voluptates et nesciunt iusto consequatur. Omnis sunt non laborum laudantium id porro. Quam autem dignissimos sit consectetur sit. Eos quae enim optio molestiae.\n\nSoluta ipsa est voluptas a sit cumque ut. Perspiciatis quia voluptates perspiciatis delectus qui in.\n\nSit impedit eius voluptates qui porro in est. Et maiores quia tempora aliquam est error. Molestias voluptatem assumenda molestias error et sit consequuntur.','2024-07-05 05:25:56',0,'news',0,43,19,NULL,'2024-11-20 14:04:19','2024-11-20 14:04:19'),(294,'magni-2','magni-2','Repudiandae illum molestiae nihil aut. Perferendis rerum blanditiis est laudantium aut ea possimus. Repellat autem eligendi consectetur necessitatibus in non. Ut magnam quibusdam neque.\n\nEst illum vel error non hic voluptas nemo. Non numquam voluptatem consequatur voluptates. Error qui ut corrupti ut. Ea culpa molestiae totam provident autem.\n\nRepellat molestiae illum beatae est nihil soluta. Blanditiis in quam delectus aut. Tempora qui rerum doloribus. Assumenda assumenda eos reiciendis doloribus.','2024-10-29 03:56:45',0,'news',0,43,19,NULL,'2024-11-20 14:04:19','2024-11-20 14:04:19'),(295,'nesciunt-2','nesciunt-2','Ducimus ex earum id et aut rerum rerum. Voluptas quia laboriosam vitae eaque natus enim. Labore iusto aut consectetur nam ab tempore. Mollitia ipsam minima sit et quis.\n\nQuas quia aut ut qui molestiae. Doloribus rerum illum quos assumenda ullam sed vel. Harum minus cupiditate neque iure.\n\nVeniam officia est tenetur maiores quia officiis. Laudantium voluptate incidunt sint consequatur distinctio accusantium. Necessitatibus consequatur possimus quo est sunt. Omnis veritatis blanditiis sequi autem rerum deleniti. Aut rerum aut nisi sint et maxime.','2024-06-09 18:39:38',0,'news',0,43,19,NULL,'2024-11-20 14:04:19','2024-11-20 14:04:19'),(296,'eligendi-3','eligendi-3','Nobis quis quis vitae earum sit et perspiciatis. Labore labore et aspernatur eum quos.\n\nError ratione omnis est qui adipisci perspiciatis unde aliquid. Molestiae accusantium a facilis maiores molestiae nobis qui maxime. Minus neque eos aut quia aut molestiae.\n\nVero temporibus ipsum rerum aliquam. Aliquid ex illum qui enim cum quae. Eos molestiae tenetur quos quibusdam natus quia molestiae eius.','2024-03-09 15:40:49',1,'news',1,43,19,NULL,'2024-11-20 14:04:19','2024-11-20 14:04:19'),(297,'aut-9','aut-9','Vel et tempore repellat est qui ullam dicta. Ullam nam dolorem nobis id. Necessitatibus et tempore autem non magni necessitatibus delectus. Consequatur architecto sed eligendi consequuntur.\n\nQuidem molestias iure aliquam eligendi ad rerum. Et velit et totam iste. Quia totam nam porro veniam.\n\nReprehenderit est vero possimus et aut. Ut corrupti quisquam animi sapiente soluta. Commodi laborum quo excepturi aspernatur velit maxime nesciunt.','2024-10-03 22:35:10',0,'news',0,43,19,NULL,'2024-11-20 14:04:19','2024-11-20 14:04:19'),(298,'nihil-2','nihil-2','Iusto ex ipsum et delectus asperiores molestiae ullam dolor. Explicabo officia non recusandae iure magnam. Omnis ad qui eos alias. Quasi sint fugit magni ut.\n\nAsperiores vel nihil enim excepturi magni tempora laborum ea. Voluptas culpa enim cum quisquam quaerat aut occaecati. Quam aperiam et possimus delectus quo labore.\n\nMolestiae quia dolores accusantium. Quaerat minima sunt voluptatem praesentium numquam iure modi. Fugiat qui sed sit ut dolorum debitis non. Et possimus et voluptatem quia. Qui eligendi magnam doloremque et voluptatibus quia.','2024-10-17 18:16:49',0,'news',1,43,19,NULL,'2024-11-20 14:04:19','2024-11-20 14:04:19'),(299,'illum','illum','Molestias libero odit dicta. Velit est dolorem quo nam. Nostrum impedit dolor quos.\n\nIn sed voluptatem maxime. Voluptates tempora ex qui iste qui magnam. Deserunt quam soluta quia voluptatem neque labore enim. Dicta voluptate corporis sit dolore. Fuga sint ut modi est ab.\n\nQuis voluptatum est at. Provident ea dolores aut in omnis ipsum unde omnis. Rerum velit laudantium deserunt eveniet. At inventore aut hic hic consequatur.','2024-05-11 07:33:06',0,'news',1,43,19,NULL,'2024-11-20 14:04:19','2024-11-20 14:04:19'),(300,'ea-2','ea-2','Iure totam accusantium hic maiores ipsa. Quia beatae aliquid enim magnam tenetur est qui distinctio. Enim nobis consequatur asperiores adipisci aperiam enim. Rerum totam ad beatae recusandae voluptatem ut.\n\nAlias enim vero eum qui. Necessitatibus sequi eius quidem vero sequi at. Quis hic mollitia consequatur nemo velit.\n\nNecessitatibus error est ut. Nemo deleniti repudiandae inventore ut. Est aut temporibus voluptates eligendi dolorum. Doloremque cum aut rerum reprehenderit repellendus. Quas quasi iusto explicabo et aliquam quod.','2024-08-01 18:09:26',1,'news',1,43,19,NULL,'2024-11-20 14:04:19','2024-11-20 14:04:19'),(301,'voluptates-3','voluptates-3','Esse autem ab suscipit. Alias tenetur quam dolor provident voluptas consequuntur voluptatem. Soluta magnam impedit voluptas est doloremque delectus veniam. Ut et eos aperiam quo quasi incidunt cum. Eveniet aspernatur sit ad enim et voluptatibus.\n\nVel molestiae facere corrupti. Rerum sed enim distinctio et non enim iure commodi. Libero quia alias ut.\n\nUllam sit soluta alias doloremque. Id reiciendis veniam repellat vel facere enim labore quaerat. Iusto libero alias fugit dolorum suscipit inventore. Esse ratione fuga atque deserunt sequi id dolor.','2024-08-21 21:24:07',0,'news',0,45,21,NULL,'2024-11-20 14:04:19','2024-11-20 14:04:19'),(302,'iste-1','iste-1','Voluptatem nostrum nam possimus possimus voluptatem quam. Delectus dolorem mollitia sed rerum enim quo voluptatem. Eaque reiciendis quis adipisci nihil eligendi unde facilis. Similique hic voluptates quibusdam ut molestias aut magni.\n\nEx itaque et qui sint magni qui. Ducimus asperiores et vel qui. Non neque voluptatem hic culpa. Mollitia neque quia corporis ducimus possimus sit quasi.\n\nMaiores qui non alias sit quas ut. Enim doloremque odit ullam et est molestiae. Temporibus vero vel sed ullam. Fugit minima impedit mollitia. Omnis et incidunt animi ipsa itaque nihil voluptatem nihil.','2024-06-18 12:37:48',0,'news',1,45,21,NULL,'2024-11-20 14:04:19','2024-11-20 14:04:19'),(303,'dolor-2','dolor-2','Minima sed porro officia. Dicta et soluta accusantium quia. Nostrum est architecto aut et voluptatum. A voluptates tempore sed saepe et.\n\nCommodi accusamus et error et sed sunt quisquam rerum. Ducimus facere quas repellat doloribus expedita quidem iste aperiam. Non voluptatem provident repellendus eos deleniti.\n\nDelectus et labore voluptas velit quibusdam maiores aliquid. Harum animi quaerat sint sed consequatur impedit delectus. Possimus dignissimos omnis reprehenderit dolore voluptatem.','2024-05-10 04:30:46',1,'news',0,45,21,NULL,'2024-11-20 14:04:19','2024-11-20 14:04:19'),(304,'deserunt-1','deserunt-1','Voluptates dolores soluta molestiae tempore voluptas perferendis. Aut sit eum delectus. Qui quos sunt consequuntur cumque dolore ad voluptatibus consequuntur. Illum illo sapiente et occaecati fugiat quas quae voluptatibus.\n\nRerum quo blanditiis ipsam. Dolores nemo et asperiores. Vitae atque ea quam molestiae. Dolorem sequi et officiis enim officiis.\n\nDeleniti nobis aut laudantium perferendis illum. Provident neque deleniti ipsum et. Culpa vitae quasi consequuntur est similique. Autem id beatae necessitatibus tenetur deleniti. Magni repellendus ad omnis rerum impedit velit.','2024-03-26 19:19:47',0,'news',0,45,21,NULL,'2024-11-20 14:04:19','2024-11-20 14:04:19'),(305,'commodi-1','commodi-1','Dolorum debitis quia voluptas exercitationem enim in aut. Ea quis ipsam quas. Officiis sed suscipit ducimus est tenetur.\n\nMolestias quaerat non doloremque est facere vero. Aut perferendis quis omnis nisi in rerum est. Ut veritatis consectetur dolores qui totam suscipit. Odio ipsa voluptates ut assumenda ut laudantium hic.\n\nEst dolores sed ut. Consequatur rerum culpa eum totam. Totam qui fugiat aliquam veritatis voluptas eum quas facere.','2024-04-02 16:05:14',1,'news',1,45,21,NULL,'2024-11-20 14:04:19','2024-11-20 14:04:19'),(306,'eligendi-4','eligendi-4','Voluptate blanditiis ipsam vero rem officiis perferendis unde. Facere unde quae nesciunt aliquam nisi. Consequatur dignissimos quia sed perferendis veritatis est iure. Sapiente quas necessitatibus ut ex.\n\nDolor quos quae delectus laboriosam magnam. Deleniti explicabo aperiam non. Exercitationem nihil est consequuntur.\n\nNisi ex aut illo error nostrum cupiditate ducimus. Atque libero eos eligendi dolor ut ut eum. Facilis sequi distinctio assumenda.','2024-04-13 01:33:22',0,'news',0,45,21,NULL,'2024-11-20 14:04:19','2024-11-20 14:04:19'),(307,'velit-2','velit-2','Quasi eaque impedit praesentium quasi quaerat. Tenetur dolorem ullam ducimus ipsum similique laborum dolorem voluptatem. Hic placeat corporis aliquam tenetur voluptatem non corrupti. Debitis in qui quis hic ipsam libero repudiandae.\n\nVoluptatem possimus dolorum rem. Ut est nam accusamus qui assumenda fuga. Non est impedit vel eligendi sit.\n\nAsperiores repudiandae qui quisquam quis ullam placeat voluptatem. Fugit aut rerum ducimus dolores adipisci. Eum nisi rerum sint consectetur provident quam. Corrupti eligendi nobis natus excepturi voluptatem culpa. Facilis est eius quidem quo architecto.','2024-09-16 22:23:28',0,'news',0,45,21,NULL,'2024-11-20 14:04:19','2024-11-20 14:04:19'),(308,'ipsam','ipsam','Consectetur nam consequatur eius. Qui corporis maiores aliquid quasi facilis hic. Qui earum ipsam facere sed. Dicta voluptatum officia molestias voluptatem est architecto.\n\nEos quaerat dolores neque inventore omnis. Quae veritatis voluptate odio temporibus blanditiis minus non. Placeat error quibusdam autem eum error. Autem et et illum nihil.\n\nQui iure culpa ipsa esse. Facere ducimus est eos qui magni eligendi et. Ea sed quaerat temporibus ad aut perspiciatis tempora.','2024-01-21 17:58:59',1,'news',0,45,21,NULL,'2024-11-20 14:04:19','2024-11-20 14:04:19'),(309,'molestias-1','molestias-1','Dolorem cupiditate ipsam nobis voluptatum velit quidem. Dolore velit explicabo explicabo modi excepturi fugit. Voluptatem qui et provident laboriosam sed ut sequi ut. Commodi quisquam incidunt est qui nisi magni fugiat eius.\n\nEa nam dolor molestiae sed dolores iste. Similique labore impedit beatae quis ut aut. Non eveniet accusamus iure dicta in.\n\nEum nobis rerum facilis quo sit dignissimos maxime in. Dolores eaque deleniti vel harum. Id dolorem excepturi deserunt. Omnis sunt optio est recusandae est quidem perferendis.','2023-12-03 05:13:33',0,'news',0,45,21,NULL,'2024-11-20 14:04:19','2024-11-20 14:04:19'),(310,'quis-5','quis-5','Ullam quibusdam excepturi molestiae omnis aut. Id voluptatem architecto doloremque assumenda rerum explicabo. Id voluptatem et repudiandae distinctio ut est. Doloribus qui in animi ut.\n\nNostrum rem perspiciatis praesentium qui. Quis totam repellat sint odio consequatur illo consequuntur. Tempore molestias quos unde dolores quia saepe dolorem nihil. Ut ut repellendus beatae quibusdam. Eaque provident sed in ut quisquam est.\n\nSint facere accusantium aperiam odit. Rerum voluptatem occaecati repellendus voluptas facere reprehenderit quo. Ab voluptatem eius ut modi. Accusantium est omnis non asperiores quaerat architecto.','2024-03-31 18:17:27',0,'news',0,45,21,NULL,'2024-11-20 14:04:19','2024-11-20 14:04:19'),(311,'eveniet','eveniet','Eius non sint temporibus. Qui aspernatur magnam fuga recusandae rerum. Excepturi quidem ea illum eos laudantium ipsa quia perspiciatis. Natus reprehenderit qui dolorem consequatur pariatur accusantium pariatur.\n\nNumquam sit quis libero ea voluptatem fugiat. Et voluptatem consequatur autem sunt qui itaque. Cumque debitis nostrum dolorum nihil ducimus voluptate.\n\nMolestiae ab id ratione autem. Fugit soluta eum debitis aliquam nihil omnis laudantium. Libero omnis voluptas et inventore ad.','2024-03-18 01:43:20',0,'news',1,46,12,NULL,'2024-11-20 14:04:19','2024-11-20 14:04:19'),(312,'rerum-4','rerum-4','Neque nam consequatur sint consequuntur quaerat. Necessitatibus est blanditiis quidem occaecati. Blanditiis molestias facere vitae sunt perferendis aliquid est. Aut minus unde error aut quidem dignissimos velit.\n\nVoluptas dolorum sed sed voluptates. Nihil earum aut reprehenderit perferendis. Quis aperiam recusandae quisquam provident corrupti autem et. Molestias quas et delectus voluptatum velit quod voluptates.\n\nQuas corporis perspiciatis aut vitae perspiciatis quos. Voluptatem nam consequatur non provident eum eos. Repellat illum laborum et delectus molestiae ipsa facilis. Est ipsam qui debitis.','2024-05-25 20:12:18',1,'news',0,46,12,NULL,'2024-11-20 14:04:19','2024-11-20 14:04:19'),(313,'totam-2','totam-2','Repudiandae itaque quis dolorem ea atque. Repudiandae fugiat sed quia temporibus vel quisquam velit. Omnis qui labore veritatis similique.\n\nNumquam aliquid eligendi rerum unde atque. Earum eum sed beatae iure. Dolorum veritatis ut consectetur inventore culpa.\n\nQuibusdam rem impedit ex dolorum aut. Est aut corporis molestiae qui quia enim. Optio officiis sit repellat esse. Commodi recusandae omnis quo vero odit est fuga ut. Ut magni cupiditate est impedit quod est ullam.','2024-03-09 01:52:53',0,'news',0,46,12,NULL,'2024-11-20 14:04:19','2024-11-20 14:04:19'),(314,'tempora','tempora','Cumque qui eaque veniam quo dolor est asperiores asperiores. Commodi dolorem culpa libero molestiae. Culpa sapiente dolorem est excepturi. Iusto molestias recusandae eaque.\n\nQui debitis doloremque aperiam nihil aliquid eveniet. Et quo eligendi qui suscipit minus. Sit architecto et nobis eligendi dolor odio ipsum.\n\nMaiores velit placeat repellendus ut temporibus. Eos sit laudantium officiis possimus quam. Quas earum fuga voluptatibus repudiandae tempora.','2024-09-09 12:05:29',1,'news',0,46,12,NULL,'2024-11-20 14:04:19','2024-11-20 14:04:19'),(315,'tempora-1','tempora-1','Quam beatae qui debitis accusantium quos sunt quis. Quia optio perferendis esse incidunt. Assumenda rerum officia omnis eos. Qui officiis qui facilis libero.\n\nFacilis quidem accusamus quae quidem cupiditate magnam omnis. Voluptatem itaque earum perferendis pariatur eius enim. Aspernatur cumque nihil praesentium dolores minima.\n\nVoluptates esse illum iste et quasi. Sit perferendis qui minima laboriosam sit doloremque praesentium. Maxime fuga temporibus iusto laboriosam. In enim eos eveniet pariatur dolorem.','2024-01-03 04:43:56',0,'news',1,46,12,NULL,'2024-11-20 14:04:19','2024-11-20 14:04:19'),(316,'quia-4','quia-4','Sed eum voluptatem sunt aut et et. Saepe eum voluptas ipsa earum praesentium hic voluptatem. Vel occaecati recusandae atque. Est laborum aperiam et quo in ut.\n\nRepellat et consequatur aperiam ab laborum sint debitis ut. Iste rerum iusto sed quidem repudiandae in facilis. Non ipsum voluptas non. Consequatur maiores ducimus ut cum quisquam.\n\nAut vero veritatis quis explicabo et eum ad autem. Accusamus nobis error provident perspiciatis autem. Voluptatibus quia in omnis et maiores inventore qui.','2024-06-06 10:32:05',0,'news',0,46,12,NULL,'2024-11-20 14:04:19','2024-11-20 14:04:19'),(317,'magni-3','magni-3','Atque voluptatem et placeat aut quae in. Rerum aut labore omnis nemo nesciunt. Commodi assumenda reiciendis ut iste quia at. Consequuntur praesentium nihil rerum.\n\nUllam dolore iste id tenetur. Quia expedita amet ullam sit. Sapiente aut itaque et et voluptate doloribus.\n\nDolore recusandae porro sit adipisci. Dolores ratione neque qui dolorem officiis. Est incidunt dolorum est nam.','2024-02-02 10:48:25',0,'news',0,46,12,NULL,'2024-11-20 14:04:19','2024-11-20 14:04:19'),(318,'reprehenderit-1','reprehenderit-1','Itaque atque inventore est. Voluptas quia voluptatem eaque vitae et distinctio sed. Tempora consequatur facilis officia aut dolorem nihil.\n\nAliquid harum suscipit libero cum vel facilis aliquid pariatur. Ut eveniet aliquam aspernatur tempore nostrum nesciunt sunt nisi. Necessitatibus consequatur nisi amet voluptatibus molestias. Velit doloribus consequatur voluptas commodi qui.\n\nExcepturi consequatur magnam aut. Reiciendis praesentium autem laboriosam itaque inventore sunt delectus repellat. Et eos aut ducimus tenetur labore et fugit.','2023-12-10 22:13:34',0,'news',1,46,12,NULL,'2024-11-20 14:04:19','2024-11-20 14:04:19'),(319,'accusamus-1','accusamus-1','Odio officia rerum sunt ratione. Recusandae non harum ea quia vitae ratione consequatur. Optio ipsa maiores quasi et. Qui qui et qui quis quo nobis ipsum.\n\nUnde soluta nobis a recusandae quo. Culpa hic ullam architecto facere. Excepturi in aut consequatur optio enim quidem. Cupiditate a atque dolorem quidem sit suscipit quia.\n\nConsequatur aliquid cumque incidunt dolorem cum autem. Eos corporis aperiam quis consequatur ut. Quaerat architecto necessitatibus veniam beatae delectus.','2024-06-25 01:52:52',0,'news',1,46,12,NULL,'2024-11-20 14:04:19','2024-11-20 14:04:19'),(320,'nam-2','nam-2','Et eum qui et ullam velit delectus. Nihil suscipit esse totam illo et. Fugit aut quia optio. Magnam quia ex adipisci ad omnis corrupti voluptas.\n\nFuga et numquam blanditiis excepturi sed eligendi consequuntur. Magnam omnis omnis distinctio nisi. Deleniti eius tempore vel cum.\n\nVoluptatem maxime qui eaque enim magnam odit. Quos laborum molestias quod eaque. Consequatur quis id aut commodi dolorum.','2024-11-15 04:25:32',0,'news',1,46,12,NULL,'2024-11-20 14:04:19','2024-11-20 14:04:19');
/*!40000 ALTER TABLE `articles` ENABLE KEYS */;
UNLOCK TABLES;

--
-- Table structure for table `categories`
--

DROP TABLE IF EXISTS `categories`;
/*!40101 SET @saved_cs_client     = @@character_set_client */;
/*!50503 SET character_set_client = utf8mb4 */;
CREATE TABLE `categories` (
  `id` bigint unsigned NOT NULL AUTO_INCREMENT,
  `name` varchar(255) CHARACTER SET utf8mb4 COLLATE utf8mb4_unicode_ci NOT NULL,
  `slug` varchar(255) CHARACTER SET utf8mb4 COLLATE utf8mb4_unicode_ci NOT NULL,
  `parent_id` bigint unsigned DEFAULT NULL,
  `status` tinyint(1) NOT NULL DEFAULT '1',
  `deleted_at` timestamp NULL DEFAULT NULL,
  `created_at` timestamp NULL DEFAULT NULL,
  `updated_at` timestamp NULL DEFAULT NULL,
  PRIMARY KEY (`id`),
  UNIQUE KEY `categories_name_unique` (`name`),
  UNIQUE KEY `categories_slug_unique` (`slug`),
  KEY `categories_parent_id_foreign` (`parent_id`),
  CONSTRAINT `categories_parent_id_foreign` FOREIGN KEY (`parent_id`) REFERENCES `categories` (`id`) ON DELETE SET NULL
) ENGINE=InnoDB AUTO_INCREMENT=49 DEFAULT CHARSET=utf8mb4 COLLATE=utf8mb4_unicode_ci;
/*!40101 SET character_set_client = @saved_cs_client */;

--
-- Dumping data for table `categories`
--

LOCK TABLES `categories` WRITE;
/*!40000 ALTER TABLE `categories` DISABLE KEYS */;
INSERT INTO `categories` VALUES (1,'Amakuru y\'imbere mu gihugu','amakuru-yimbere-mu-gihugu',NULL,1,NULL,'2024-11-20 14:04:04','2024-11-20 14:04:04'),(2,'Amakuru mpuzamahanga','amakuru-mpuzamahanga',NULL,1,NULL,'2024-11-20 14:04:04','2024-11-20 14:04:04'),(3,'Inkuru z\'ihutirwa','inkuru-zihutirwa',NULL,1,NULL,'2024-11-20 14:04:04','2024-11-20 14:04:04'),(4,'Iteganyagihe','iteganyagihe',NULL,1,NULL,'2024-11-20 14:04:04','2024-11-20 14:04:04'),(5,'Inyandiko z\'ubusesenguzi','inyandiko-zubusesenguzi',NULL,1,NULL,'2024-11-20 14:04:04','2024-11-20 14:04:04'),(6,'Politiki y\'igihugu','politiki-yigihugu',NULL,1,NULL,'2024-11-20 14:04:04','2024-11-20 14:04:04'),(7,'Politiki mpuzamahanga','politiki-mpuzamahanga',NULL,1,NULL,'2024-11-20 14:04:04','2024-11-20 14:04:04'),(8,'Amatora','amatora',NULL,1,NULL,'2024-11-20 14:04:04','2024-11-20 14:04:04'),(9,'Ubucuruzi n\'ubukungu','ubucuruzi-nubukungu',NULL,1,NULL,'2024-11-20 14:04:04','2024-11-20 14:04:04'),(10,'Isoko ry\'imigabane','isoko-ryimigabane',NULL,1,NULL,'2024-11-20 14:04:04','2024-11-20 14:04:04'),(11,'Ubwubatsi n\'imiturire','ubwubatsi-nimiturire',NULL,1,NULL,'2024-11-20 14:04:04','2024-11-20 14:04:04'),(12,'Kwihangira imirimo','kwihangira-imirimo',NULL,1,NULL,'2024-11-20 14:04:04','2024-11-20 14:04:04'),(13,'Ikoranabuhanga','ikoranabuhanga',NULL,1,NULL,'2024-11-20 14:04:04','2024-11-20 14:04:04'),(14,'Imishinga mishya','imishinga-mishya',NULL,1,NULL,'2024-11-20 14:04:04','2024-11-20 14:04:04'),(15,'Ubwenge bw\'ubukorano','ubwenge-bwubukorano',NULL,1,NULL,'2024-11-20 14:04:04','2024-11-20 14:04:04'),(16,'Ibikoresho bishya','ibikoresho-bishya',NULL,1,NULL,'2024-11-20 14:04:04','2024-11-20 14:04:04'),(17,'Ubuzima n\'imibereho','ubuzima-nimibereho',1,1,NULL,'2024-11-20 14:04:04','2024-11-20 14:04:04'),(18,'Ubuzima bwo mu mutwe','ubuzima-bwo-mu-mutwe',1,1,NULL,'2024-11-20 14:04:04','2024-11-20 14:04:04'),(19,'Kwitwara neza mu mubiri','kwitwara-neza-mu-mubiri',1,0,NULL,'2024-11-20 14:04:04','2024-11-20 14:04:04'),(20,'Ibikorwa bishya mu buvuzi','ibikorwa-bishya-mu-buvuzi',1,0,NULL,'2024-11-20 14:04:04','2024-11-20 14:04:04'),(21,'Filime na Televiziyo','filime-na-televiziyo',6,1,NULL,'2024-11-20 14:04:04','2024-11-20 14:04:04'),(22,'Umuziki','umuziki',6,0,NULL,'2024-11-20 14:04:04','2024-11-20 14:04:04'),(23,'Imyambarire n\'ubwiza','imyambarire-nubwiza',6,1,NULL,'2024-11-20 14:04:04','2024-11-20 14:04:04'),(24,'Ibyamamare','ibyamamare',6,1,NULL,'2024-11-20 14:04:04','2024-11-20 14:04:04'),(25,'Ubuvanganzo n\'ubuhanzi','ubuvanganzo-nubuhanzi',7,0,NULL,'2024-11-20 14:04:04','2024-11-20 14:04:04'),(26,'Ubukerarugendo','ubukerarugendo',7,0,NULL,'2024-11-20 14:04:04','2024-11-20 14:04:04'),(27,'Ibiryo n\'imyitozo yo guteka','ibiryo-nimyitozo-yo-guteka',7,0,NULL,'2024-11-20 14:04:04','2024-11-20 14:04:04'),(28,'Urukundo n\'imiryango','urukundo-nimiryango',7,1,NULL,'2024-11-20 14:04:04','2024-11-20 14:04:04'),(29,'Imyemerere n\'iby\'umwuka','imyemerere-nibyumwuka',9,0,NULL,'2024-11-20 14:04:04','2024-11-20 14:04:04'),(30,'Ibyaha n\'ubutabera','ibyaha-nubutabera',9,0,NULL,'2024-11-20 14:04:04','2024-11-20 14:04:04'),(31,'Intambara n\'ibibazo','intambara-nibibazo',9,0,NULL,'2024-11-20 14:04:04','2024-11-20 14:04:04'),(32,'Ibiza','ibiza',9,1,NULL,'2024-11-20 14:04:04','2024-11-20 14:04:04'),(33,'Imikino y\'imbere mu gihugu','imikino-yimbere-mu-gihugu',11,1,NULL,'2024-11-20 14:04:04','2024-11-20 14:04:04'),(34,'Imikino mpuzamahanga','imikino-mpuzamahanga',11,0,NULL,'2024-11-20 14:04:04','2024-11-20 14:04:04'),(35,'Umupira w\'amaguru','umupira-wamaguru',11,0,NULL,'2024-11-20 14:04:04','2024-11-20 14:04:04'),(36,'Imikino ngororamubiri','imikino-ngororamubiri',11,0,NULL,'2024-11-20 14:04:04','2024-11-20 14:04:04'),(37,'Impinduka z\'ibihe','impinduka-zibihe',12,1,NULL,'2024-11-20 14:04:04','2024-11-20 14:04:04'),(38,'Ubuzima bw\'inyamaswa','ubuzima-bwinyamaswa',12,0,NULL,'2024-11-20 14:04:04','2024-11-20 14:04:04'),(39,'Ubuhinzi n\'ubworozi','ubuhinzi-nubworozi',12,1,NULL,'2024-11-20 14:04:04','2024-11-20 14:04:04'),(40,'Ibikorwa by\'urubyiruko','ibikorwa-byurubyiruko',12,1,NULL,'2024-11-20 14:04:04','2024-11-20 14:04:04'),(41,'Uburezi','uburezi',15,1,NULL,'2024-11-20 14:04:05','2024-11-20 14:04:05'),(42,'Amahirwe y\'uburezi','amahirwe-yuburezi',15,1,NULL,'2024-11-20 14:04:05','2024-11-20 14:04:05'),(43,'Ubushakashatsi','ubushakashatsi',15,1,NULL,'2024-11-20 14:04:05','2024-11-20 14:04:05'),(44,'Amateka n\'umurage','amateka-numurage',15,0,NULL,'2024-11-20 14:04:05','2024-11-20 14:04:05'),(45,'Ibinyabiziga n\'ubwikorezi','ibinyabiziga-nubwikorezi',16,1,NULL,'2024-11-20 14:04:05','2024-11-20 14:04:05'),(46,'Ubushakashatsi ku isanzure','ubushakashatsi-ku-isanzure',16,1,NULL,'2024-11-20 14:04:05','2024-11-20 14:04:05'),(47,'Inkuru zitangaje','inkuru-zitangaje',16,0,NULL,'2024-11-20 14:04:05','2024-11-20 14:04:05'),(48,'Repellat','repellat',16,0,NULL,'2024-11-20 14:04:05','2024-11-20 14:04:05');
/*!40000 ALTER TABLE `categories` ENABLE KEYS */;
UNLOCK TABLES;

--
-- Table structure for table `comments`
--

DROP TABLE IF EXISTS `comments`;
/*!40101 SET @saved_cs_client     = @@character_set_client */;
/*!50503 SET character_set_client = utf8mb4 */;
CREATE TABLE `comments` (
  `id` bigint unsigned NOT NULL AUTO_INCREMENT,
  `comment` text CHARACTER SET utf8mb4 COLLATE utf8mb4_unicode_ci NOT NULL,
  `status` enum('pending','approved','rejected') CHARACTER SET utf8mb4 COLLATE utf8mb4_unicode_ci NOT NULL DEFAULT 'pending',
  `parent_id` bigint unsigned DEFAULT NULL,
  `guest_data` json DEFAULT NULL,
  `commenter_id` varchar(255) CHARACTER SET utf8mb4 COLLATE utf8mb4_unicode_ci DEFAULT NULL,
  `commenter_type` varchar(255) CHARACTER SET utf8mb4 COLLATE utf8mb4_unicode_ci DEFAULT NULL,
  `commentable_type` varchar(255) CHARACTER SET utf8mb4 COLLATE utf8mb4_unicode_ci NOT NULL,
  `commentable_id` bigint unsigned NOT NULL,
  `deleted_at` timestamp NULL DEFAULT NULL,
  `created_at` timestamp NULL DEFAULT NULL,
  `updated_at` timestamp NULL DEFAULT NULL,
  PRIMARY KEY (`id`),
  KEY `comments_parent_id_foreign` (`parent_id`),
  KEY `comments_commenter_id_commenter_type_index` (`commenter_id`,`commenter_type`),
  KEY `comments_commentable_type_commentable_id_index` (`commentable_type`,`commentable_id`),
  CONSTRAINT `comments_parent_id_foreign` FOREIGN KEY (`parent_id`) REFERENCES `comments` (`id`) ON DELETE CASCADE
) ENGINE=InnoDB DEFAULT CHARSET=utf8mb4 COLLATE=utf8mb4_unicode_ci;
/*!40101 SET character_set_client = @saved_cs_client */;

--
-- Dumping data for table `comments`
--

LOCK TABLES `comments` WRITE;
/*!40000 ALTER TABLE `comments` DISABLE KEYS */;
/*!40000 ALTER TABLE `comments` ENABLE KEYS */;
UNLOCK TABLES;

--
-- Table structure for table `contact_info`
--

DROP TABLE IF EXISTS `contact_info`;
/*!40101 SET @saved_cs_client     = @@character_set_client */;
/*!50503 SET character_set_client = utf8mb4 */;
CREATE TABLE `contact_info` (
  `id` bigint unsigned NOT NULL AUTO_INCREMENT,
  `title` varchar(255) CHARACTER SET utf8mb4 COLLATE utf8mb4_unicode_ci DEFAULT NULL,
  `content` text CHARACTER SET utf8mb4 COLLATE utf8mb4_unicode_ci,
  `address` varchar(255) CHARACTER SET utf8mb4 COLLATE utf8mb4_unicode_ci DEFAULT NULL,
  `email` varchar(255) CHARACTER SET utf8mb4 COLLATE utf8mb4_unicode_ci DEFAULT NULL,
  `phone` varchar(255) CHARACTER SET utf8mb4 COLLATE utf8mb4_unicode_ci DEFAULT NULL,
  `created_at` timestamp NULL DEFAULT NULL,
  `updated_at` timestamp NULL DEFAULT NULL,
  PRIMARY KEY (`id`)
) ENGINE=InnoDB AUTO_INCREMENT=2 DEFAULT CHARSET=utf8mb4 COLLATE=utf8mb4_unicode_ci;
/*!40101 SET character_set_client = @saved_cs_client */;

--
-- Dumping data for table `contact_info`
--

LOCK TABLES `contact_info` WRITE;
/*!40000 ALTER TABLE `contact_info` DISABLE KEYS */;
INSERT INTO `contact_info` VALUES (1,'CEO','macyenga nova','24W8+Q58, KG 17 Ave, Kigali, Rwanda','nowdidier@gmail.com','+250789690247','2024-11-20 14:04:21','2024-11-30 08:07:03');
/*!40000 ALTER TABLE `contact_info` ENABLE KEYS */;
UNLOCK TABLES;

--
-- Table structure for table `failed_jobs`
--

DROP TABLE IF EXISTS `failed_jobs`;
/*!40101 SET @saved_cs_client     = @@character_set_client */;
/*!50503 SET character_set_client = utf8mb4 */;
CREATE TABLE `failed_jobs` (
  `id` bigint unsigned NOT NULL AUTO_INCREMENT,
  `uuid` varchar(255) CHARACTER SET utf8mb4 COLLATE utf8mb4_unicode_ci NOT NULL,
  `connection` text CHARACTER SET utf8mb4 COLLATE utf8mb4_unicode_ci NOT NULL,
  `queue` text CHARACTER SET utf8mb4 COLLATE utf8mb4_unicode_ci NOT NULL,
  `payload` longtext CHARACTER SET utf8mb4 COLLATE utf8mb4_unicode_ci NOT NULL,
  `exception` longtext CHARACTER SET utf8mb4 COLLATE utf8mb4_unicode_ci NOT NULL,
  `failed_at` timestamp NOT NULL DEFAULT CURRENT_TIMESTAMP,
  PRIMARY KEY (`id`),
  UNIQUE KEY `failed_jobs_uuid_unique` (`uuid`)
) ENGINE=InnoDB DEFAULT CHARSET=utf8mb4 COLLATE=utf8mb4_unicode_ci;
/*!40101 SET character_set_client = @saved_cs_client */;

--
-- Dumping data for table `failed_jobs`
--

LOCK TABLES `failed_jobs` WRITE;
/*!40000 ALTER TABLE `failed_jobs` DISABLE KEYS */;
/*!40000 ALTER TABLE `failed_jobs` ENABLE KEYS */;
UNLOCK TABLES;

--
-- Table structure for table `hotnesses`
--

DROP TABLE IF EXISTS `hotnesses`;
/*!40101 SET @saved_cs_client     = @@character_set_client */;
/*!50503 SET character_set_client = utf8mb4 */;
CREATE TABLE `hotnesses` (
  `id` bigint unsigned NOT NULL AUTO_INCREMENT,
  `hotnessable_type` varchar(255) CHARACTER SET utf8mb4 COLLATE utf8mb4_unicode_ci NOT NULL,
  `hotnessable_id` bigint unsigned NOT NULL,
  `is_hot` tinyint(1) NOT NULL DEFAULT '0',
  `created_at` timestamp NULL DEFAULT NULL,
  `updated_at` timestamp NULL DEFAULT NULL,
  PRIMARY KEY (`id`),
  KEY `hotnesses_hotnessable_type_hotnessable_id_index` (`hotnessable_type`,`hotnessable_id`)
) ENGINE=InnoDB AUTO_INCREMENT=55 DEFAULT CHARSET=utf8mb4 COLLATE=utf8mb4_unicode_ci;
/*!40101 SET character_set_client = @saved_cs_client */;

--
-- Dumping data for table `hotnesses`
--

LOCK TABLES `hotnesses` WRITE;
/*!40000 ALTER TABLE `hotnesses` DISABLE KEYS */;
INSERT INTO `hotnesses` VALUES (1,'Modules\\Tag\\App\\Models\\Tag',2,1,'2024-11-20 14:04:05','2024-11-20 14:04:05'),(2,'Modules\\Tag\\App\\Models\\Tag',4,1,'2024-11-20 14:04:05','2024-11-20 14:04:05'),(3,'Modules\\Tag\\App\\Models\\Tag',5,1,'2024-11-20 14:04:05','2024-11-20 14:04:05'),(4,'Modules\\Tag\\App\\Models\\Tag',6,1,'2024-11-20 14:04:05','2024-11-20 14:04:05'),(5,'Modules\\Tag\\App\\Models\\Tag',8,1,'2024-11-20 14:04:05','2024-11-20 14:04:05'),(6,'Modules\\Tag\\App\\Models\\Tag',10,1,'2024-11-20 14:04:05','2024-11-20 14:04:05'),(7,'Modules\\Article\\App\\Models\\Article',1,1,'2024-11-20 14:04:06','2024-11-20 14:04:06'),(8,'Modules\\Article\\App\\Models\\Article',2,1,'2024-11-20 14:04:06','2024-11-20 14:04:06'),(9,'Modules\\Article\\App\\Models\\Article',3,1,'2024-11-20 14:04:06','2024-11-20 14:04:06'),(10,'Modules\\Article\\App\\Models\\Article',19,1,'2024-11-20 14:04:06','2024-11-20 14:04:06'),(11,'Modules\\Article\\App\\Models\\Article',24,1,'2024-11-20 14:04:07','2024-11-20 14:04:07'),(12,'Modules\\Article\\App\\Models\\Article',25,1,'2024-11-20 14:04:07','2024-11-20 14:04:07'),(13,'Modules\\Article\\App\\Models\\Article',28,1,'2024-11-20 14:04:07','2024-11-20 14:04:07'),(14,'Modules\\Article\\App\\Models\\Article',30,1,'2024-11-20 14:04:07','2024-11-20 14:04:07'),(15,'Modules\\Article\\App\\Models\\Article',34,1,'2024-11-20 14:04:07','2024-11-20 14:04:07'),(16,'Modules\\Article\\App\\Models\\Article',42,1,'2024-11-20 14:04:07','2024-11-20 14:04:07'),(17,'Modules\\Article\\App\\Models\\Article',49,1,'2024-11-20 14:04:08','2024-11-20 14:04:08'),(18,'Modules\\Article\\App\\Models\\Article',52,1,'2024-11-20 14:04:08','2024-11-20 14:04:08'),(19,'Modules\\Article\\App\\Models\\Article',70,1,'2024-11-20 14:04:08','2024-11-20 14:04:08'),(20,'Modules\\Article\\App\\Models\\Article',74,1,'2024-11-20 14:04:09','2024-11-20 14:04:09'),(21,'Modules\\Article\\App\\Models\\Article',89,1,'2024-11-20 14:04:09','2024-11-20 14:04:09'),(22,'Modules\\Article\\App\\Models\\Article',90,1,'2024-11-20 14:04:09','2024-11-20 14:04:09'),(23,'Modules\\Article\\App\\Models\\Article',95,1,'2024-11-20 14:04:09','2024-11-20 14:04:09'),(24,'Modules\\Article\\App\\Models\\Article',96,1,'2024-11-20 14:04:09','2024-11-20 14:04:09'),(25,'Modules\\Article\\App\\Models\\Article',113,1,'2024-11-20 14:04:10','2024-11-20 14:04:10'),(26,'Modules\\Article\\App\\Models\\Article',121,1,'2024-11-20 14:04:11','2024-11-20 14:04:11'),(27,'Modules\\Article\\App\\Models\\Article',126,1,'2024-11-20 14:04:11','2024-11-20 14:04:11'),(28,'Modules\\Article\\App\\Models\\Article',132,1,'2024-11-20 14:04:11','2024-11-20 14:04:11'),(29,'Modules\\Article\\App\\Models\\Article',134,1,'2024-11-20 14:04:11','2024-11-20 14:04:11'),(30,'Modules\\Article\\App\\Models\\Article',137,1,'2024-11-20 14:04:12','2024-11-20 14:04:12'),(31,'Modules\\Article\\App\\Models\\Article',143,1,'2024-11-20 14:04:12','2024-11-20 14:04:12'),(32,'Modules\\Article\\App\\Models\\Article',149,1,'2024-11-20 14:04:12','2024-11-20 14:04:12'),(33,'Modules\\Article\\App\\Models\\Article',155,1,'2024-11-20 14:04:12','2024-11-20 14:04:12'),(34,'Modules\\Article\\App\\Models\\Article',160,1,'2024-11-20 14:04:12','2024-11-20 14:04:12'),(35,'Modules\\Article\\App\\Models\\Article',163,1,'2024-11-20 14:04:13','2024-11-20 14:04:13'),(36,'Modules\\Article\\App\\Models\\Article',178,1,'2024-11-20 14:04:14','2024-11-20 14:04:14'),(37,'Modules\\Article\\App\\Models\\Article',180,1,'2024-11-20 14:04:14','2024-11-20 14:04:14'),(38,'Modules\\Article\\App\\Models\\Article',181,1,'2024-11-20 14:04:14','2024-11-20 14:04:14'),(39,'Modules\\Article\\App\\Models\\Article',185,1,'2024-11-20 14:04:14','2024-11-20 14:04:14'),(40,'Modules\\Article\\App\\Models\\Article',187,1,'2024-11-20 14:04:14','2024-11-20 14:04:14'),(41,'Modules\\Article\\App\\Models\\Article',200,1,'2024-11-20 14:04:15','2024-11-20 14:04:15'),(42,'Modules\\Article\\App\\Models\\Article',215,1,'2024-11-20 14:04:15','2024-11-20 14:04:15'),(43,'Modules\\Article\\App\\Models\\Article',216,1,'2024-11-20 14:04:15','2024-11-20 14:04:15'),(44,'Modules\\Article\\App\\Models\\Article',233,1,'2024-11-20 14:04:16','2024-11-20 14:04:16'),(45,'Modules\\Article\\App\\Models\\Article',244,1,'2024-11-20 14:04:17','2024-11-20 14:04:17'),(46,'Modules\\Article\\App\\Models\\Article',249,1,'2024-11-20 14:04:17','2024-11-20 14:04:17'),(47,'Modules\\Article\\App\\Models\\Article',266,1,'2024-11-20 14:04:17','2024-11-20 14:04:17'),(48,'Modules\\Article\\App\\Models\\Article',267,1,'2024-11-20 14:04:17','2024-11-20 14:04:17'),(49,'Modules\\Article\\App\\Models\\Article',269,1,'2024-11-20 14:04:17','2024-11-20 14:04:17'),(50,'Modules\\Article\\App\\Models\\Article',276,1,'2024-11-20 14:04:18','2024-11-20 14:04:18'),(51,'Modules\\Article\\App\\Models\\Article',277,1,'2024-11-20 14:04:18','2024-11-20 14:04:18'),(52,'Modules\\Article\\App\\Models\\Article',279,1,'2024-11-20 14:04:18','2024-11-20 14:04:18'),(53,'Modules\\Article\\App\\Models\\Article',311,1,'2024-11-20 14:04:20','2024-11-20 14:04:20'),(54,'Modules\\Article\\App\\Models\\Article',313,1,'2024-11-20 14:04:20','2024-11-20 14:04:20');
/*!40000 ALTER TABLE `hotnesses` ENABLE KEYS */;
UNLOCK TABLES;

--
-- Table structure for table `images`
--

DROP TABLE IF EXISTS `images`;
/*!40101 SET @saved_cs_client     = @@character_set_client */;
/*!50503 SET character_set_client = utf8mb4 */;
CREATE TABLE `images` (
  `id` bigint unsigned NOT NULL AUTO_INCREMENT,
  `file_path` varchar(255) CHARACTER SET utf8mb4 COLLATE utf8mb4_unicode_ci NOT NULL,
  `alt_text` varchar(255) CHARACTER SET utf8mb4 COLLATE utf8mb4_unicode_ci DEFAULT NULL,
  `user_id` bigint unsigned DEFAULT NULL,
  `imageable_type` varchar(255) CHARACTER SET utf8mb4 COLLATE utf8mb4_unicode_ci DEFAULT NULL,
  `imageable_id` bigint unsigned DEFAULT NULL,
  `created_at` timestamp NULL DEFAULT NULL,
  `updated_at` timestamp NULL DEFAULT NULL,
  PRIMARY KEY (`id`),
  UNIQUE KEY `images_file_path_unique` (`file_path`),
  KEY `images_user_id_foreign` (`user_id`),
  KEY `images_imageable_type_imageable_id_index` (`imageable_type`,`imageable_id`),
  CONSTRAINT `images_user_id_foreign` FOREIGN KEY (`user_id`) REFERENCES `users` (`id`)
) ENGINE=InnoDB AUTO_INCREMENT=383 DEFAULT CHARSET=utf8mb4 COLLATE=utf8mb4_unicode_ci;
/*!40101 SET character_set_client = @saved_cs_client */;

--
-- Dumping data for table `images`
--

LOCK TABLES `images` WRITE;
/*!40000 ALTER TABLE `images` DISABLE KEYS */;
INSERT INTO `images` VALUES (1,'images/2024/11/2067456e61-aed0-4859-b547-00334053836b/profile_picture.jpg','Default Profile Picture',NULL,'Modules\\User\\App\\Models\\User',11,'2024-11-20 14:04:02','2024-11-20 14:04:02'),(2,'images/2024/11/2031d40187-5c30-4a8d-8319-2b214bef8d5f/profile_picture.jpg','Default Profile Picture',NULL,'Modules\\User\\App\\Models\\User',12,'2024-11-20 14:04:02','2024-11-20 14:04:02'),(3,'images/2024/11/203c2277fb-cc82-4a15-9ae7-d5217e61e0d4/profile_picture.jpg','Default Profile Picture',NULL,'Modules\\User\\App\\Models\\User',13,'2024-11-20 14:04:02','2024-11-20 14:04:02'),(4,'images/2024/11/201536398a-c172-454c-9cf6-1a37f8162160/profile_picture.jpg','Default Profile Picture',NULL,'Modules\\User\\App\\Models\\User',14,'2024-11-20 14:04:03','2024-11-20 14:04:03'),(5,'images/2024/11/208028bc37-feab-4a65-b245-5199fd04abd2/profile_picture.jpg','Default Profile Picture',NULL,'Modules\\User\\App\\Models\\User',15,'2024-11-20 14:04:03','2024-11-20 14:04:03'),(6,'images/2024/11/2030668a60-6b5a-4e6f-a17e-e2951168df3c/profile_picture.jpg','Default Profile Picture',NULL,'Modules\\User\\App\\Models\\User',16,'2024-11-20 14:04:03','2024-11-20 14:04:03'),(7,'images/2024/11/20ac40485b-7f99-4b99-bfee-0ac200d0b973/profile_picture.jpg','Default Profile Picture',NULL,'Modules\\User\\App\\Models\\User',17,'2024-11-20 14:04:03','2024-11-20 14:04:03'),(8,'images/2024/11/2043aabc4c-ce7c-40a1-afce-5f3ba7b1b32b/profile_picture.jpg','Default Profile Picture',NULL,'Modules\\User\\App\\Models\\User',18,'2024-11-20 14:04:03','2024-11-20 14:04:03'),(9,'images/2024/11/209fd1c41e-bd84-4432-bb8b-dc08457e831c/profile_picture.jpg','Default Profile Picture',NULL,'Modules\\User\\App\\Models\\User',19,'2024-11-20 14:04:03','2024-11-20 14:04:03'),(10,'images/2024/11/20a9ae9d6c-e94a-43b0-95a4-6d74d30370d9/profile_picture.jpg','Default Profile Picture',NULL,'Modules\\User\\App\\Models\\User',20,'2024-11-20 14:04:03','2024-11-20 14:04:03'),(11,'images/2024/11/209ae6a674-53a1-471a-8176-1e6994777193/profile_picture.jpg','Default Profile Picture',21,'Modules\\User\\App\\Models\\User',21,'2024-11-20 14:04:03','2024-11-20 14:04:03'),(12,'images/2024/11/2043613801-3c26-4bec-a481-32a7dfcaa67a/default.jpg','Default Image',NULL,'Modules\\Category\\App\\Models\\Category',1,'2024-11-20 14:04:04','2024-11-20 14:04:04'),(13,'images/2024/11/20b6686f49-c6f9-473f-a657-e98d5d7fcb30/default.jpg','Default Image',NULL,'Modules\\Category\\App\\Models\\Category',2,'2024-11-20 14:04:04','2024-11-20 14:04:04'),(14,'images/2024/11/20b0e1d25e-7ecb-4b52-869a-e79dda62dca6/default.jpg','Default Image',NULL,'Modules\\Category\\App\\Models\\Category',3,'2024-11-20 14:04:04','2024-11-20 14:04:04'),(15,'images/2024/11/20826d9bbd-32a4-4e88-a8d5-406318dacad9/default.jpg','Default Image',NULL,'Modules\\Category\\App\\Models\\Category',4,'2024-11-20 14:04:04','2024-11-20 14:04:04'),(16,'images/2024/11/204793d7a5-b897-4aca-8952-558a71ce9888/default.jpg','Default Image',NULL,'Modules\\Category\\App\\Models\\Category',5,'2024-11-20 14:04:04','2024-11-20 14:04:04'),(17,'images/2024/11/20a88d17f3-2970-4cf7-94b9-5fe62eca230b/default.jpg','Default Image',NULL,'Modules\\Category\\App\\Models\\Category',6,'2024-11-20 14:04:04','2024-11-20 14:04:04'),(18,'images/2024/11/2097c22549-3e23-4d46-a4b1-9c9253fc6a33/default.jpg','Default Image',NULL,'Modules\\Category\\App\\Models\\Category',7,'2024-11-20 14:04:04','2024-11-20 14:04:04'),(19,'images/2024/11/20b37087c9-3a82-44cd-9a8e-e23f79043a76/default.jpg','Default Image',NULL,'Modules\\Category\\App\\Models\\Category',8,'2024-11-20 14:04:04','2024-11-20 14:04:04'),(20,'images/2024/11/20e2227f3d-a95b-4056-bfa2-6bc013e742f3/default.jpg','Default Image',NULL,'Modules\\Category\\App\\Models\\Category',9,'2024-11-20 14:04:04','2024-11-20 14:04:04'),(21,'images/2024/11/20c31e4de6-486f-4de7-af0b-a626bc2534da/default.jpg','Default Image',NULL,'Modules\\Category\\App\\Models\\Category',10,'2024-11-20 14:04:04','2024-11-20 14:04:04'),(22,'images/2024/11/2082936d16-4885-4021-98ed-2fed053ff92e/default.jpg','Default Image',NULL,'Modules\\Category\\App\\Models\\Category',11,'2024-11-20 14:04:04','2024-11-20 14:04:04'),(23,'images/2024/11/20b916f95e-29d6-4b19-aa56-a5e6d10357f6/default.jpg','Default Image',NULL,'Modules\\Category\\App\\Models\\Category',12,'2024-11-20 14:04:04','2024-11-20 14:04:04'),(24,'images/2024/11/20a4b1d2a6-a134-4988-8dca-cd499593942a/default.jpg','Default Image',NULL,'Modules\\Category\\App\\Models\\Category',13,'2024-11-20 14:04:04','2024-11-20 14:04:04'),(25,'images/2024/11/20daece029-4034-4620-bdd4-281149b3ecb3/default.jpg','Default Image',NULL,'Modules\\Category\\App\\Models\\Category',14,'2024-11-20 14:04:04','2024-11-20 14:04:04'),(26,'images/2024/11/207a54d46f-0c16-42fe-95d7-b6c007281fa4/default.jpg','Default Image',NULL,'Modules\\Category\\App\\Models\\Category',15,'2024-11-20 14:04:04','2024-11-20 14:04:04'),(27,'images/2024/11/20d4c3a736-99ac-43b0-9a1a-28bc7317abb1/default.jpg','Default Image',NULL,'Modules\\Category\\App\\Models\\Category',16,'2024-11-20 14:04:04','2024-11-20 14:04:04'),(28,'images/2024/11/2012003443-d727-4642-af1e-61b4fbd3b567/default.jpg','Default Image',NULL,'Modules\\Category\\App\\Models\\Category',17,'2024-11-20 14:04:04','2024-11-20 14:04:04'),(29,'images/2024/11/20e14d3300-5cc0-411a-9a6b-315ace6effe2/default.jpg','Default Image',NULL,'Modules\\Category\\App\\Models\\Category',18,'2024-11-20 14:04:04','2024-11-20 14:04:04'),(30,'images/2024/11/201fb07935-f4c0-40d0-928a-451d401efd71/default.jpg','Default Image',NULL,'Modules\\Category\\App\\Models\\Category',19,'2024-11-20 14:04:04','2024-11-20 14:04:04'),(31,'images/2024/11/20d3c51659-401c-462e-9390-42bdca2167d4/default.jpg','Default Image',NULL,'Modules\\Category\\App\\Models\\Category',20,'2024-11-20 14:04:04','2024-11-20 14:04:04'),(32,'images/2024/11/2041a7501f-bf0b-48b4-ab22-333937247ba3/default.jpg','Default Image',NULL,'Modules\\Category\\App\\Models\\Category',21,'2024-11-20 14:04:04','2024-11-20 14:04:04'),(33,'images/2024/11/2066cc3de4-1c80-4b17-a2ad-1241928cd438/default.jpg','Default Image',NULL,'Modules\\Category\\App\\Models\\Category',22,'2024-11-20 14:04:04','2024-11-20 14:04:04'),(34,'images/2024/11/202dfcb8e7-c902-451a-b0b3-ac934e5ace5d/default.jpg','Default Image',NULL,'Modules\\Category\\App\\Models\\Category',23,'2024-11-20 14:04:04','2024-11-20 14:04:04'),(35,'images/2024/11/208afef1ee-4893-4035-9562-b59a22ce62a1/default.jpg','Default Image',NULL,'Modules\\Category\\App\\Models\\Category',24,'2024-11-20 14:04:04','2024-11-20 14:04:04'),(36,'images/2024/11/20142e60fd-0098-400f-b882-fa9d9729e22f/default.jpg','Default Image',NULL,'Modules\\Category\\App\\Models\\Category',25,'2024-11-20 14:04:04','2024-11-20 14:04:04'),(37,'images/2024/11/20cb46824f-122e-46f0-b7e6-40a8f16eb8dc/default.jpg','Default Image',NULL,'Modules\\Category\\App\\Models\\Category',26,'2024-11-20 14:04:04','2024-11-20 14:04:04'),(38,'images/2024/11/20df3d4bed-b52c-484a-9d16-08635f461d83/default.jpg','Default Image',NULL,'Modules\\Category\\App\\Models\\Category',27,'2024-11-20 14:04:04','2024-11-20 14:04:04'),(39,'images/2024/11/20b17c5650-7158-4246-b95d-2bb066eed516/default.jpg','Default Image',NULL,'Modules\\Category\\App\\Models\\Category',28,'2024-11-20 14:04:04','2024-11-20 14:04:04'),(40,'images/2024/11/20a1643295-1756-45ea-bbe0-11938f5aa7c4/default.jpg','Default Image',NULL,'Modules\\Category\\App\\Models\\Category',29,'2024-11-20 14:04:04','2024-11-20 14:04:04'),(41,'images/2024/11/208d4df4a1-d58a-41f0-af64-268eba0afbe3/default.jpg','Default Image',NULL,'Modules\\Category\\App\\Models\\Category',30,'2024-11-20 14:04:04','2024-11-20 14:04:04'),(42,'images/2024/11/203c08fff6-3f60-49c8-b0c4-df8e22ff3d57/default.jpg','Default Image',NULL,'Modules\\Category\\App\\Models\\Category',31,'2024-11-20 14:04:04','2024-11-20 14:04:04'),(43,'images/2024/11/20406e8ed4-f547-4ccd-802f-193ff5e36cfd/default.jpg','Default Image',NULL,'Modules\\Category\\App\\Models\\Category',32,'2024-11-20 14:04:04','2024-11-20 14:04:04'),(44,'images/2024/11/207b4a3dbf-d5b8-4d48-8834-c1820b1ac6b9/default.jpg','Default Image',NULL,'Modules\\Category\\App\\Models\\Category',33,'2024-11-20 14:04:04','2024-11-20 14:04:04'),(45,'images/2024/11/206f0c3155-6b65-4420-8805-f5126cdea573/default.jpg','Default Image',NULL,'Modules\\Category\\App\\Models\\Category',34,'2024-11-20 14:04:04','2024-11-20 14:04:04'),(46,'images/2024/11/202bd5e844-65f0-4508-9e6b-7fae31dabfba/default.jpg','Default Image',NULL,'Modules\\Category\\App\\Models\\Category',35,'2024-11-20 14:04:04','2024-11-20 14:04:04'),(47,'images/2024/11/20d811c0bf-a35e-4408-bc77-6fdf5510b453/default.jpg','Default Image',NULL,'Modules\\Category\\App\\Models\\Category',36,'2024-11-20 14:04:04','2024-11-20 14:04:04'),(48,'images/2024/11/20664653fa-e79f-4493-8fd6-a3fded01eb8d/default.jpg','Default Image',NULL,'Modules\\Category\\App\\Models\\Category',37,'2024-11-20 14:04:05','2024-11-20 14:04:05'),(49,'images/2024/11/2070cfb930-bc57-4d55-b351-7ae2360eb7e0/default.jpg','Default Image',NULL,'Modules\\Category\\App\\Models\\Category',38,'2024-11-20 14:04:05','2024-11-20 14:04:05'),(50,'images/2024/11/20461a6330-46c2-43cf-bf90-a40162caafc3/default.jpg','Default Image',NULL,'Modules\\Category\\App\\Models\\Category',39,'2024-11-20 14:04:05','2024-11-20 14:04:05'),(51,'images/2024/11/20f13f8e19-5ca8-4ce9-8655-6753e8f0e085/default.jpg','Default Image',NULL,'Modules\\Category\\App\\Models\\Category',40,'2024-11-20 14:04:05','2024-11-20 14:04:05'),(52,'images/2024/11/20e49bb93e-c145-48cb-83a4-79ef3224afc5/default.jpg','Default Image',NULL,'Modules\\Category\\App\\Models\\Category',41,'2024-11-20 14:04:05','2024-11-20 14:04:05'),(53,'images/2024/11/2051a3f4e1-a315-48d6-bad6-056ea27dd07b/default.jpg','Default Image',NULL,'Modules\\Category\\App\\Models\\Category',42,'2024-11-20 14:04:05','2024-11-20 14:04:05'),(54,'images/2024/11/203880e41d-7ea5-42c9-8184-64ae97ab3401/default.jpg','Default Image',NULL,'Modules\\Category\\App\\Models\\Category',43,'2024-11-20 14:04:05','2024-11-20 14:04:05'),(55,'images/2024/11/20a9bcd616-e463-4ea7-a3d0-7d84a285dc2b/default.jpg','Default Image',NULL,'Modules\\Category\\App\\Models\\Category',44,'2024-11-20 14:04:05','2024-11-20 14:04:05'),(56,'images/2024/11/20ca6cd225-b47e-4ffb-a59b-f19d724842f7/default.jpg','Default Image',NULL,'Modules\\Category\\App\\Models\\Category',45,'2024-11-20 14:04:05','2024-11-20 14:04:05'),(57,'images/2024/11/20c252f2d3-6b62-4864-a531-3e457199dbca/default.jpg','Default Image',NULL,'Modules\\Category\\App\\Models\\Category',46,'2024-11-20 14:04:05','2024-11-20 14:04:05'),(58,'images/2024/11/207dddfeee-aad0-4b5d-bde0-78b01f6eae9c/default.jpg','Default Image',NULL,'Modules\\Category\\App\\Models\\Category',47,'2024-11-20 14:04:05','2024-11-20 14:04:05'),(59,'images/2024/11/20a0da4971-5725-4c03-a1f4-3bf5f189f2f1/default.jpg','Default Image',NULL,'Modules\\Category\\App\\Models\\Category',48,'2024-11-20 14:04:05','2024-11-20 14:04:05'),(60,'images/2024/11/20fc3ffac2-d6fa-4e9c-a335-226d45e50bea/default.jpg','Default Image',NULL,'Modules\\Article\\App\\Models\\Article',1,'2024-11-20 14:04:06','2024-11-20 14:04:06'),(61,'images/2024/11/20e9de771f-8321-436a-a6a6-72a77d35b944/default.jpg','Default Image',NULL,'Modules\\Article\\App\\Models\\Article',2,'2024-11-20 14:04:06','2024-11-20 14:04:06'),(62,'images/2024/11/2012ce31f8-c835-4e75-b84b-e76eaac6df66/default.jpg','Default Image',NULL,'Modules\\Article\\App\\Models\\Article',3,'2024-11-20 14:04:06','2024-11-20 14:04:06'),(63,'images/2024/11/2031d94d1f-4561-4951-97af-cb70bb9973e9/default.jpg','Default Image',NULL,'Modules\\Article\\App\\Models\\Article',4,'2024-11-20 14:04:06','2024-11-20 14:04:06'),(64,'images/2024/11/20a12a7436-37a4-43bf-beaf-4919fa14e107/default.jpg','Default Image',NULL,'Modules\\Article\\App\\Models\\Article',5,'2024-11-20 14:04:06','2024-11-20 14:04:06'),(65,'images/2024/11/2036592b0b-03d3-4083-9754-0479c713ff27/default.jpg','Default Image',NULL,'Modules\\Article\\App\\Models\\Article',6,'2024-11-20 14:04:06','2024-11-20 14:04:06'),(66,'images/2024/11/2027cf843e-3673-4bf4-911c-ab3e97eab81d/default.jpg','Default Image',NULL,'Modules\\Article\\App\\Models\\Article',7,'2024-11-20 14:04:06','2024-11-20 14:04:06'),(67,'images/2024/11/2021f93e8f-fcc5-46d4-85f7-52b03197c283/default.jpg','Default Image',NULL,'Modules\\Article\\App\\Models\\Article',8,'2024-11-20 14:04:06','2024-11-20 14:04:06'),(68,'images/2024/11/2016b5e80b-6972-4c16-a2c8-ebccfb14d96e/default.jpg','Default Image',NULL,'Modules\\Article\\App\\Models\\Article',9,'2024-11-20 14:04:06','2024-11-20 14:04:06'),(69,'images/2024/11/209dc56521-5673-4f69-baa8-812edc21615a/default.jpg','Default Image',NULL,'Modules\\Article\\App\\Models\\Article',10,'2024-11-20 14:04:06','2024-11-20 14:04:06'),(70,'images/2024/11/20a1053e9a-0356-425f-86cd-867216f00821/default.jpg','Default Image',NULL,'Modules\\Article\\App\\Models\\Article',11,'2024-11-20 14:04:06','2024-11-20 14:04:06'),(71,'images/2024/11/209e5f87f4-85a0-44db-a2bb-23daa59bb642/default.jpg','Default Image',NULL,'Modules\\Article\\App\\Models\\Article',12,'2024-11-20 14:04:06','2024-11-20 14:04:06'),(72,'images/2024/11/20408455d2-66ba-48d7-ad08-3a685b41a785/default.jpg','Default Image',NULL,'Modules\\Article\\App\\Models\\Article',13,'2024-11-20 14:04:06','2024-11-20 14:04:06'),(73,'images/2024/11/20bac1c8dd-bb7b-494a-af1b-72e3b3686eeb/default.jpg','Default Image',NULL,'Modules\\Article\\App\\Models\\Article',14,'2024-11-20 14:04:06','2024-11-20 14:04:06'),(74,'images/2024/11/203f04216c-deaf-4879-a5b1-13bc6b88bf5c/default.jpg','Default Image',NULL,'Modules\\Article\\App\\Models\\Article',15,'2024-11-20 14:04:06','2024-11-20 14:04:06'),(75,'images/2024/11/20b515e5b4-b25a-4063-aa3e-7448da444553/default.jpg','Default Image',NULL,'Modules\\Article\\App\\Models\\Article',16,'2024-11-20 14:04:06','2024-11-20 14:04:06'),(76,'images/2024/11/208ea5a972-854b-4142-be3e-79e755527d3a/default.jpg','Default Image',NULL,'Modules\\Article\\App\\Models\\Article',17,'2024-11-20 14:04:06','2024-11-20 14:04:06'),(77,'images/2024/11/20f080b1c1-813f-4d86-ad9f-e45f4ff5e2d9/default.jpg','Default Image',NULL,'Modules\\Article\\App\\Models\\Article',18,'2024-11-20 14:04:06','2024-11-20 14:04:06'),(78,'images/2024/11/20e98419ad-c949-4a43-8fea-2bbbf1c624d3/default.jpg','Default Image',NULL,'Modules\\Article\\App\\Models\\Article',19,'2024-11-20 14:04:06','2024-11-20 14:04:06'),(79,'images/2024/11/20247919ee-b6a8-4b62-bc3f-baa99f3a047c/default.jpg','Default Image',NULL,'Modules\\Article\\App\\Models\\Article',20,'2024-11-20 14:04:06','2024-11-20 14:04:06'),(80,'images/2024/11/207d9f0d1b-2cc0-443f-ba01-74a8fe018733/default.jpg','Default Image',NULL,'Modules\\Article\\App\\Models\\Article',21,'2024-11-20 14:04:06','2024-11-20 14:04:06'),(81,'images/2024/11/2051096fc4-68b0-4abe-8e98-619e11295e7b/default.jpg','Default Image',NULL,'Modules\\Article\\App\\Models\\Article',22,'2024-11-20 14:04:06','2024-11-20 14:04:06'),(82,'images/2024/11/20349e667f-7c8a-4314-815b-78b68bbfcedf/default.jpg','Default Image',NULL,'Modules\\Article\\App\\Models\\Article',23,'2024-11-20 14:04:06','2024-11-20 14:04:06'),(83,'images/2024/11/20d7e4645b-3e65-43a8-84e1-e157d45e5b1e/default.jpg','Default Image',NULL,'Modules\\Article\\App\\Models\\Article',24,'2024-11-20 14:04:06','2024-11-20 14:04:06'),(84,'images/2024/11/20c75356c5-3e54-43b7-8dea-9fe6c4863df1/default.jpg','Default Image',NULL,'Modules\\Article\\App\\Models\\Article',25,'2024-11-20 14:04:07','2024-11-20 14:04:07'),(85,'images/2024/11/200c15e0ac-80b8-4d4b-adbb-c510d7dccc9d/default.jpg','Default Image',NULL,'Modules\\Article\\App\\Models\\Article',26,'2024-11-20 14:04:07','2024-11-20 14:04:07'),(86,'images/2024/11/2023754e33-8934-49f4-9e8b-dc17cc0f7677/default.jpg','Default Image',NULL,'Modules\\Article\\App\\Models\\Article',27,'2024-11-20 14:04:07','2024-11-20 14:04:07'),(87,'images/2024/11/201956b5a8-c5c5-4928-939a-99a150bb2da6/default.jpg','Default Image',NULL,'Modules\\Article\\App\\Models\\Article',28,'2024-11-20 14:04:07','2024-11-20 14:04:07'),(88,'images/2024/11/20a967002d-ec73-44f9-8610-53edc5d9757c/default.jpg','Default Image',NULL,'Modules\\Article\\App\\Models\\Article',29,'2024-11-20 14:04:07','2024-11-20 14:04:07'),(89,'images/2024/11/20745a5f01-448c-4c50-b3b6-0cb8d8040aa4/default.jpg','Default Image',NULL,'Modules\\Article\\App\\Models\\Article',30,'2024-11-20 14:04:07','2024-11-20 14:04:07'),(90,'images/2024/11/20deee9c96-2f28-46eb-9164-7ee05bb4612e/default.jpg','Default Image',NULL,'Modules\\Article\\App\\Models\\Article',31,'2024-11-20 14:04:07','2024-11-20 14:04:07'),(91,'images/2024/11/207a49c9f0-48fe-4ce7-af9d-6b207219178a/default.jpg','Default Image',NULL,'Modules\\Article\\App\\Models\\Article',32,'2024-11-20 14:04:07','2024-11-20 14:04:07'),(92,'images/2024/11/20d7c7fb45-9b39-48c7-b0c6-a382a494df6c/default.jpg','Default Image',NULL,'Modules\\Article\\App\\Models\\Article',33,'2024-11-20 14:04:07','2024-11-20 14:04:07'),(93,'images/2024/11/20cf5aa907-a649-48f8-94c8-4c889be57e0b/default.jpg','Default Image',NULL,'Modules\\Article\\App\\Models\\Article',34,'2024-11-20 14:04:07','2024-11-20 14:04:07'),(94,'images/2024/11/203f46afa3-8c45-4d94-a340-2052507b741a/default.jpg','Default Image',NULL,'Modules\\Article\\App\\Models\\Article',35,'2024-11-20 14:04:07','2024-11-20 14:04:07'),(95,'images/2024/11/203eb68c1b-85b9-48d3-8b5a-a03e3f817291/default.jpg','Default Image',NULL,'Modules\\Article\\App\\Models\\Article',36,'2024-11-20 14:04:07','2024-11-20 14:04:07'),(96,'images/2024/11/20bd03ef40-206a-4470-9487-a0c591cb6bec/default.jpg','Default Image',NULL,'Modules\\Article\\App\\Models\\Article',37,'2024-11-20 14:04:07','2024-11-20 14:04:07'),(97,'images/2024/11/200d2c3160-1e4c-4194-8c43-4e56be4b9eb0/default.jpg','Default Image',NULL,'Modules\\Article\\App\\Models\\Article',38,'2024-11-20 14:04:07','2024-11-20 14:04:07'),(98,'images/2024/11/20c6369b86-52d6-4f2a-947f-b78cb7771c1b/default.jpg','Default Image',NULL,'Modules\\Article\\App\\Models\\Article',39,'2024-11-20 14:04:07','2024-11-20 14:04:07'),(99,'images/2024/11/20e3124e4d-3c77-42ed-ae35-624a98ec352c/default.jpg','Default Image',NULL,'Modules\\Article\\App\\Models\\Article',40,'2024-11-20 14:04:07','2024-11-20 14:04:07'),(100,'images/2024/11/207dc8b57c-eee9-4ff1-b4c9-4ed2ce6c6286/default.jpg','Default Image',NULL,'Modules\\Article\\App\\Models\\Article',41,'2024-11-20 14:04:07','2024-11-20 14:04:07'),(101,'images/2024/11/2087b6ae4d-edec-4dfe-8731-ca7e283a5657/default.jpg','Default Image',NULL,'Modules\\Article\\App\\Models\\Article',42,'2024-11-20 14:04:07','2024-11-20 14:04:07'),(102,'images/2024/11/20475df849-e5ec-45fa-9c09-02c57be1525f/default.jpg','Default Image',NULL,'Modules\\Article\\App\\Models\\Article',43,'2024-11-20 14:04:07','2024-11-20 14:04:07'),(103,'images/2024/11/2017dc04ac-89ed-449a-98ee-7c0264959a14/default.jpg','Default Image',NULL,'Modules\\Article\\App\\Models\\Article',44,'2024-11-20 14:04:07','2024-11-20 14:04:07'),(104,'images/2024/11/20a2108016-8f15-4985-84a2-08c0b8310bd5/default.jpg','Default Image',NULL,'Modules\\Article\\App\\Models\\Article',45,'2024-11-20 14:04:07','2024-11-20 14:04:07'),(105,'images/2024/11/20aac88121-f2b8-4dac-aa21-36426788d971/default.jpg','Default Image',NULL,'Modules\\Article\\App\\Models\\Article',46,'2024-11-20 14:04:07','2024-11-20 14:04:07'),(106,'images/2024/11/204e3f7218-a362-4b8a-9022-7fde9e1f1dd9/default.jpg','Default Image',NULL,'Modules\\Article\\App\\Models\\Article',47,'2024-11-20 14:04:07','2024-11-20 14:04:07'),(107,'images/2024/11/20348d2a62-8df5-4ce8-bac7-e8f6c4cf8008/default.jpg','Default Image',NULL,'Modules\\Article\\App\\Models\\Article',48,'2024-11-20 14:04:07','2024-11-20 14:04:07'),(108,'images/2024/11/2098a403e7-d14f-4281-8d89-e47c8bef5e60/default.jpg','Default Image',NULL,'Modules\\Article\\App\\Models\\Article',49,'2024-11-20 14:04:07','2024-11-20 14:04:07'),(109,'images/2024/11/20c112bf63-c88a-4133-ae92-0c533ee61c7d/default.jpg','Default Image',NULL,'Modules\\Article\\App\\Models\\Article',50,'2024-11-20 14:04:07','2024-11-20 14:04:07'),(110,'images/2024/11/209813c3b3-209d-4f15-95f2-34967eaea072/default.jpg','Default Image',NULL,'Modules\\Article\\App\\Models\\Article',51,'2024-11-20 14:04:08','2024-11-20 14:04:08'),(111,'images/2024/11/204ac2b071-952b-430f-987a-6689d7690014/default.jpg','Default Image',NULL,'Modules\\Article\\App\\Models\\Article',52,'2024-11-20 14:04:08','2024-11-20 14:04:08'),(112,'images/2024/11/2099c39a2e-75bd-425a-b833-06e23b72b46d/default.jpg','Default Image',NULL,'Modules\\Article\\App\\Models\\Article',53,'2024-11-20 14:04:08','2024-11-20 14:04:08'),(113,'images/2024/11/20943147a1-adb1-4ae5-bf98-db3ea96b479d/default.jpg','Default Image',NULL,'Modules\\Article\\App\\Models\\Article',54,'2024-11-20 14:04:08','2024-11-20 14:04:08'),(114,'images/2024/11/20a7ff2b6c-2bb3-4f22-8465-66b7b8201cf0/default.jpg','Default Image',NULL,'Modules\\Article\\App\\Models\\Article',55,'2024-11-20 14:04:08','2024-11-20 14:04:08'),(115,'images/2024/11/20ec5b4f1b-1261-4e10-aa1e-259f8c680500/default.jpg','Default Image',NULL,'Modules\\Article\\App\\Models\\Article',56,'2024-11-20 14:04:08','2024-11-20 14:04:08'),(116,'images/2024/11/2065e1ea24-f3f0-45bf-990a-7320dd2a01e7/default.jpg','Default Image',NULL,'Modules\\Article\\App\\Models\\Article',57,'2024-11-20 14:04:08','2024-11-20 14:04:08'),(117,'images/2024/11/20be6808ee-9f92-49e8-8b69-357d03757f6b/default.jpg','Default Image',NULL,'Modules\\Article\\App\\Models\\Article',58,'2024-11-20 14:04:08','2024-11-20 14:04:08'),(118,'images/2024/11/208d0ea68a-0f4b-47b4-b85a-2027e390a5e5/default.jpg','Default Image',NULL,'Modules\\Article\\App\\Models\\Article',59,'2024-11-20 14:04:08','2024-11-20 14:04:08'),(119,'images/2024/11/207347d9cd-0271-4cea-a684-0dfc1a13eb84/default.jpg','Default Image',NULL,'Modules\\Article\\App\\Models\\Article',60,'2024-11-20 14:04:08','2024-11-20 14:04:08'),(120,'images/2024/11/204ffeb920-ee4e-40fe-aa86-efa32f3b3a32/default.jpg','Default Image',NULL,'Modules\\Article\\App\\Models\\Article',61,'2024-11-20 14:04:08','2024-11-20 14:04:08'),(121,'images/2024/11/2012c24656-5d3d-4de1-9e32-8500a01c6bbc/default.jpg','Default Image',NULL,'Modules\\Article\\App\\Models\\Article',62,'2024-11-20 14:04:08','2024-11-20 14:04:08'),(122,'images/2024/11/2033887b04-a54e-47a8-8bac-e71bdb207f95/default.jpg','Default Image',NULL,'Modules\\Article\\App\\Models\\Article',63,'2024-11-20 14:04:08','2024-11-20 14:04:08'),(123,'images/2024/11/20da6e490e-0a8f-47f8-8217-5411608c3a10/default.jpg','Default Image',NULL,'Modules\\Article\\App\\Models\\Article',64,'2024-11-20 14:04:08','2024-11-20 14:04:08'),(124,'images/2024/11/2020a150ce-f408-402d-828d-a6b353085658/default.jpg','Default Image',NULL,'Modules\\Article\\App\\Models\\Article',65,'2024-11-20 14:04:08','2024-11-20 14:04:08'),(125,'images/2024/11/20619a632f-626c-417f-a5ea-aa4bf35746ea/default.jpg','Default Image',NULL,'Modules\\Article\\App\\Models\\Article',66,'2024-11-20 14:04:08','2024-11-20 14:04:08'),(126,'images/2024/11/205b20d293-6515-4a5c-8790-3e449499565f/default.jpg','Default Image',NULL,'Modules\\Article\\App\\Models\\Article',67,'2024-11-20 14:04:08','2024-11-20 14:04:08'),(127,'images/2024/11/206df1f337-deb1-46d0-aa6e-10eb9024c872/default.jpg','Default Image',NULL,'Modules\\Article\\App\\Models\\Article',68,'2024-11-20 14:04:08','2024-11-20 14:04:08'),(128,'images/2024/11/20f7c02153-ccea-48d3-b787-ac83bca5c0d8/default.jpg','Default Image',NULL,'Modules\\Article\\App\\Models\\Article',69,'2024-11-20 14:04:08','2024-11-20 14:04:08'),(129,'images/2024/11/20e1098be7-fcfa-4e09-8796-694132152320/default.jpg','Default Image',NULL,'Modules\\Article\\App\\Models\\Article',70,'2024-11-20 14:04:08','2024-11-20 14:04:08'),(130,'images/2024/11/201bb25186-584b-4483-898c-084b95a64dbf/default.jpg','Default Image',NULL,'Modules\\Article\\App\\Models\\Article',71,'2024-11-20 14:04:09','2024-11-20 14:04:09'),(131,'images/2024/11/2062d5bd9f-0fe4-4aad-bec4-8271aa76c9eb/default.jpg','Default Image',NULL,'Modules\\Article\\App\\Models\\Article',72,'2024-11-20 14:04:09','2024-11-20 14:04:09'),(132,'images/2024/11/209f855bf3-a17c-4f55-b5b6-0e0ea387bdf6/default.jpg','Default Image',NULL,'Modules\\Article\\App\\Models\\Article',73,'2024-11-20 14:04:09','2024-11-20 14:04:09'),(133,'images/2024/11/20698d9076-02f7-4735-b954-3d4f2a8a1d31/default.jpg','Default Image',NULL,'Modules\\Article\\App\\Models\\Article',74,'2024-11-20 14:04:09','2024-11-20 14:04:09'),(134,'images/2024/11/20c0e27d20-4359-48d4-b1a5-5a29592f4064/default.jpg','Default Image',NULL,'Modules\\Article\\App\\Models\\Article',75,'2024-11-20 14:04:09','2024-11-20 14:04:09'),(135,'images/2024/11/2000265f3a-bb1e-4681-8ab8-79e6fab2de70/default.jpg','Default Image',NULL,'Modules\\Article\\App\\Models\\Article',76,'2024-11-20 14:04:09','2024-11-20 14:04:09'),(136,'images/2024/11/202db9ef34-3795-4cb4-a0f0-700dfa277ee4/default.jpg','Default Image',NULL,'Modules\\Article\\App\\Models\\Article',77,'2024-11-20 14:04:09','2024-11-20 14:04:09'),(137,'images/2024/11/208b777fe2-f73e-44ef-b093-4e1fb4c8718f/default.jpg','Default Image',NULL,'Modules\\Article\\App\\Models\\Article',78,'2024-11-20 14:04:09','2024-11-20 14:04:09'),(138,'images/2024/11/207b8fc563-78c6-47f0-9597-3e3d609fcfba/default.jpg','Default Image',NULL,'Modules\\Article\\App\\Models\\Article',79,'2024-11-20 14:04:09','2024-11-20 14:04:09'),(139,'images/2024/11/20c35561e8-5306-4b07-9266-71571dc2e812/default.jpg','Default Image',NULL,'Modules\\Article\\App\\Models\\Article',80,'2024-11-20 14:04:09','2024-11-20 14:04:09'),(140,'images/2024/11/20956b97eb-6536-4014-ba90-22be7309ef1c/default.jpg','Default Image',NULL,'Modules\\Article\\App\\Models\\Article',81,'2024-11-20 14:04:09','2024-11-20 14:04:09'),(141,'images/2024/11/205bc9ac23-8d51-4b39-9c32-56ec9b00a512/default.jpg','Default Image',NULL,'Modules\\Article\\App\\Models\\Article',82,'2024-11-20 14:04:09','2024-11-20 14:04:09'),(142,'images/2024/11/20a17ff84c-a283-452d-a382-c11a5e7e223e/default.jpg','Default Image',NULL,'Modules\\Article\\App\\Models\\Article',83,'2024-11-20 14:04:09','2024-11-20 14:04:09'),(143,'images/2024/11/2096117577-bf20-4406-b380-95e2459c7506/default.jpg','Default Image',NULL,'Modules\\Article\\App\\Models\\Article',84,'2024-11-20 14:04:09','2024-11-20 14:04:09'),(144,'images/2024/11/20e02003d6-9d40-4efe-8601-86b9e700e15f/default.jpg','Default Image',NULL,'Modules\\Article\\App\\Models\\Article',85,'2024-11-20 14:04:09','2024-11-20 14:04:09'),(145,'images/2024/11/2043607a87-6eeb-470c-9bbb-b3135613c84c/default.jpg','Default Image',NULL,'Modules\\Article\\App\\Models\\Article',86,'2024-11-20 14:04:09','2024-11-20 14:04:09'),(146,'images/2024/11/20901688c4-e279-433e-8291-9ef76c7e3803/default.jpg','Default Image',NULL,'Modules\\Article\\App\\Models\\Article',87,'2024-11-20 14:04:09','2024-11-20 14:04:09'),(147,'images/2024/11/20e7ca5c52-5995-4e6d-a81f-1ad4be87fec6/default.jpg','Default Image',NULL,'Modules\\Article\\App\\Models\\Article',88,'2024-11-20 14:04:09','2024-11-20 14:04:09'),(148,'images/2024/11/20d70bc929-5776-4b3e-b25a-92ecd1806eef/default.jpg','Default Image',NULL,'Modules\\Article\\App\\Models\\Article',89,'2024-11-20 14:04:09','2024-11-20 14:04:09'),(149,'images/2024/11/20bf50fa83-939c-4219-9edd-697144c9576b/default.jpg','Default Image',NULL,'Modules\\Article\\App\\Models\\Article',90,'2024-11-20 14:04:09','2024-11-20 14:04:09'),(150,'images/2024/11/20b1434c5a-4517-4652-9d25-7b53fb3b0650/default.jpg','Default Image',NULL,'Modules\\Article\\App\\Models\\Article',91,'2024-11-20 14:04:09','2024-11-20 14:04:09'),(151,'images/2024/11/204195e578-607b-4bf9-bb6d-c45e9fa4bae2/default.jpg','Default Image',NULL,'Modules\\Article\\App\\Models\\Article',92,'2024-11-20 14:04:09','2024-11-20 14:04:09'),(152,'images/2024/11/20ce7711e8-3a61-4c4f-ba77-b694fb145d47/default.jpg','Default Image',NULL,'Modules\\Article\\App\\Models\\Article',93,'2024-11-20 14:04:09','2024-11-20 14:04:09'),(153,'images/2024/11/20a0edbd8f-5f60-4d7f-aa83-6943ea8c8340/default.jpg','Default Image',NULL,'Modules\\Article\\App\\Models\\Article',94,'2024-11-20 14:04:09','2024-11-20 14:04:09'),(154,'images/2024/11/20a0c7363c-8cee-4845-8b26-1e579273ecef/default.jpg','Default Image',NULL,'Modules\\Article\\App\\Models\\Article',95,'2024-11-20 14:04:09','2024-11-20 14:04:09'),(155,'images/2024/11/204dd581ba-3bc0-405c-b5bf-bf1d7d924977/default.jpg','Default Image',NULL,'Modules\\Article\\App\\Models\\Article',96,'2024-11-20 14:04:09','2024-11-20 14:04:09'),(156,'images/2024/11/207756df4f-380f-4796-8fd2-619e1316ec7c/default.jpg','Default Image',NULL,'Modules\\Article\\App\\Models\\Article',97,'2024-11-20 14:04:09','2024-11-20 14:04:09'),(157,'images/2024/11/20bacd29c5-3b20-42ad-a25e-5f1369524728/default.jpg','Default Image',NULL,'Modules\\Article\\App\\Models\\Article',98,'2024-11-20 14:04:09','2024-11-20 14:04:09'),(158,'images/2024/11/20538c3333-07d2-49b9-b32d-9cf181e9d6bf/default.jpg','Default Image',NULL,'Modules\\Article\\App\\Models\\Article',99,'2024-11-20 14:04:09','2024-11-20 14:04:09'),(159,'images/2024/11/2034f7e6f9-344d-416d-b99e-5988233c931a/default.jpg','Default Image',NULL,'Modules\\Article\\App\\Models\\Article',100,'2024-11-20 14:04:09','2024-11-20 14:04:09'),(160,'images/2024/11/20979ab619-88eb-4951-ae29-d00e6c7074b2/default.jpg','Default Image',NULL,'Modules\\Article\\App\\Models\\Article',101,'2024-11-20 14:04:10','2024-11-20 14:04:10'),(161,'images/2024/11/204e44bbf8-f9b6-4076-900b-47db4fa12514/default.jpg','Default Image',NULL,'Modules\\Article\\App\\Models\\Article',102,'2024-11-20 14:04:10','2024-11-20 14:04:10'),(162,'images/2024/11/20b906f5cb-bcfe-498d-b95e-57f94f5ca18a/default.jpg','Default Image',NULL,'Modules\\Article\\App\\Models\\Article',103,'2024-11-20 14:04:10','2024-11-20 14:04:10'),(163,'images/2024/11/2044fa8aae-3db8-48f7-b883-c3b9b39b1b5f/default.jpg','Default Image',NULL,'Modules\\Article\\App\\Models\\Article',104,'2024-11-20 14:04:10','2024-11-20 14:04:10'),(164,'images/2024/11/209f4abea2-b68b-4af5-9f24-d9b832149c54/default.jpg','Default Image',NULL,'Modules\\Article\\App\\Models\\Article',105,'2024-11-20 14:04:10','2024-11-20 14:04:10'),(165,'images/2024/11/20d356c386-e86b-4a8c-91b3-a22819639eb8/default.jpg','Default Image',NULL,'Modules\\Article\\App\\Models\\Article',106,'2024-11-20 14:04:10','2024-11-20 14:04:10'),(166,'images/2024/11/207f6437f3-a742-4cc0-982c-09fd71aee9b9/default.jpg','Default Image',NULL,'Modules\\Article\\App\\Models\\Article',107,'2024-11-20 14:04:10','2024-11-20 14:04:10'),(167,'images/2024/11/20d22a8439-0a42-4c8d-b75b-5d837445b8e0/default.jpg','Default Image',NULL,'Modules\\Article\\App\\Models\\Article',108,'2024-11-20 14:04:10','2024-11-20 14:04:10'),(168,'images/2024/11/209c006481-0696-44f8-8891-6bc9b49a404a/default.jpg','Default Image',NULL,'Modules\\Article\\App\\Models\\Article',109,'2024-11-20 14:04:10','2024-11-20 14:04:10'),(169,'images/2024/11/2008978958-de0e-4066-8c4a-9325a74854d3/default.jpg','Default Image',NULL,'Modules\\Article\\App\\Models\\Article',110,'2024-11-20 14:04:10','2024-11-20 14:04:10'),(170,'images/2024/11/20df74ceb4-63a1-4260-9f7a-a49617a33436/default.jpg','Default Image',NULL,'Modules\\Article\\App\\Models\\Article',111,'2024-11-20 14:04:10','2024-11-20 14:04:10'),(171,'images/2024/11/207cc62753-c78b-4077-ae9d-b69ff3e389e6/default.jpg','Default Image',NULL,'Modules\\Article\\App\\Models\\Article',112,'2024-11-20 14:04:10','2024-11-20 14:04:10'),(172,'images/2024/11/2071d70404-6458-45b4-9068-8a3e0c426b19/default.jpg','Default Image',NULL,'Modules\\Article\\App\\Models\\Article',113,'2024-11-20 14:04:10','2024-11-20 14:04:10'),(173,'images/2024/11/20d956adc8-b514-421b-831f-21762ce1ae67/default.jpg','Default Image',NULL,'Modules\\Article\\App\\Models\\Article',114,'2024-11-20 14:04:10','2024-11-20 14:04:10'),(174,'images/2024/11/20883ce879-bfb1-42ba-9501-1d4084058e89/default.jpg','Default Image',NULL,'Modules\\Article\\App\\Models\\Article',115,'2024-11-20 14:04:10','2024-11-20 14:04:10'),(175,'images/2024/11/2021afed21-7ebd-4de1-9197-017baadb84b2/default.jpg','Default Image',NULL,'Modules\\Article\\App\\Models\\Article',116,'2024-11-20 14:04:10','2024-11-20 14:04:10'),(176,'images/2024/11/2090512540-5c44-438c-bc53-5d29bce05512/default.jpg','Default Image',NULL,'Modules\\Article\\App\\Models\\Article',117,'2024-11-20 14:04:10','2024-11-20 14:04:10'),(177,'images/2024/11/2076435760-0b12-4de3-9b86-4a49d58ce986/default.jpg','Default Image',NULL,'Modules\\Article\\App\\Models\\Article',118,'2024-11-20 14:04:10','2024-11-20 14:04:10'),(178,'images/2024/11/204ee8fc60-88be-44da-8034-48103c75819b/default.jpg','Default Image',NULL,'Modules\\Article\\App\\Models\\Article',119,'2024-11-20 14:04:10','2024-11-20 14:04:10'),(179,'images/2024/11/20e63109cb-a1fb-4ca3-b8cc-04d5cf6c227a/default.jpg','Default Image',NULL,'Modules\\Article\\App\\Models\\Article',120,'2024-11-20 14:04:10','2024-11-20 14:04:10'),(180,'images/2024/11/206e5e8bed-b553-4291-b6b0-fdd3b5e04cb6/default.jpg','Default Image',NULL,'Modules\\Article\\App\\Models\\Article',121,'2024-11-20 14:04:11','2024-11-20 14:04:11'),(181,'images/2024/11/2012288927-923b-43c5-805b-a72ecf457990/default.jpg','Default Image',NULL,'Modules\\Article\\App\\Models\\Article',122,'2024-11-20 14:04:11','2024-11-20 14:04:11'),(182,'images/2024/11/2013cdf80e-597e-480a-9d9e-1c085eb40f6b/default.jpg','Default Image',NULL,'Modules\\Article\\App\\Models\\Article',123,'2024-11-20 14:04:11','2024-11-20 14:04:11'),(183,'images/2024/11/206af65aaf-dc93-4e72-abc7-65e55784a90d/default.jpg','Default Image',NULL,'Modules\\Article\\App\\Models\\Article',124,'2024-11-20 14:04:11','2024-11-20 14:04:11'),(184,'images/2024/11/20618503ad-2622-4770-b960-80577b28786b/default.jpg','Default Image',NULL,'Modules\\Article\\App\\Models\\Article',125,'2024-11-20 14:04:11','2024-11-20 14:04:11'),(185,'images/2024/11/204eb49165-4963-4f83-aeb9-5e25f7cd0530/default.jpg','Default Image',NULL,'Modules\\Article\\App\\Models\\Article',126,'2024-11-20 14:04:11','2024-11-20 14:04:11'),(186,'images/2024/11/20426f6ce7-2c34-4fa2-96b1-5fecf19383e5/default.jpg','Default Image',NULL,'Modules\\Article\\App\\Models\\Article',127,'2024-11-20 14:04:11','2024-11-20 14:04:11'),(187,'images/2024/11/20fe6cb299-cb89-4625-9262-846e2eadabb7/default.jpg','Default Image',NULL,'Modules\\Article\\App\\Models\\Article',128,'2024-11-20 14:04:11','2024-11-20 14:04:11'),(188,'images/2024/11/20a57c8a3d-5f53-4964-9bcc-25214ae9dd3e/default.jpg','Default Image',NULL,'Modules\\Article\\App\\Models\\Article',129,'2024-11-20 14:04:11','2024-11-20 14:04:11'),(189,'images/2024/11/20e6ccb0e9-be37-4c73-a0b0-ffcf4c2e5a40/default.jpg','Default Image',NULL,'Modules\\Article\\App\\Models\\Article',130,'2024-11-20 14:04:11','2024-11-20 14:04:11'),(190,'images/2024/11/20e3ffca2e-3914-467d-abd8-432aa97daa2f/default.jpg','Default Image',NULL,'Modules\\Article\\App\\Models\\Article',131,'2024-11-20 14:04:11','2024-11-20 14:04:11'),(191,'images/2024/11/207be6becf-623f-4f32-be0c-e515842bd4fb/default.jpg','Default Image',NULL,'Modules\\Article\\App\\Models\\Article',132,'2024-11-20 14:04:11','2024-11-20 14:04:11'),(192,'images/2024/11/200817bc95-86eb-48f6-8560-939616078e35/default.jpg','Default Image',NULL,'Modules\\Article\\App\\Models\\Article',133,'2024-11-20 14:04:11','2024-11-20 14:04:11'),(193,'images/2024/11/20c10d2230-03f8-408d-9a1c-2bc42ed421fc/default.jpg','Default Image',NULL,'Modules\\Article\\App\\Models\\Article',134,'2024-11-20 14:04:11','2024-11-20 14:04:11'),(194,'images/2024/11/2063ee897d-9ed8-4266-855e-208fb70abf51/default.jpg','Default Image',NULL,'Modules\\Article\\App\\Models\\Article',135,'2024-11-20 14:04:11','2024-11-20 14:04:11'),(195,'images/2024/11/200e987632-d137-49fa-b585-fbfa78c2e385/default.jpg','Default Image',NULL,'Modules\\Article\\App\\Models\\Article',136,'2024-11-20 14:04:11','2024-11-20 14:04:11'),(196,'images/2024/11/206d1c591f-a77d-47bb-900c-17d8be05823e/default.jpg','Default Image',NULL,'Modules\\Article\\App\\Models\\Article',137,'2024-11-20 14:04:11','2024-11-20 14:04:11'),(197,'images/2024/11/209337a74e-f649-4c28-8335-a5ee401cc925/default.jpg','Default Image',NULL,'Modules\\Article\\App\\Models\\Article',138,'2024-11-20 14:04:11','2024-11-20 14:04:11'),(198,'images/2024/11/20acaf70f8-86fe-4f53-9ab1-4db4b5f9a939/default.jpg','Default Image',NULL,'Modules\\Article\\App\\Models\\Article',139,'2024-11-20 14:04:11','2024-11-20 14:04:11'),(199,'images/2024/11/20c293902c-7868-48a6-bd6a-eca98740aa96/default.jpg','Default Image',NULL,'Modules\\Article\\App\\Models\\Article',140,'2024-11-20 14:04:11','2024-11-20 14:04:11'),(200,'images/2024/11/2052d57e4d-3e8f-467e-b657-cc7c258e8591/default.jpg','Default Image',NULL,'Modules\\Article\\App\\Models\\Article',141,'2024-11-20 14:04:12','2024-11-20 14:04:12'),(201,'images/2024/11/2025172b54-d792-452d-b9cd-705a1b800d4d/default.jpg','Default Image',NULL,'Modules\\Article\\App\\Models\\Article',142,'2024-11-20 14:04:12','2024-11-20 14:04:12'),(202,'images/2024/11/207ef7129f-c32a-4744-9aa9-eb56e770f68c/default.jpg','Default Image',NULL,'Modules\\Article\\App\\Models\\Article',143,'2024-11-20 14:04:12','2024-11-20 14:04:12'),(203,'images/2024/11/2077fe2071-c579-42f2-ba31-9166b36ceed9/default.jpg','Default Image',NULL,'Modules\\Article\\App\\Models\\Article',144,'2024-11-20 14:04:12','2024-11-20 14:04:12'),(204,'images/2024/11/20461c7d58-71ae-40c2-8fab-25d8a2aa7c5e/default.jpg','Default Image',NULL,'Modules\\Article\\App\\Models\\Article',145,'2024-11-20 14:04:12','2024-11-20 14:04:12'),(205,'images/2024/11/2095a73d21-1267-4edd-8c6c-f3193eb1186d/default.jpg','Default Image',NULL,'Modules\\Article\\App\\Models\\Article',146,'2024-11-20 14:04:12','2024-11-20 14:04:12'),(206,'images/2024/11/20c021d9b8-1ae2-4b44-800d-501522ace211/default.jpg','Default Image',NULL,'Modules\\Article\\App\\Models\\Article',147,'2024-11-20 14:04:12','2024-11-20 14:04:12'),(207,'images/2024/11/2097d1a0d0-519c-4d92-8b07-dad7ac13b837/default.jpg','Default Image',NULL,'Modules\\Article\\App\\Models\\Article',148,'2024-11-20 14:04:12','2024-11-20 14:04:12'),(208,'images/2024/11/20f1010996-2b36-4f51-9eb4-6b489599512e/default.jpg','Default Image',NULL,'Modules\\Article\\App\\Models\\Article',149,'2024-11-20 14:04:12','2024-11-20 14:04:12'),(209,'images/2024/11/20adf34fe8-a725-450b-ac4d-8b1cb90a4b75/default.jpg','Default Image',NULL,'Modules\\Article\\App\\Models\\Article',150,'2024-11-20 14:04:12','2024-11-20 14:04:12'),(210,'images/2024/11/20573eab09-a1ad-4cbf-8343-5868734540c1/default.jpg','Default Image',NULL,'Modules\\Article\\App\\Models\\Article',151,'2024-11-20 14:04:12','2024-11-20 14:04:12'),(211,'images/2024/11/20773b7fba-b797-41e2-8a2c-007411c4ed4b/default.jpg','Default Image',NULL,'Modules\\Article\\App\\Models\\Article',152,'2024-11-20 14:04:12','2024-11-20 14:04:12'),(212,'images/2024/11/2072c6ba9b-22b4-4ac0-85e7-89681527de6a/default.jpg','Default Image',NULL,'Modules\\Article\\App\\Models\\Article',153,'2024-11-20 14:04:12','2024-11-20 14:04:12'),(213,'images/2024/11/2076c9daa4-c30f-4efc-82a9-5836367a84e6/default.jpg','Default Image',NULL,'Modules\\Article\\App\\Models\\Article',154,'2024-11-20 14:04:12','2024-11-20 14:04:12'),(214,'images/2024/11/20ebf11b0d-f071-4423-9128-dfac96781a75/default.jpg','Default Image',NULL,'Modules\\Article\\App\\Models\\Article',155,'2024-11-20 14:04:12','2024-11-20 14:04:12'),(215,'images/2024/11/2029c882cd-8297-4d6b-9131-d44ac8c747d5/default.jpg','Default Image',NULL,'Modules\\Article\\App\\Models\\Article',156,'2024-11-20 14:04:12','2024-11-20 14:04:12'),(216,'images/2024/11/2010f0d24c-567c-4d14-af18-ed49067ed052/default.jpg','Default Image',NULL,'Modules\\Article\\App\\Models\\Article',157,'2024-11-20 14:04:12','2024-11-20 14:04:12'),(217,'images/2024/11/20b4cf6bc9-eb7d-4d9f-bfcb-2f70754dc777/default.jpg','Default Image',NULL,'Modules\\Article\\App\\Models\\Article',158,'2024-11-20 14:04:12','2024-11-20 14:04:12'),(218,'images/2024/11/201ee1074b-0513-4865-afb2-a867dd3aee28/default.jpg','Default Image',NULL,'Modules\\Article\\App\\Models\\Article',159,'2024-11-20 14:04:12','2024-11-20 14:04:12'),(219,'images/2024/11/20a0159427-9950-43bd-9557-4d27b96b3335/default.jpg','Default Image',NULL,'Modules\\Article\\App\\Models\\Article',160,'2024-11-20 14:04:12','2024-11-20 14:04:12'),(220,'images/2024/11/20cc3bf06f-a281-4ced-a744-2a0af5ceb78c/default.jpg','Default Image',NULL,'Modules\\Article\\App\\Models\\Article',161,'2024-11-20 14:04:13','2024-11-20 14:04:13'),(221,'images/2024/11/20bdc5d8d7-06db-43fa-a777-947b93615461/default.jpg','Default Image',NULL,'Modules\\Article\\App\\Models\\Article',162,'2024-11-20 14:04:13','2024-11-20 14:04:13'),(222,'images/2024/11/208b0274f9-0243-432a-ae99-6fa215fb966b/default.jpg','Default Image',NULL,'Modules\\Article\\App\\Models\\Article',163,'2024-11-20 14:04:13','2024-11-20 14:04:13'),(223,'images/2024/11/207881be3c-8fc9-47bc-a4d7-b284d7d86569/default.jpg','Default Image',NULL,'Modules\\Article\\App\\Models\\Article',164,'2024-11-20 14:04:13','2024-11-20 14:04:13'),(224,'images/2024/11/20ca23cfcd-4d05-4793-976b-5de4b9ec1edd/default.jpg','Default Image',NULL,'Modules\\Article\\App\\Models\\Article',165,'2024-11-20 14:04:13','2024-11-20 14:04:13'),(225,'images/2024/11/205a20ff3c-1037-4872-839e-04187ce7b288/default.jpg','Default Image',NULL,'Modules\\Article\\App\\Models\\Article',166,'2024-11-20 14:04:13','2024-11-20 14:04:13'),(226,'images/2024/11/20667c3ef2-e250-4080-aad6-84ba4641386e/default.jpg','Default Image',NULL,'Modules\\Article\\App\\Models\\Article',167,'2024-11-20 14:04:13','2024-11-20 14:04:13'),(227,'images/2024/11/20d3297904-4119-409e-b4bf-44dd7097e79a/default.jpg','Default Image',NULL,'Modules\\Article\\App\\Models\\Article',168,'2024-11-20 14:04:13','2024-11-20 14:04:13'),(228,'images/2024/11/206635b267-e325-483c-82dc-90b276a9ba8e/default.jpg','Default Image',NULL,'Modules\\Article\\App\\Models\\Article',169,'2024-11-20 14:04:13','2024-11-20 14:04:13'),(229,'images/2024/11/204367a4b8-5038-422a-8471-ad06bfb3626c/default.jpg','Default Image',NULL,'Modules\\Article\\App\\Models\\Article',170,'2024-11-20 14:04:13','2024-11-20 14:04:13'),(230,'images/2024/11/204e09a530-e09c-4bf3-950a-2b29de76d549/default.jpg','Default Image',NULL,'Modules\\Article\\App\\Models\\Article',171,'2024-11-20 14:04:13','2024-11-20 14:04:13'),(231,'images/2024/11/20108d6014-157a-46ed-94f7-e95ce1e60b97/default.jpg','Default Image',NULL,'Modules\\Article\\App\\Models\\Article',172,'2024-11-20 14:04:13','2024-11-20 14:04:13'),(232,'images/2024/11/204fda34d5-fced-4fb1-a077-db137ad276bb/default.jpg','Default Image',NULL,'Modules\\Article\\App\\Models\\Article',173,'2024-11-20 14:04:13','2024-11-20 14:04:13'),(233,'images/2024/11/20dd822fbe-ff10-4934-b269-5d8bf1790aed/default.jpg','Default Image',NULL,'Modules\\Article\\App\\Models\\Article',174,'2024-11-20 14:04:13','2024-11-20 14:04:13'),(234,'images/2024/11/200398787f-b08e-42b6-bcb3-19a29864580a/default.jpg','Default Image',NULL,'Modules\\Article\\App\\Models\\Article',175,'2024-11-20 14:04:13','2024-11-20 14:04:13'),(235,'images/2024/11/2012bc9397-778b-48b4-ac0b-abe83532aa99/default.jpg','Default Image',NULL,'Modules\\Article\\App\\Models\\Article',176,'2024-11-20 14:04:13','2024-11-20 14:04:13'),(236,'images/2024/11/20bd5e8225-56dc-44d0-9996-f7eb8040d58a/default.jpg','Default Image',NULL,'Modules\\Article\\App\\Models\\Article',177,'2024-11-20 14:04:13','2024-11-20 14:04:13'),(237,'images/2024/11/20443c20e4-a8c6-4ce6-8433-30e650cc8e0f/default.jpg','Default Image',NULL,'Modules\\Article\\App\\Models\\Article',178,'2024-11-20 14:04:13','2024-11-20 14:04:13'),(238,'images/2024/11/20ad64ac40-e20b-4ff4-a928-04a7f66fd74c/default.jpg','Default Image',NULL,'Modules\\Article\\App\\Models\\Article',179,'2024-11-20 14:04:13','2024-11-20 14:04:14'),(239,'images/2024/11/2000b0b3ad-c7ea-43c3-9250-1ff7138cb889/default.jpg','Default Image',NULL,'Modules\\Article\\App\\Models\\Article',180,'2024-11-20 14:04:14','2024-11-20 14:04:14'),(240,'images/2024/11/20f171849b-b7b3-431b-91d0-f3bf7d37a089/default.jpg','Default Image',NULL,'Modules\\Article\\App\\Models\\Article',181,'2024-11-20 14:04:14','2024-11-20 14:04:14'),(241,'images/2024/11/20f1b0b559-0642-48be-9967-03ba54c5ffdd/default.jpg','Default Image',NULL,'Modules\\Article\\App\\Models\\Article',182,'2024-11-20 14:04:14','2024-11-20 14:04:14'),(242,'images/2024/11/2019a8fbd5-c276-411c-a71a-4da6ababe098/default.jpg','Default Image',NULL,'Modules\\Article\\App\\Models\\Article',183,'2024-11-20 14:04:14','2024-11-20 14:04:14'),(243,'images/2024/11/20eafb1d08-8eef-45c2-88ef-e642e690e3c1/default.jpg','Default Image',NULL,'Modules\\Article\\App\\Models\\Article',184,'2024-11-20 14:04:14','2024-11-20 14:04:14'),(244,'images/2024/11/2083d723c3-a239-4b63-9b95-5d011e29ba73/default.jpg','Default Image',NULL,'Modules\\Article\\App\\Models\\Article',185,'2024-11-20 14:04:14','2024-11-20 14:04:14'),(245,'images/2024/11/2021e845cd-ea6e-4913-a9bd-bfd1c98d3b31/default.jpg','Default Image',NULL,'Modules\\Article\\App\\Models\\Article',186,'2024-11-20 14:04:14','2024-11-20 14:04:14'),(246,'images/2024/11/20cbd810c9-320e-4da4-b2af-8fcdb3de9664/default.jpg','Default Image',NULL,'Modules\\Article\\App\\Models\\Article',187,'2024-11-20 14:04:14','2024-11-20 14:04:14'),(247,'images/2024/11/20af43ee57-6893-40c6-874e-b045be2840d5/default.jpg','Default Image',NULL,'Modules\\Article\\App\\Models\\Article',188,'2024-11-20 14:04:14','2024-11-20 14:04:14'),(248,'images/2024/11/20ad3b6916-4204-4483-a869-57470c6c0ca7/default.jpg','Default Image',NULL,'Modules\\Article\\App\\Models\\Article',189,'2024-11-20 14:04:14','2024-11-20 14:04:14'),(249,'images/2024/11/205d679edb-972f-4a0c-ba20-21e4a6abd128/default.jpg','Default Image',NULL,'Modules\\Article\\App\\Models\\Article',190,'2024-11-20 14:04:14','2024-11-20 14:04:14'),(250,'images/2024/11/20e8b38b70-0276-4278-bce5-29ba6283c499/default.jpg','Default Image',NULL,'Modules\\Article\\App\\Models\\Article',191,'2024-11-20 14:04:14','2024-11-20 14:04:14'),(251,'images/2024/11/20e29f7348-b2ca-460e-a041-d703ff098751/default.jpg','Default Image',NULL,'Modules\\Article\\App\\Models\\Article',192,'2024-11-20 14:04:14','2024-11-20 14:04:14'),(252,'images/2024/11/208575593f-360b-4959-bc08-da109af2391f/default.jpg','Default Image',NULL,'Modules\\Article\\App\\Models\\Article',193,'2024-11-20 14:04:14','2024-11-20 14:04:14'),(253,'images/2024/11/201b6a3029-9aa2-4c1e-9632-d468cecb6f56/default.jpg','Default Image',NULL,'Modules\\Article\\App\\Models\\Article',194,'2024-11-20 14:04:14','2024-11-20 14:04:14'),(254,'images/2024/11/204d84cc87-2e87-4d18-896a-b4f0adf93cb3/default.jpg','Default Image',NULL,'Modules\\Article\\App\\Models\\Article',195,'2024-11-20 14:04:14','2024-11-20 14:04:14'),(255,'images/2024/11/202c4d1b0c-db11-4c34-ac0a-68a69e0f9d11/default.jpg','Default Image',NULL,'Modules\\Article\\App\\Models\\Article',196,'2024-11-20 14:04:14','2024-11-20 14:04:14'),(256,'images/2024/11/205cc0a5f0-1aa7-4a1f-babb-bab05b6e8d51/default.jpg','Default Image',NULL,'Modules\\Article\\App\\Models\\Article',197,'2024-11-20 14:04:14','2024-11-20 14:04:14'),(257,'images/2024/11/20c9f36b6e-957e-45ef-bee9-119a0a92c2f8/default.jpg','Default Image',NULL,'Modules\\Article\\App\\Models\\Article',198,'2024-11-20 14:04:14','2024-11-20 14:04:14'),(258,'images/2024/11/20fa0130a5-5cb6-42a7-8928-82514917c535/default.jpg','Default Image',NULL,'Modules\\Article\\App\\Models\\Article',199,'2024-11-20 14:04:14','2024-11-20 14:04:14'),(259,'images/2024/11/2061878fa2-57d2-4f82-8fc1-559c62bd61ae/default.jpg','Default Image',NULL,'Modules\\Article\\App\\Models\\Article',200,'2024-11-20 14:04:14','2024-11-20 14:04:14'),(260,'images/2024/11/206c0c2372-3787-4a08-b749-2bfcd1d813b8/default.jpg','Default Image',NULL,'Modules\\Article\\App\\Models\\Article',201,'2024-11-20 14:04:15','2024-11-20 14:04:15'),(261,'images/2024/11/20e9ff888e-d92a-4d46-a807-129522188c01/default.jpg','Default Image',NULL,'Modules\\Article\\App\\Models\\Article',202,'2024-11-20 14:04:15','2024-11-20 14:04:15'),(262,'images/2024/11/204fbf5b81-6614-4a0f-8e19-8cfda929610c/default.jpg','Default Image',NULL,'Modules\\Article\\App\\Models\\Article',203,'2024-11-20 14:04:15','2024-11-20 14:04:15'),(263,'images/2024/11/20944437b5-b09a-42f0-a849-3f4fa3d67fdc/default.jpg','Default Image',NULL,'Modules\\Article\\App\\Models\\Article',204,'2024-11-20 14:04:15','2024-11-20 14:04:15'),(264,'images/2024/11/208989c40f-480c-4423-8775-06e61efc4a7e/default.jpg','Default Image',NULL,'Modules\\Article\\App\\Models\\Article',205,'2024-11-20 14:04:15','2024-11-20 14:04:15'),(265,'images/2024/11/20b7ab652a-f13e-4c5a-b209-1a325a63ee84/default.jpg','Default Image',NULL,'Modules\\Article\\App\\Models\\Article',206,'2024-11-20 14:04:15','2024-11-20 14:04:15'),(266,'images/2024/11/206252eb46-0441-4efd-ac21-8a1419f022a3/default.jpg','Default Image',NULL,'Modules\\Article\\App\\Models\\Article',207,'2024-11-20 14:04:15','2024-11-20 14:04:15'),(267,'images/2024/11/20ac2b5811-e2bf-4844-8f0a-0afb44c804e5/default.jpg','Default Image',NULL,'Modules\\Article\\App\\Models\\Article',208,'2024-11-20 14:04:15','2024-11-20 14:04:15'),(268,'images/2024/11/20cc7cdbc6-d70f-4c65-9e4b-d912777cdd0f/default.jpg','Default Image',NULL,'Modules\\Article\\App\\Models\\Article',209,'2024-11-20 14:04:15','2024-11-20 14:04:15'),(269,'images/2024/11/2042e3dd7d-0f64-4e6f-b4dc-dcf0c5631d62/default.jpg','Default Image',NULL,'Modules\\Article\\App\\Models\\Article',210,'2024-11-20 14:04:15','2024-11-20 14:04:15'),(270,'images/2024/11/202e37bba7-f214-4844-abdf-b9d04c171034/default.jpg','Default Image',NULL,'Modules\\Article\\App\\Models\\Article',211,'2024-11-20 14:04:15','2024-11-20 14:04:15'),(271,'images/2024/11/2078e41ec5-8a01-4fdb-8283-8bec0576044d/default.jpg','Default Image',NULL,'Modules\\Article\\App\\Models\\Article',212,'2024-11-20 14:04:15','2024-11-20 14:04:15'),(272,'images/2024/11/20caf9d031-cda0-4d66-a0a6-b7a9af88ce18/default.jpg','Default Image',NULL,'Modules\\Article\\App\\Models\\Article',213,'2024-11-20 14:04:15','2024-11-20 14:04:15'),(273,'images/2024/11/20792bd85a-5b82-4790-9b6e-407be29fdb8a/default.jpg','Default Image',NULL,'Modules\\Article\\App\\Models\\Article',214,'2024-11-20 14:04:15','2024-11-20 14:04:15'),(274,'images/2024/11/20e92b3468-0bf0-4e81-955a-e142fed035ae/default.jpg','Default Image',NULL,'Modules\\Article\\App\\Models\\Article',215,'2024-11-20 14:04:15','2024-11-20 14:04:15'),(275,'images/2024/11/20d81e9fbf-2201-47f1-9dc6-1d669d7ae9ba/default.jpg','Default Image',NULL,'Modules\\Article\\App\\Models\\Article',216,'2024-11-20 14:04:15','2024-11-20 14:04:15'),(276,'images/2024/11/201a4274a4-6fa5-4de3-a4fb-82d129d21f29/default.jpg','Default Image',NULL,'Modules\\Article\\App\\Models\\Article',217,'2024-11-20 14:04:15','2024-11-20 14:04:15'),(277,'images/2024/11/20add6edd8-cfaa-42a3-9f2f-0ca6bfd19f6c/default.jpg','Default Image',NULL,'Modules\\Article\\App\\Models\\Article',218,'2024-11-20 14:04:15','2024-11-20 14:04:15'),(278,'images/2024/11/20fe772247-9c0f-429a-9a9f-dfa2b3490e31/default.jpg','Default Image',NULL,'Modules\\Article\\App\\Models\\Article',219,'2024-11-20 14:04:15','2024-11-20 14:04:15'),(279,'images/2024/11/2057205e26-7749-4034-b82f-dc24a957e2fa/default.jpg','Default Image',NULL,'Modules\\Article\\App\\Models\\Article',220,'2024-11-20 14:04:15','2024-11-20 14:04:15'),(280,'images/2024/11/205667e745-a335-418f-9605-53a7c14ca248/default.jpg','Default Image',NULL,'Modules\\Article\\App\\Models\\Article',221,'2024-11-20 14:04:15','2024-11-20 14:04:15'),(281,'images/2024/11/204fa9f4b7-576d-4fd2-b022-d90852e23109/default.jpg','Default Image',NULL,'Modules\\Article\\App\\Models\\Article',222,'2024-11-20 14:04:15','2024-11-20 14:04:15'),(282,'images/2024/11/202bde3e07-6eeb-4eb6-9b80-66110245d78a/default.jpg','Default Image',NULL,'Modules\\Article\\App\\Models\\Article',223,'2024-11-20 14:04:15','2024-11-20 14:04:15'),(283,'images/2024/11/2014368a8a-a47b-40a3-a7e9-ddbc7fbfeab4/default.jpg','Default Image',NULL,'Modules\\Article\\App\\Models\\Article',224,'2024-11-20 14:04:15','2024-11-20 14:04:15'),(284,'images/2024/11/2077decae4-633c-4019-84d3-e80acaabf38b/default.jpg','Default Image',NULL,'Modules\\Article\\App\\Models\\Article',225,'2024-11-20 14:04:15','2024-11-20 14:04:15'),(285,'images/2024/11/202d802f1d-c1c3-4cd5-8fdd-69c3724c87cf/default.jpg','Default Image',NULL,'Modules\\Article\\App\\Models\\Article',226,'2024-11-20 14:04:15','2024-11-20 14:04:15'),(286,'images/2024/11/205493c762-c21b-4ba5-a9e9-6a6c0e1b7c83/default.jpg','Default Image',NULL,'Modules\\Article\\App\\Models\\Article',227,'2024-11-20 14:04:15','2024-11-20 14:04:15'),(287,'images/2024/11/206d7dbddd-eafa-4f0d-8fa4-036dcbd92f7d/default.jpg','Default Image',NULL,'Modules\\Article\\App\\Models\\Article',228,'2024-11-20 14:04:15','2024-11-20 14:04:15'),(288,'images/2024/11/20adb55eca-ee6c-417c-8518-c166eaff639f/default.jpg','Default Image',NULL,'Modules\\Article\\App\\Models\\Article',229,'2024-11-20 14:04:15','2024-11-20 14:04:15'),(289,'images/2024/11/20a2d40b4f-e568-4703-b274-c64dcd1b3fbc/default.jpg','Default Image',NULL,'Modules\\Article\\App\\Models\\Article',230,'2024-11-20 14:04:15','2024-11-20 14:04:15'),(290,'images/2024/11/20734fb335-9600-475c-8e1f-8fd527540d83/default.jpg','Default Image',NULL,'Modules\\Article\\App\\Models\\Article',231,'2024-11-20 14:04:16','2024-11-20 14:04:16'),(291,'images/2024/11/2050014e5f-d93f-4d62-a311-13ad2aef7047/default.jpg','Default Image',NULL,'Modules\\Article\\App\\Models\\Article',232,'2024-11-20 14:04:16','2024-11-20 14:04:16'),(292,'images/2024/11/20fcbfce3e-ef26-4bbc-954f-ca166e6c6adc/default.jpg','Default Image',NULL,'Modules\\Article\\App\\Models\\Article',233,'2024-11-20 14:04:16','2024-11-20 14:04:16'),(293,'images/2024/11/20ba880af2-1169-4b42-987f-d76f15559b29/default.jpg','Default Image',NULL,'Modules\\Article\\App\\Models\\Article',234,'2024-11-20 14:04:16','2024-11-20 14:04:16'),(294,'images/2024/11/208147f342-1bf0-41b9-9edb-5c9304671bc4/default.jpg','Default Image',NULL,'Modules\\Article\\App\\Models\\Article',235,'2024-11-20 14:04:16','2024-11-20 14:04:16'),(295,'images/2024/11/20cbf677a0-25d6-46e7-8a4d-847e6a6205d9/default.jpg','Default Image',NULL,'Modules\\Article\\App\\Models\\Article',236,'2024-11-20 14:04:16','2024-11-20 14:04:16'),(296,'images/2024/11/20b5fb5a1e-3e2f-4a25-8646-6a9734e4620f/default.jpg','Default Image',NULL,'Modules\\Article\\App\\Models\\Article',237,'2024-11-20 14:04:16','2024-11-20 14:04:16'),(297,'images/2024/11/20a20e0c41-f151-41d8-ae8b-bc5c19fcade2/default.jpg','Default Image',NULL,'Modules\\Article\\App\\Models\\Article',238,'2024-11-20 14:04:16','2024-11-20 14:04:16'),(298,'images/2024/11/20855b4a88-48b7-4506-b6a7-0aa995ffec9c/default.jpg','Default Image',NULL,'Modules\\Article\\App\\Models\\Article',239,'2024-11-20 14:04:16','2024-11-20 14:04:16'),(299,'images/2024/11/2048bc4940-3cca-407f-9654-196c9fb7003e/default.jpg','Default Image',NULL,'Modules\\Article\\App\\Models\\Article',240,'2024-11-20 14:04:16','2024-11-20 14:04:16'),(300,'images/2024/11/20a8f1681c-a616-4df8-95ca-b9e4e8abd64d/default.jpg','Default Image',NULL,'Modules\\Article\\App\\Models\\Article',241,'2024-11-20 14:04:16','2024-11-20 14:04:16'),(301,'images/2024/11/201ccc5705-82e0-47e5-be68-036d6ec366b9/default.jpg','Default Image',NULL,'Modules\\Article\\App\\Models\\Article',242,'2024-11-20 14:04:16','2024-11-20 14:04:16'),(302,'images/2024/11/2044efed88-2936-47d4-afca-a41015a03048/default.jpg','Default Image',NULL,'Modules\\Article\\App\\Models\\Article',243,'2024-11-20 14:04:16','2024-11-20 14:04:16'),(303,'images/2024/11/20876d3fb1-57a5-4cfc-a754-e52f74b66e85/default.jpg','Default Image',NULL,'Modules\\Article\\App\\Models\\Article',244,'2024-11-20 14:04:16','2024-11-20 14:04:16'),(304,'images/2024/11/20899bb1a3-d764-40b6-bbe1-32053b419340/default.jpg','Default Image',NULL,'Modules\\Article\\App\\Models\\Article',245,'2024-11-20 14:04:16','2024-11-20 14:04:16'),(305,'images/2024/11/20b683185d-9b72-42b5-9282-2af5b08fb623/default.jpg','Default Image',NULL,'Modules\\Article\\App\\Models\\Article',246,'2024-11-20 14:04:16','2024-11-20 14:04:16'),(306,'images/2024/11/2065a33521-5c09-4101-88e7-b851135a0527/default.jpg','Default Image',NULL,'Modules\\Article\\App\\Models\\Article',247,'2024-11-20 14:04:16','2024-11-20 14:04:16'),(307,'images/2024/11/204e0ec455-2292-4be3-a85f-6632b6226216/default.jpg','Default Image',NULL,'Modules\\Article\\App\\Models\\Article',248,'2024-11-20 14:04:16','2024-11-20 14:04:16'),(308,'images/2024/11/20ad538830-e0cc-463b-996e-5669641c9b89/default.jpg','Default Image',NULL,'Modules\\Article\\App\\Models\\Article',249,'2024-11-20 14:04:17','2024-11-20 14:04:17'),(309,'images/2024/11/20ca67d8fa-467f-4afc-975f-c04a23aebcb6/default.jpg','Default Image',NULL,'Modules\\Article\\App\\Models\\Article',250,'2024-11-20 14:04:17','2024-11-20 14:04:17'),(310,'images/2024/11/20b43fe9b6-56df-4996-9714-c3a238d0964d/default.jpg','Default Image',NULL,'Modules\\Article\\App\\Models\\Article',251,'2024-11-20 14:04:17','2024-11-20 14:04:17'),(311,'images/2024/11/20d694cbc2-c438-4bf1-8486-c207e68a9342/default.jpg','Default Image',NULL,'Modules\\Article\\App\\Models\\Article',252,'2024-11-20 14:04:17','2024-11-20 14:04:17'),(312,'images/2024/11/20d40c6c5f-ea2d-4114-b289-6002719c94c5/default.jpg','Default Image',NULL,'Modules\\Article\\App\\Models\\Article',253,'2024-11-20 14:04:17','2024-11-20 14:04:17'),(313,'images/2024/11/20d7d4dd15-319e-4cfb-8223-0e22ccc42ae4/default.jpg','Default Image',NULL,'Modules\\Article\\App\\Models\\Article',254,'2024-11-20 14:04:17','2024-11-20 14:04:17'),(314,'images/2024/11/20fb991ecb-5719-437b-b70f-586db04ad9f3/default.jpg','Default Image',NULL,'Modules\\Article\\App\\Models\\Article',255,'2024-11-20 14:04:17','2024-11-20 14:04:17'),(315,'images/2024/11/2062b4dafc-9503-4d6d-8693-cc8c6b5a2d64/default.jpg','Default Image',NULL,'Modules\\Article\\App\\Models\\Article',256,'2024-11-20 14:04:17','2024-11-20 14:04:17'),(316,'images/2024/11/205d014a40-8f31-4c4f-b4da-b71f05f6832f/default.jpg','Default Image',NULL,'Modules\\Article\\App\\Models\\Article',257,'2024-11-20 14:04:17','2024-11-20 14:04:17'),(317,'images/2024/11/20dae81cee-1070-4991-a746-825899a6a9a1/default.jpg','Default Image',NULL,'Modules\\Article\\App\\Models\\Article',258,'2024-11-20 14:04:17','2024-11-20 14:04:17'),(318,'images/2024/11/20e9b70bdb-0e26-4d1b-8429-ab48301ef420/default.jpg','Default Image',NULL,'Modules\\Article\\App\\Models\\Article',259,'2024-11-20 14:04:17','2024-11-20 14:04:17'),(319,'images/2024/11/20462cb1c2-e144-4a23-af62-09ac69c3b173/default.jpg','Default Image',NULL,'Modules\\Article\\App\\Models\\Article',260,'2024-11-20 14:04:17','2024-11-20 14:04:17'),(320,'images/2024/11/207bfeb330-adf7-43b0-a9bb-e71a4200e089/default.jpg','Default Image',NULL,'Modules\\Article\\App\\Models\\Article',261,'2024-11-20 14:04:17','2024-11-20 14:04:17'),(321,'images/2024/11/201a57d093-ef20-4fa2-8c36-cc62b4349242/default.jpg','Default Image',NULL,'Modules\\Article\\App\\Models\\Article',262,'2024-11-20 14:04:17','2024-11-20 14:04:17'),(322,'images/2024/11/20295594b4-8e69-4fc6-8699-21782bd950f1/default.jpg','Default Image',NULL,'Modules\\Article\\App\\Models\\Article',263,'2024-11-20 14:04:17','2024-11-20 14:04:17'),(323,'images/2024/11/20074c30a8-51bd-4a9b-902b-7fc9ed075459/default.jpg','Default Image',NULL,'Modules\\Article\\App\\Models\\Article',264,'2024-11-20 14:04:17','2024-11-20 14:04:17'),(324,'images/2024/11/20760b87b6-eeea-44ac-86da-38c0c905a8b6/default.jpg','Default Image',NULL,'Modules\\Article\\App\\Models\\Article',265,'2024-11-20 14:04:17','2024-11-20 14:04:17'),(325,'images/2024/11/20b26292bf-841c-4fae-b38f-a7a57edf1a0c/default.jpg','Default Image',NULL,'Modules\\Article\\App\\Models\\Article',266,'2024-11-20 14:04:17','2024-11-20 14:04:17'),(326,'images/2024/11/20a62f768e-1a5a-468c-9bf4-14a52acd3d9f/default.jpg','Default Image',NULL,'Modules\\Article\\App\\Models\\Article',267,'2024-11-20 14:04:17','2024-11-20 14:04:17'),(327,'images/2024/11/20ffb367e7-fb14-407a-a163-dec68f69bf24/default.jpg','Default Image',NULL,'Modules\\Article\\App\\Models\\Article',268,'2024-11-20 14:04:17','2024-11-20 14:04:17'),(328,'images/2024/11/20fdaecb93-cd28-44fb-bce5-5088153b5b12/default.jpg','Default Image',NULL,'Modules\\Article\\App\\Models\\Article',269,'2024-11-20 14:04:17','2024-11-20 14:04:17'),(329,'images/2024/11/203167e38e-ce0a-457e-a8b3-66cb37ddaa2e/default.jpg','Default Image',NULL,'Modules\\Article\\App\\Models\\Article',270,'2024-11-20 14:04:17','2024-11-20 14:04:17'),(330,'images/2024/11/208b140d22-68d7-433b-942d-b3969d632e4f/default.jpg','Default Image',NULL,'Modules\\Article\\App\\Models\\Article',271,'2024-11-20 14:04:18','2024-11-20 14:04:18'),(331,'images/2024/11/20b31e4b62-cbe9-42b0-bac0-334cd60a57bd/default.jpg','Default Image',NULL,'Modules\\Article\\App\\Models\\Article',272,'2024-11-20 14:04:18','2024-11-20 14:04:18'),(332,'images/2024/11/206e3407f7-3348-4926-bc5d-7cf953836de2/default.jpg','Default Image',NULL,'Modules\\Article\\App\\Models\\Article',273,'2024-11-20 14:04:18','2024-11-20 14:04:18'),(333,'images/2024/11/202427ac64-a71c-4a58-9ea7-0bd14944b1f4/default.jpg','Default Image',NULL,'Modules\\Article\\App\\Models\\Article',274,'2024-11-20 14:04:18','2024-11-20 14:04:18'),(334,'images/2024/11/20a1981464-2716-40c9-badf-3d6d7bded2f1/default.jpg','Default Image',NULL,'Modules\\Article\\App\\Models\\Article',275,'2024-11-20 14:04:18','2024-11-20 14:04:18'),(335,'images/2024/11/2082a68dc9-92c8-425e-ad6e-d66c2fe1fde8/default.jpg','Default Image',NULL,'Modules\\Article\\App\\Models\\Article',276,'2024-11-20 14:04:18','2024-11-20 14:04:18'),(336,'images/2024/11/204559ac64-8cf2-40d3-adb8-476f0cbaa395/default.jpg','Default Image',NULL,'Modules\\Article\\App\\Models\\Article',277,'2024-11-20 14:04:18','2024-11-20 14:04:18'),(337,'images/2024/11/2076456f68-4ac8-4522-9209-fa77c9ae8136/default.jpg','Default Image',NULL,'Modules\\Article\\App\\Models\\Article',278,'2024-11-20 14:04:18','2024-11-20 14:04:18'),(338,'images/2024/11/20703b373a-28f3-440d-9d2d-0d96d786b99e/default.jpg','Default Image',NULL,'Modules\\Article\\App\\Models\\Article',279,'2024-11-20 14:04:18','2024-11-20 14:04:18'),(339,'images/2024/11/208356c1ea-a2dd-416c-b41c-30f3bb0a5c32/default.jpg','Default Image',NULL,'Modules\\Article\\App\\Models\\Article',280,'2024-11-20 14:04:18','2024-11-20 14:04:18'),(340,'images/2024/11/20964de226-7c41-4458-9a7a-97680a48184c/default.jpg','Default Image',NULL,'Modules\\Article\\App\\Models\\Article',281,'2024-11-20 14:04:18','2024-11-20 14:04:18'),(341,'images/2024/11/206082fa0a-5235-40cb-821f-e1cf25fe597b/default.jpg','Default Image',NULL,'Modules\\Article\\App\\Models\\Article',282,'2024-11-20 14:04:18','2024-11-20 14:04:18'),(342,'images/2024/11/2064411f80-53bd-4427-862d-386cf78b912e/default.jpg','Default Image',NULL,'Modules\\Article\\App\\Models\\Article',283,'2024-11-20 14:04:18','2024-11-20 14:04:18'),(343,'images/2024/11/204d6ebc64-57fc-494b-ba1f-578ed7f3e631/default.jpg','Default Image',NULL,'Modules\\Article\\App\\Models\\Article',284,'2024-11-20 14:04:18','2024-11-20 14:04:18'),(344,'images/2024/11/20d75eb0d8-65ad-454e-bc6a-a80b71cdb3be/default.jpg','Default Image',NULL,'Modules\\Article\\App\\Models\\Article',285,'2024-11-20 14:04:18','2024-11-20 14:04:18'),(345,'images/2024/11/2089a578e6-753d-4a41-bdd6-bc74819bdb22/default.jpg','Default Image',NULL,'Modules\\Article\\App\\Models\\Article',286,'2024-11-20 14:04:18','2024-11-20 14:04:18'),(346,'images/2024/11/204940c695-35ce-434d-9f81-f0adf7fbaced/default.jpg','Default Image',NULL,'Modules\\Article\\App\\Models\\Article',287,'2024-11-20 14:04:18','2024-11-20 14:04:18'),(347,'images/2024/11/2018561656-b0ab-457d-99fe-14172f262354/default.jpg','Default Image',NULL,'Modules\\Article\\App\\Models\\Article',288,'2024-11-20 14:04:18','2024-11-20 14:04:18'),(348,'images/2024/11/20fedcbeec-7821-4b52-a700-4388c93c3b3f/default.jpg','Default Image',NULL,'Modules\\Article\\App\\Models\\Article',289,'2024-11-20 14:04:18','2024-11-20 14:04:18'),(349,'images/2024/11/20f80b4738-f77d-4b44-abd1-6a0d29b5da3f/default.jpg','Default Image',NULL,'Modules\\Article\\App\\Models\\Article',290,'2024-11-20 14:04:18','2024-11-20 14:04:18'),(350,'images/2024/11/20628c0051-a92f-407b-bb54-5e268ef92a5a/default.jpg','Default Image',NULL,'Modules\\Article\\App\\Models\\Article',291,'2024-11-20 14:04:19','2024-11-20 14:04:19'),(351,'images/2024/11/203e81fc32-2031-4908-a742-18fb4c68a59b/default.jpg','Default Image',NULL,'Modules\\Article\\App\\Models\\Article',292,'2024-11-20 14:04:19','2024-11-20 14:04:19'),(352,'images/2024/11/20c0ccaad7-0d35-458d-bff3-2e884bb86140/default.jpg','Default Image',NULL,'Modules\\Article\\App\\Models\\Article',293,'2024-11-20 14:04:19','2024-11-20 14:04:19'),(353,'images/2024/11/20dec67263-7e88-41f1-b54d-fb6250770edf/default.jpg','Default Image',NULL,'Modules\\Article\\App\\Models\\Article',294,'2024-11-20 14:04:19','2024-11-20 14:04:19'),(354,'images/2024/11/20ed9b2af3-ec6d-4c96-bfeb-8efceb306ee2/default.jpg','Default Image',NULL,'Modules\\Article\\App\\Models\\Article',295,'2024-11-20 14:04:19','2024-11-20 14:04:19'),(355,'images/2024/11/204fefca4d-7883-4c86-950f-067f4582c920/default.jpg','Default Image',NULL,'Modules\\Article\\App\\Models\\Article',296,'2024-11-20 14:04:19','2024-11-20 14:04:19'),(356,'images/2024/11/20df6b8138-f18b-4efb-80e3-7b716c925917/default.jpg','Default Image',NULL,'Modules\\Article\\App\\Models\\Article',297,'2024-11-20 14:04:19','2024-11-20 14:04:19'),(357,'images/2024/11/20119d42fc-8659-423f-9804-8190d499b94b/default.jpg','Default Image',NULL,'Modules\\Article\\App\\Models\\Article',298,'2024-11-20 14:04:19','2024-11-20 14:04:19'),(358,'images/2024/11/20e08f4ee0-e10f-4ea9-9577-0c5517c090c4/default.jpg','Default Image',NULL,'Modules\\Article\\App\\Models\\Article',299,'2024-11-20 14:04:19','2024-11-20 14:04:19'),(359,'images/2024/11/202cd4220a-7b27-412e-ad4c-c8de9efdd468/default.jpg','Default Image',NULL,'Modules\\Article\\App\\Models\\Article',300,'2024-11-20 14:04:19','2024-11-20 14:04:19'),(360,'images/2024/11/20b63c06c2-7512-4c81-9834-290f1727ca46/default.jpg','Default Image',NULL,'Modules\\Article\\App\\Models\\Article',301,'2024-11-20 14:04:19','2024-11-20 14:04:19'),(361,'images/2024/11/206b32c0c4-526c-44be-a2db-680f787f74c8/default.jpg','Default Image',NULL,'Modules\\Article\\App\\Models\\Article',302,'2024-11-20 14:04:19','2024-11-20 14:04:19'),(362,'images/2024/11/20b4445aa6-7608-411d-bec9-de4e09cc8c62/default.jpg','Default Image',NULL,'Modules\\Article\\App\\Models\\Article',303,'2024-11-20 14:04:19','2024-11-20 14:04:19'),(363,'images/2024/11/207c7d2e2e-220b-4349-9c9d-2354ebcb17ca/default.jpg','Default Image',NULL,'Modules\\Article\\App\\Models\\Article',304,'2024-11-20 14:04:19','2024-11-20 14:04:19'),(364,'images/2024/11/20fca92f16-1f44-4846-b4ea-906fcb0c07f8/default.jpg','Default Image',NULL,'Modules\\Article\\App\\Models\\Article',305,'2024-11-20 14:04:19','2024-11-20 14:04:19'),(365,'images/2024/11/20cde0e8c3-7e80-41fe-b38b-22c67bff2503/default.jpg','Default Image',NULL,'Modules\\Article\\App\\Models\\Article',306,'2024-11-20 14:04:19','2024-11-20 14:04:19'),(366,'images/2024/11/2000dbd4ab-a0f9-43c9-bf22-44ca6c6b13e4/default.jpg','Default Image',NULL,'Modules\\Article\\App\\Models\\Article',307,'2024-11-20 14:04:19','2024-11-20 14:04:19'),(367,'images/2024/11/201fb96df3-d6b5-43fe-b6e8-2319ed004522/default.jpg','Default Image',NULL,'Modules\\Article\\App\\Models\\Article',308,'2024-11-20 14:04:19','2024-11-20 14:04:19'),(368,'images/2024/11/20b6687e37-f519-413f-92b6-46ea911af8e5/default.jpg','Default Image',NULL,'Modules\\Article\\App\\Models\\Article',309,'2024-11-20 14:04:19','2024-11-20 14:04:19'),(369,'images/2024/11/20f785682b-f5db-40e3-b23a-2e238bcabe1b/default.jpg','Default Image',NULL,'Modules\\Article\\App\\Models\\Article',310,'2024-11-20 14:04:19','2024-11-20 14:04:19'),(370,'images/2024/11/2092585d54-84a7-4da9-97ed-bc5aab789d08/default.jpg','Default Image',NULL,'Modules\\Article\\App\\Models\\Article',311,'2024-11-20 14:04:20','2024-11-20 14:04:20'),(371,'images/2024/11/20bef561d1-0340-46f0-becf-5e03478a444e/default.jpg','Default Image',NULL,'Modules\\Article\\App\\Models\\Article',312,'2024-11-20 14:04:20','2024-11-20 14:04:20'),(372,'images/2024/11/20f895ea7a-0ae8-4c91-aa3e-bf9081a2e838/default.jpg','Default Image',NULL,'Modules\\Article\\App\\Models\\Article',313,'2024-11-20 14:04:20','2024-11-20 14:04:20'),(373,'images/2024/11/208274d3e2-04c0-4ba7-be64-df39956e01fd/default.jpg','Default Image',NULL,'Modules\\Article\\App\\Models\\Article',314,'2024-11-20 14:04:20','2024-11-20 14:04:20'),(374,'images/2024/11/2026b9cad6-02f4-4942-8a06-44e4eabe9fb1/default.jpg','Default Image',NULL,'Modules\\Article\\App\\Models\\Article',315,'2024-11-20 14:04:20','2024-11-20 14:04:20'),(375,'images/2024/11/2009859553-e275-4c6c-96f6-a0a06f30db5d/default.jpg','Default Image',NULL,'Modules\\Article\\App\\Models\\Article',316,'2024-11-20 14:04:20','2024-11-20 14:04:20'),(376,'images/2024/11/20032e50a3-cded-4a9d-8850-d24564ce73be/default.jpg','Default Image',NULL,'Modules\\Article\\App\\Models\\Article',317,'2024-11-20 14:04:20','2024-11-20 14:04:20'),(377,'images/2024/11/206108d3fe-acee-481b-8b86-da7461f66969/default.jpg','Default Image',NULL,'Modules\\Article\\App\\Models\\Article',318,'2024-11-20 14:04:20','2024-11-20 14:04:20'),(378,'images/2024/11/20c286091e-db04-4b62-8653-cfbca8126dfe/default.jpg','Default Image',NULL,'Modules\\Article\\App\\Models\\Article',319,'2024-11-20 14:04:20','2024-11-20 14:04:20'),(379,'images/2024/11/20d2b9e0e4-fadb-4171-9470-b26d8d562811/default.jpg','Default Image',NULL,'Modules\\Article\\App\\Models\\Article',320,'2024-11-20 14:04:20','2024-11-20 14:04:20'),(380,'images/2024/11/20c44527dd-d40d-4dae-8cb9-635f2f375922/logo.png','Default Image',NULL,NULL,NULL,'2024-11-20 14:04:22','2024-11-20 14:04:22'),(381,'images/2024/11/20a647b786-3711-4425-bc02-816688f46c1a/logo.png','Default Image',NULL,NULL,NULL,'2024-11-20 14:04:22','2024-11-20 14:04:22'),(382,'images/2024/11/20a6da3b15-c6bd-408b-9e96-dade2f92a6be/favicon.ico','Default Image',NULL,NULL,NULL,'2024-11-20 14:04:22','2024-11-20 14:04:22');
/*!40000 ALTER TABLE `images` ENABLE KEYS */;
UNLOCK TABLES;

--
-- Table structure for table `likeable_like_counters`
--

DROP TABLE IF EXISTS `likeable_like_counters`;
/*!40101 SET @saved_cs_client     = @@character_set_client */;
/*!50503 SET character_set_client = utf8mb4 */;
CREATE TABLE `likeable_like_counters` (
  `id` bigint unsigned NOT NULL AUTO_INCREMENT,
  `likeable_id` varchar(36) CHARACTER SET utf8mb4 COLLATE utf8mb4_unicode_ci NOT NULL,
  `likeable_type` varchar(255) CHARACTER SET utf8mb4 COLLATE utf8mb4_unicode_ci NOT NULL,
  `count` bigint unsigned NOT NULL DEFAULT '0',
  PRIMARY KEY (`id`),
  UNIQUE KEY `likeable_counts` (`likeable_id`,`likeable_type`)
) ENGINE=InnoDB DEFAULT CHARSET=utf8mb4 COLLATE=utf8mb4_unicode_ci;
/*!40101 SET character_set_client = @saved_cs_client */;

--
-- Dumping data for table `likeable_like_counters`
--

LOCK TABLES `likeable_like_counters` WRITE;
/*!40000 ALTER TABLE `likeable_like_counters` DISABLE KEYS */;
/*!40000 ALTER TABLE `likeable_like_counters` ENABLE KEYS */;
UNLOCK TABLES;

--
-- Table structure for table `likeable_likes`
--

DROP TABLE IF EXISTS `likeable_likes`;
/*!40101 SET @saved_cs_client     = @@character_set_client */;
/*!50503 SET character_set_client = utf8mb4 */;
CREATE TABLE `likeable_likes` (
  `id` bigint unsigned NOT NULL AUTO_INCREMENT,
  `likeable_id` varchar(36) CHARACTER SET utf8mb4 COLLATE utf8mb4_unicode_ci NOT NULL,
  `likeable_type` varchar(255) CHARACTER SET utf8mb4 COLLATE utf8mb4_unicode_ci NOT NULL,
  `user_id` varchar(36) CHARACTER SET utf8mb4 COLLATE utf8mb4_unicode_ci NOT NULL,
  `created_at` timestamp NULL DEFAULT NULL,
  `updated_at` timestamp NULL DEFAULT NULL,
  PRIMARY KEY (`id`),
  UNIQUE KEY `likeable_likes_unique` (`likeable_id`,`likeable_type`,`user_id`),
  KEY `likeable_likes_user_id_index` (`user_id`)
) ENGINE=InnoDB DEFAULT CHARSET=utf8mb4 COLLATE=utf8mb4_unicode_ci;
/*!40101 SET character_set_client = @saved_cs_client */;

--
-- Dumping data for table `likeable_likes`
--

LOCK TABLES `likeable_likes` WRITE;
/*!40000 ALTER TABLE `likeable_likes` DISABLE KEYS */;
/*!40000 ALTER TABLE `likeable_likes` ENABLE KEYS */;
UNLOCK TABLES;

--
-- Table structure for table `media`
--

DROP TABLE IF EXISTS `media`;
/*!40101 SET @saved_cs_client     = @@character_set_client */;
/*!50503 SET character_set_client = utf8mb4 */;
CREATE TABLE `media` (
  `id` bigint unsigned NOT NULL AUTO_INCREMENT,
  `model_type` varchar(255) CHARACTER SET utf8mb4 COLLATE utf8mb4_unicode_ci NOT NULL,
  `model_id` bigint unsigned NOT NULL,
  `uuid` char(36) CHARACTER SET utf8mb4 COLLATE utf8mb4_unicode_ci DEFAULT NULL,
  `collection_name` varchar(255) CHARACTER SET utf8mb4 COLLATE utf8mb4_unicode_ci NOT NULL,
  `name` varchar(255) CHARACTER SET utf8mb4 COLLATE utf8mb4_unicode_ci NOT NULL,
  `file_name` varchar(255) CHARACTER SET utf8mb4 COLLATE utf8mb4_unicode_ci NOT NULL,
  `mime_type` varchar(255) CHARACTER SET utf8mb4 COLLATE utf8mb4_unicode_ci DEFAULT NULL,
  `disk` varchar(255) CHARACTER SET utf8mb4 COLLATE utf8mb4_unicode_ci NOT NULL,
  `conversions_disk` varchar(255) CHARACTER SET utf8mb4 COLLATE utf8mb4_unicode_ci DEFAULT NULL,
  `size` bigint unsigned NOT NULL,
  `manipulations` json NOT NULL,
  `custom_properties` json NOT NULL,
  `generated_conversions` json NOT NULL,
  `responsive_images` json NOT NULL,
  `order_column` int unsigned DEFAULT NULL,
  `created_at` timestamp NULL DEFAULT NULL,
  `updated_at` timestamp NULL DEFAULT NULL,
  PRIMARY KEY (`id`),
  UNIQUE KEY `media_uuid_unique` (`uuid`),
  KEY `media_model_type_model_id_index` (`model_type`,`model_id`),
  KEY `media_order_column_index` (`order_column`)
) ENGINE=InnoDB DEFAULT CHARSET=utf8mb4 COLLATE=utf8mb4_unicode_ci;
/*!40101 SET character_set_client = @saved_cs_client */;

--
-- Dumping data for table `media`
--

LOCK TABLES `media` WRITE;
/*!40000 ALTER TABLE `media` DISABLE KEYS */;
/*!40000 ALTER TABLE `media` ENABLE KEYS */;
UNLOCK TABLES;

--
-- Table structure for table `menus`
--

DROP TABLE IF EXISTS `menus`;
/*!40101 SET @saved_cs_client     = @@character_set_client */;
/*!50503 SET character_set_client = utf8mb4 */;
CREATE TABLE `menus` (
  `id` bigint unsigned NOT NULL AUTO_INCREMENT,
  `name` varchar(255) CHARACTER SET utf8mb4 COLLATE utf8mb4_unicode_ci DEFAULT NULL,
  `url` varchar(255) CHARACTER SET utf8mb4 COLLATE utf8mb4_unicode_ci DEFAULT NULL,
  `position` bigint unsigned NOT NULL,
  `type` enum('main','submenu','category','parent_category') CHARACTER SET utf8mb4 COLLATE utf8mb4_unicode_ci NOT NULL DEFAULT 'main',
  `parent_id` bigint unsigned DEFAULT NULL,
  `category_id` bigint unsigned DEFAULT NULL,
  `status` tinyint(1) NOT NULL DEFAULT '1',
  `deleted_at` timestamp NULL DEFAULT NULL,
  `created_at` timestamp NULL DEFAULT NULL,
  `updated_at` timestamp NULL DEFAULT NULL,
  PRIMARY KEY (`id`),
  UNIQUE KEY `menus_position_unique` (`position`),
  KEY `menus_parent_id_foreign` (`parent_id`),
  KEY `menus_category_id_foreign` (`category_id`),
  CONSTRAINT `menus_category_id_foreign` FOREIGN KEY (`category_id`) REFERENCES `categories` (`id`) ON DELETE CASCADE,
  CONSTRAINT `menus_parent_id_foreign` FOREIGN KEY (`parent_id`) REFERENCES `menus` (`id`) ON DELETE CASCADE
) ENGINE=InnoDB AUTO_INCREMENT=11 DEFAULT CHARSET=utf8mb4 COLLATE=utf8mb4_unicode_ci;
/*!40101 SET character_set_client = @saved_cs_client */;

--
-- Dumping data for table `menus`
--

LOCK TABLES `menus` WRITE;
/*!40000 ALTER TABLE `menus` DISABLE KEYS */;
INSERT INTO `menus` VALUES (1,NULL,NULL,1,'category',NULL,14,0,NULL,'2024-11-20 14:04:21','2024-11-20 14:04:21'),(2,NULL,NULL,2,'parent_category',NULL,10,1,NULL,'2024-11-20 14:04:21','2024-11-20 14:04:21'),(3,NULL,NULL,3,'parent_category',NULL,42,1,NULL,'2024-11-20 14:04:21','2024-11-20 14:04:21'),(4,'Agezweho','http://murray.biz/tenetur-omnis-recusandae-harum-e...',4,'submenu',7,NULL,0,NULL,'2024-11-20 14:04:21','2024-11-20 14:04:21'),(5,'Ubukungu','http://dicki.org/ab-et-magni-sit-dolore-modi-eaque...',5,'main',NULL,NULL,1,NULL,'2024-11-20 14:04:21','2024-11-20 14:04:21'),(6,'Ikoranabuhanga','https://toy.com/non-dicta-dolor-voluptate.html',6,'submenu',5,NULL,1,NULL,'2024-11-20 14:04:21','2024-11-20 14:04:21'),(7,'Imyidagaduro','https://www.aufderhar.com/totam-est-sed-quia-maxim...',7,'main',NULL,NULL,1,NULL,'2024-11-20 14:04:21','2024-11-20 14:04:21'),(8,NULL,NULL,8,'category',NULL,40,1,NULL,'2024-11-20 14:04:21','2024-11-20 14:04:21'),(9,NULL,NULL,9,'parent_category',NULL,39,1,NULL,'2024-11-20 14:04:21','2024-11-20 14:04:21'),(10,NULL,NULL,10,'parent_category',NULL,21,1,NULL,'2024-11-20 14:04:21','2024-11-20 14:04:21');
/*!40000 ALTER TABLE `menus` ENABLE KEYS */;
UNLOCK TABLES;

--
-- Table structure for table `migrations`
--

DROP TABLE IF EXISTS `migrations`;
/*!40101 SET @saved_cs_client     = @@character_set_client */;
/*!50503 SET character_set_client = utf8mb4 */;
CREATE TABLE `migrations` (
  `id` int unsigned NOT NULL AUTO_INCREMENT,
  `migration` varchar(255) CHARACTER SET utf8mb4 COLLATE utf8mb4_unicode_ci NOT NULL,
  `batch` int NOT NULL,
  PRIMARY KEY (`id`)
) ENGINE=InnoDB AUTO_INCREMENT=31 DEFAULT CHARSET=utf8mb4 COLLATE=utf8mb4_unicode_ci;
/*!40101 SET character_set_client = @saved_cs_client */;

--
-- Dumping data for table `migrations`
--

LOCK TABLES `migrations` WRITE;
/*!40000 ALTER TABLE `migrations` DISABLE KEYS */;
INSERT INTO `migrations` VALUES (1,'2014_10_12_000000_create_users_table',1),(2,'2014_10_12_100000_create_password_reset_tokens_table',1),(3,'2016_02_07_000000_create_likeable_tables',1),(4,'2019_08_19_000000_create_failed_jobs_table',1),(5,'2019_12_14_000001_create_personal_access_tokens_table',1),(6,'2024_03_15_085936_create_categories_table',1),(7,'2024_03_25_194711_create_permission_tables',1),(8,'2024_03_29_203215_create_tags_table',1),(9,'2024_03_29_203451_create_taggables_table',1),(10,'2024_04_06_150924_create_images_table',1),(11,'2024_04_12_180109_create_articles_table',1),(12,'2024_04_27_204423_create_hotnesses_table',1),(13,'2024_05_03_190154_create_comments_table',1),(14,'2024_05_08_191730_create_visits_table',1),(15,'2024_05_10_121349_create-social-networks-table',1),(16,'2024_05_15_103928_create_about_us_table',1),(17,'2024_05_15_135343_create_contact_info_table',1),(18,'2024_05_15_145937_create_user_messages_table',1),(19,'2024_05_16_122104_create_seen_table',1),(20,'2024_05_20_130719_create_site_details_table',1),(21,'2024_05_20_163449_create_newsletters_table',1),(22,'2024_05_23_111059_create_ads_table',1),(23,'2024_06_07_163215_create_seo_settings_table',1),(24,'2024_06_12_230122_create_menus_table',1),(25,'2024_06_17_190245_create_user_tracks_table',1),(26,'2024_06_17_192852_create_request_tracks_table',1),(27,'2024_06_19_095910_create_redirects_table',1),(28,'2024_06_21_095321_create_pages_table',1),(29,'2024_06_28_155051_create_video_table',1),(30,'2024_06_28_172117_create_media_table',1);
/*!40000 ALTER TABLE `migrations` ENABLE KEYS */;
UNLOCK TABLES;

--
-- Table structure for table `model_has_permissions`
--

DROP TABLE IF EXISTS `model_has_permissions`;
/*!40101 SET @saved_cs_client     = @@character_set_client */;
/*!50503 SET character_set_client = utf8mb4 */;
CREATE TABLE `model_has_permissions` (
  `permission_id` bigint unsigned NOT NULL,
  `model_type` varchar(255) CHARACTER SET utf8mb4 COLLATE utf8mb4_unicode_ci NOT NULL,
  `model_id` bigint unsigned NOT NULL,
  PRIMARY KEY (`permission_id`,`model_id`,`model_type`),
  KEY `model_has_permissions_model_id_model_type_index` (`model_id`,`model_type`),
  CONSTRAINT `model_has_permissions_permission_id_foreign` FOREIGN KEY (`permission_id`) REFERENCES `permissions` (`id`) ON DELETE CASCADE
) ENGINE=InnoDB DEFAULT CHARSET=utf8mb4 COLLATE=utf8mb4_unicode_ci;
/*!40101 SET character_set_client = @saved_cs_client */;

--
-- Dumping data for table `model_has_permissions`
--

LOCK TABLES `model_has_permissions` WRITE;
/*!40000 ALTER TABLE `model_has_permissions` DISABLE KEYS */;
/*!40000 ALTER TABLE `model_has_permissions` ENABLE KEYS */;
UNLOCK TABLES;

--
-- Table structure for table `model_has_roles`
--

DROP TABLE IF EXISTS `model_has_roles`;
/*!40101 SET @saved_cs_client     = @@character_set_client */;
/*!50503 SET character_set_client = utf8mb4 */;
CREATE TABLE `model_has_roles` (
  `role_id` bigint unsigned NOT NULL,
  `model_type` varchar(255) CHARACTER SET utf8mb4 COLLATE utf8mb4_unicode_ci NOT NULL,
  `model_id` bigint unsigned NOT NULL,
  PRIMARY KEY (`role_id`,`model_id`,`model_type`),
  KEY `model_has_roles_model_id_model_type_index` (`model_id`,`model_type`),
  CONSTRAINT `model_has_roles_role_id_foreign` FOREIGN KEY (`role_id`) REFERENCES `roles` (`id`) ON DELETE CASCADE
) ENGINE=InnoDB DEFAULT CHARSET=utf8mb4 COLLATE=utf8mb4_unicode_ci;
/*!40101 SET character_set_client = @saved_cs_client */;

--
-- Dumping data for table `model_has_roles`
--

LOCK TABLES `model_has_roles` WRITE;
/*!40000 ALTER TABLE `model_has_roles` DISABLE KEYS */;
INSERT INTO `model_has_roles` VALUES (4,'Modules\\User\\App\\Models\\User',11),(4,'Modules\\User\\App\\Models\\User',12),(4,'Modules\\User\\App\\Models\\User',13),(4,'Modules\\User\\App\\Models\\User',14),(4,'Modules\\User\\App\\Models\\User',15),(4,'Modules\\User\\App\\Models\\User',16),(4,'Modules\\User\\App\\Models\\User',17),(4,'Modules\\User\\App\\Models\\User',18),(4,'Modules\\User\\App\\Models\\User',19),(4,'Modules\\User\\App\\Models\\User',20),(1,'Modules\\User\\App\\Models\\User',21);
/*!40000 ALTER TABLE `model_has_roles` ENABLE KEYS */;
UNLOCK TABLES;

--
-- Table structure for table `newsletters`
--

DROP TABLE IF EXISTS `newsletters`;
/*!40101 SET @saved_cs_client     = @@character_set_client */;
/*!50503 SET character_set_client = utf8mb4 */;
CREATE TABLE `newsletters` (
  `id` bigint unsigned NOT NULL AUTO_INCREMENT,
  `email` varchar(255) CHARACTER SET utf8mb4 COLLATE utf8mb4_unicode_ci NOT NULL,
  `subscribed_at` timestamp NOT NULL DEFAULT CURRENT_TIMESTAMP,
  `deleted_at` timestamp NULL DEFAULT NULL,
  `created_at` timestamp NULL DEFAULT NULL,
  `updated_at` timestamp NULL DEFAULT NULL,
  PRIMARY KEY (`id`),
  UNIQUE KEY `newsletters_email_unique` (`email`)
) ENGINE=InnoDB DEFAULT CHARSET=utf8mb4 COLLATE=utf8mb4_unicode_ci;
/*!40101 SET character_set_client = @saved_cs_client */;

--
-- Dumping data for table `newsletters`
--

LOCK TABLES `newsletters` WRITE;
/*!40000 ALTER TABLE `newsletters` DISABLE KEYS */;
/*!40000 ALTER TABLE `newsletters` ENABLE KEYS */;
UNLOCK TABLES;

--
-- Table structure for table `pages`
--

DROP TABLE IF EXISTS `pages`;
/*!40101 SET @saved_cs_client     = @@character_set_client */;
/*!50503 SET character_set_client = utf8mb4 */;
CREATE TABLE `pages` (
  `id` bigint unsigned NOT NULL AUTO_INCREMENT,
  `title` varchar(255) CHARACTER SET utf8mb4 COLLATE utf8mb4_unicode_ci NOT NULL,
  `slug` varchar(255) CHARACTER SET utf8mb4 COLLATE utf8mb4_unicode_ci NOT NULL,
  `content` text CHARACTER SET utf8mb4 COLLATE utf8mb4_unicode_ci NOT NULL,
  `user_id` bigint unsigned NOT NULL,
  `status` tinyint(1) NOT NULL DEFAULT '1',
  `created_at` timestamp NULL DEFAULT NULL,
  `updated_at` timestamp NULL DEFAULT NULL,
  PRIMARY KEY (`id`),
  UNIQUE KEY `pages_slug_unique` (`slug`),
  KEY `pages_user_id_foreign` (`user_id`),
  CONSTRAINT `pages_user_id_foreign` FOREIGN KEY (`user_id`) REFERENCES `users` (`id`)
) ENGINE=InnoDB DEFAULT CHARSET=utf8mb4 COLLATE=utf8mb4_unicode_ci;
/*!40101 SET character_set_client = @saved_cs_client */;

--
-- Dumping data for table `pages`
--

LOCK TABLES `pages` WRITE;
/*!40000 ALTER TABLE `pages` DISABLE KEYS */;
/*!40000 ALTER TABLE `pages` ENABLE KEYS */;
UNLOCK TABLES;

--
-- Table structure for table `password_reset_tokens`
--

DROP TABLE IF EXISTS `password_reset_tokens`;
/*!40101 SET @saved_cs_client     = @@character_set_client */;
/*!50503 SET character_set_client = utf8mb4 */;
CREATE TABLE `password_reset_tokens` (
  `email` varchar(255) CHARACTER SET utf8mb4 COLLATE utf8mb4_unicode_ci NOT NULL,
  `token` varchar(255) CHARACTER SET utf8mb4 COLLATE utf8mb4_unicode_ci NOT NULL,
  `created_at` timestamp NULL DEFAULT NULL,
  PRIMARY KEY (`email`)
) ENGINE=InnoDB DEFAULT CHARSET=utf8mb4 COLLATE=utf8mb4_unicode_ci;
/*!40101 SET character_set_client = @saved_cs_client */;

--
-- Dumping data for table `password_reset_tokens`
--

LOCK TABLES `password_reset_tokens` WRITE;
/*!40000 ALTER TABLE `password_reset_tokens` DISABLE KEYS */;
/*!40000 ALTER TABLE `password_reset_tokens` ENABLE KEYS */;
UNLOCK TABLES;

--
-- Table structure for table `permissions`
--

DROP TABLE IF EXISTS `permissions`;
/*!40101 SET @saved_cs_client     = @@character_set_client */;
/*!50503 SET character_set_client = utf8mb4 */;
CREATE TABLE `permissions` (
  `id` bigint unsigned NOT NULL AUTO_INCREMENT,
  `name` varchar(255) CHARACTER SET utf8mb4 COLLATE utf8mb4_unicode_ci NOT NULL,
  `guard_name` varchar(255) CHARACTER SET utf8mb4 COLLATE utf8mb4_unicode_ci NOT NULL,
  `created_at` timestamp NULL DEFAULT NULL,
  `updated_at` timestamp NULL DEFAULT NULL,
  PRIMARY KEY (`id`),
  UNIQUE KEY `permissions_name_guard_name_unique` (`name`,`guard_name`)
) ENGINE=InnoDB AUTO_INCREMENT=84 DEFAULT CHARSET=utf8mb4 COLLATE=utf8mb4_unicode_ci;
/*!40101 SET character_set_client = @saved_cs_client */;

--
-- Dumping data for table `permissions`
--

LOCK TABLES `permissions` WRITE;
/*!40000 ALTER TABLE `permissions` DISABLE KEYS */;
INSERT INTO `permissions` VALUES (1,'admin::full_access','web','2024-11-20 14:01:53','2024-11-20 14:01:53'),(2,'admin::stats_header','web','2024-11-20 14:01:53','2024-11-20 14:01:53'),(3,'admin::stats_content','web','2024-11-20 14:01:54','2024-11-20 14:01:54'),(4,'admin::contact_info','web','2024-11-20 14:01:54','2024-11-20 14:01:54'),(5,'admin::contact_user_messages','web','2024-11-20 14:01:54','2024-11-20 14:01:54'),(6,'admin::seo_management','web','2024-11-20 14:01:54','2024-11-20 14:01:54'),(7,'setting::social_networks','web','2024-11-20 14:01:54','2024-11-20 14:01:54'),(8,'setting::about_us','web','2024-11-20 14:01:54','2024-11-20 14:01:54'),(9,'setting::site_details','web','2024-11-20 14:01:54','2024-11-20 14:01:54'),(10,'cache::index','web','2024-11-20 14:01:54','2024-11-20 14:01:54'),(11,'cache::clear_all','web','2024-11-20 14:01:54','2024-11-20 14:01:54'),(12,'cache::clear_application','web','2024-11-20 14:01:54','2024-11-20 14:01:54'),(13,'cache::clear_view','web','2024-11-20 14:01:54','2024-11-20 14:01:54'),(14,'cache::clear_config','web','2024-11-20 14:01:54','2024-11-20 14:01:54'),(15,'cache::clear_route','web','2024-11-20 14:01:54','2024-11-20 14:01:54'),(16,'user_track::index','web','2024-11-20 14:01:54','2024-11-20 14:01:54'),(17,'user_track::destroy','web','2024-11-20 14:01:54','2024-11-20 14:01:54'),(18,'request_track::index','web','2024-11-20 14:01:54','2024-11-20 14:01:54'),(19,'request_track::destroy','web','2024-11-20 14:01:54','2024-11-20 14:01:54'),(20,'redirect::index','web','2024-11-20 14:01:54','2024-11-20 14:01:54'),(21,'redirect::store','web','2024-11-20 14:01:54','2024-11-20 14:01:54'),(22,'redirect::update','web','2024-11-20 14:01:54','2024-11-20 14:01:54'),(23,'redirect::destroy','web','2024-11-20 14:01:54','2024-11-20 14:01:54'),(24,'menu::index','web','2024-11-20 14:01:54','2024-11-20 14:01:54'),(25,'menu::store','web','2024-11-20 14:01:54','2024-11-20 14:01:54'),(26,'menu::update','web','2024-11-20 14:01:54','2024-11-20 14:01:54'),(27,'menu::destroy','web','2024-11-20 14:01:54','2024-11-20 14:01:54'),(28,'page::index','web','2024-11-20 14:01:54','2024-11-20 14:01:54'),(29,'page::store','web','2024-11-20 14:01:54','2024-11-20 14:01:54'),(30,'page::update','web','2024-11-20 14:01:54','2024-11-20 14:01:54'),(31,'page::destroy','web','2024-11-20 14:01:55','2024-11-20 14:01:55'),(32,'newsletter::index','web','2024-11-20 14:01:55','2024-11-20 14:01:55'),(33,'newsletter::destroy','web','2024-11-20 14:01:55','2024-11-20 14:01:55'),(34,'user::index','web','2024-11-20 14:01:55','2024-11-20 14:01:55'),(35,'user::store','web','2024-11-20 14:01:55','2024-11-20 14:01:55'),(36,'user::update','web','2024-11-20 14:01:55','2024-11-20 14:01:55'),(37,'user::destroy','web','2024-11-20 14:01:55','2024-11-20 14:01:55'),(38,'user::role_assignment','web','2024-11-20 14:01:55','2024-11-20 14:01:55'),(39,'role::index','web','2024-11-20 14:01:55','2024-11-20 14:01:55'),(40,'role::store','web','2024-11-20 14:01:55','2024-11-20 14:01:55'),(41,'role::update','web','2024-11-20 14:01:55','2024-11-20 14:01:55'),(42,'role::destroy','web','2024-11-20 14:01:55','2024-11-20 14:01:55'),(43,'category::index','web','2024-11-20 14:01:55','2024-11-20 14:01:55'),(44,'category::store','web','2024-11-20 14:01:55','2024-11-20 14:01:55'),(45,'category::update','web','2024-11-20 14:01:55','2024-11-20 14:01:55'),(46,'category::destroy','web','2024-11-20 14:01:55','2024-11-20 14:01:55'),(47,'tag::index','web','2024-11-20 14:01:55','2024-11-20 14:01:55'),(48,'tag::store','web','2024-11-20 14:01:55','2024-11-20 14:01:55'),(49,'tag::update','web','2024-11-20 14:01:55','2024-11-20 14:01:55'),(50,'tag::destroy','web','2024-11-20 14:01:55','2024-11-20 14:01:55'),(51,'tag::hotness','web','2024-11-20 14:01:55','2024-11-20 14:01:55'),(52,'article::index','web','2024-11-20 14:01:55','2024-11-20 14:01:55'),(53,'article::store','web','2024-11-20 14:01:55','2024-11-20 14:01:55'),(54,'article::update','web','2024-11-20 14:01:55','2024-11-20 14:01:55'),(55,'article::destroy','web','2024-11-20 14:01:55','2024-11-20 14:01:55'),(56,'article::editor_choice','web','2024-11-20 14:01:55','2024-11-20 14:01:55'),(57,'article::hotness','web','2024-11-20 14:01:55','2024-11-20 14:01:55'),(58,'image::index_all','web','2024-11-20 14:01:55','2024-11-20 14:01:55'),(59,'image::index_own','web','2024-11-20 14:01:55','2024-11-20 14:01:55'),(60,'image::update_all','web','2024-11-20 14:01:55','2024-11-20 14:01:55'),(61,'image::update_own','web','2024-11-20 14:01:55','2024-11-20 14:01:55'),(62,'image::destroy_all','web','2024-11-20 14:01:55','2024-11-20 14:01:55'),(63,'image::destroy_own','web','2024-11-20 14:01:55','2024-11-20 14:01:55'),(64,'video::index_all','web','2024-11-20 14:01:55','2024-11-20 14:01:55'),(65,'video::index_own','web','2024-11-20 14:01:55','2024-11-20 14:01:55'),(66,'video::store','web','2024-11-20 14:01:55','2024-11-20 14:01:55'),(67,'video::update_all','web','2024-11-20 14:01:55','2024-11-20 14:01:55'),(68,'video::update_own','web','2024-11-20 14:01:56','2024-11-20 14:01:56'),(69,'video::destroy_all','web','2024-11-20 14:01:56','2024-11-20 14:01:56'),(70,'video::destroy_own','web','2024-11-20 14:01:56','2024-11-20 14:01:56'),(71,'comment::index','web','2024-11-20 14:01:56','2024-11-20 14:01:56'),(72,'comment::show','web','2024-11-20 14:01:56','2024-11-20 14:01:56'),(73,'comment::approve','web','2024-11-20 14:01:56','2024-11-20 14:01:56'),(74,'comment::reject','web','2024-11-20 14:01:56','2024-11-20 14:01:56'),(75,'comment::destroy','web','2024-11-20 14:01:56','2024-11-20 14:01:56'),(76,'profile::edit','web','2024-11-20 14:01:56','2024-11-20 14:01:56'),(77,'profile::change_password','web','2024-11-20 14:01:56','2024-11-20 14:01:56'),(78,'profile::change_email','web','2024-11-20 14:01:56','2024-11-20 14:01:56'),(79,'profile::social_networks','web','2024-11-20 14:01:56','2024-11-20 14:01:56'),(80,'ads::index','web','2024-11-20 14:01:56','2024-11-20 14:01:56'),(81,'ads::store','web','2024-11-20 14:01:56','2024-11-20 14:01:56'),(82,'ads::update','web','2024-11-20 14:01:56','2024-11-20 14:01:56'),(83,'ads::destroy','web','2024-11-20 14:01:56','2024-11-20 14:01:56');
/*!40000 ALTER TABLE `permissions` ENABLE KEYS */;
UNLOCK TABLES;

--
-- Table structure for table `personal_access_tokens`
--

DROP TABLE IF EXISTS `personal_access_tokens`;
/*!40101 SET @saved_cs_client     = @@character_set_client */;
/*!50503 SET character_set_client = utf8mb4 */;
CREATE TABLE `personal_access_tokens` (
  `id` bigint unsigned NOT NULL AUTO_INCREMENT,
  `tokenable_type` varchar(255) CHARACTER SET utf8mb4 COLLATE utf8mb4_unicode_ci NOT NULL,
  `tokenable_id` bigint unsigned NOT NULL,
  `name` varchar(255) CHARACTER SET utf8mb4 COLLATE utf8mb4_unicode_ci NOT NULL,
  `token` varchar(64) CHARACTER SET utf8mb4 COLLATE utf8mb4_unicode_ci NOT NULL,
  `abilities` text CHARACTER SET utf8mb4 COLLATE utf8mb4_unicode_ci,
  `last_used_at` timestamp NULL DEFAULT NULL,
  `expires_at` timestamp NULL DEFAULT NULL,
  `created_at` timestamp NULL DEFAULT NULL,
  `updated_at` timestamp NULL DEFAULT NULL,
  PRIMARY KEY (`id`),
  UNIQUE KEY `personal_access_tokens_token_unique` (`token`),
  KEY `personal_access_tokens_tokenable_type_tokenable_id_index` (`tokenable_type`,`tokenable_id`)
) ENGINE=InnoDB DEFAULT CHARSET=utf8mb4 COLLATE=utf8mb4_unicode_ci;
/*!40101 SET character_set_client = @saved_cs_client */;

--
-- Dumping data for table `personal_access_tokens`
--

LOCK TABLES `personal_access_tokens` WRITE;
/*!40000 ALTER TABLE `personal_access_tokens` DISABLE KEYS */;
/*!40000 ALTER TABLE `personal_access_tokens` ENABLE KEYS */;
UNLOCK TABLES;

--
-- Table structure for table `redirects`
--

DROP TABLE IF EXISTS `redirects`;
/*!40101 SET @saved_cs_client     = @@character_set_client */;
/*!50503 SET character_set_client = utf8mb4 */;
CREATE TABLE `redirects` (
  `id` bigint unsigned NOT NULL AUTO_INCREMENT,
  `source_url` varchar(255) CHARACTER SET utf8mb4 COLLATE utf8mb4_unicode_ci NOT NULL,
  `destination_url` varchar(255) CHARACTER SET utf8mb4 COLLATE utf8mb4_unicode_ci NOT NULL,
  `status_code` int NOT NULL DEFAULT '301',
  `status` tinyint(1) NOT NULL DEFAULT '1',
  `created_at` timestamp NULL DEFAULT NULL,
  `updated_at` timestamp NULL DEFAULT NULL,
  PRIMARY KEY (`id`),
  UNIQUE KEY `redirects_source_url_unique` (`source_url`)
) ENGINE=InnoDB DEFAULT CHARSET=utf8mb4 COLLATE=utf8mb4_unicode_ci;
/*!40101 SET character_set_client = @saved_cs_client */;

--
-- Dumping data for table `redirects`
--

LOCK TABLES `redirects` WRITE;
/*!40000 ALTER TABLE `redirects` DISABLE KEYS */;
/*!40000 ALTER TABLE `redirects` ENABLE KEYS */;
UNLOCK TABLES;

--
-- Table structure for table `request_tracks`
--

DROP TABLE IF EXISTS `request_tracks`;
/*!40101 SET @saved_cs_client     = @@character_set_client */;
/*!50503 SET character_set_client = utf8mb4 */;
CREATE TABLE `request_tracks` (
  `id` bigint unsigned NOT NULL AUTO_INCREMENT,
  `url` varchar(255) CHARACTER SET utf8mb4 COLLATE utf8mb4_unicode_ci NOT NULL,
  `referer` varchar(255) CHARACTER SET utf8mb4 COLLATE utf8mb4_unicode_ci DEFAULT NULL,
  `tag` varchar(255) CHARACTER SET utf8mb4 COLLATE utf8mb4_unicode_ci DEFAULT NULL,
  `user_track_id` bigint unsigned NOT NULL,
  `created_at` timestamp NULL DEFAULT NULL,
  `updated_at` timestamp NULL DEFAULT NULL,
  PRIMARY KEY (`id`),
  KEY `request_tracks_user_track_id_foreign` (`user_track_id`),
  CONSTRAINT `request_tracks_user_track_id_foreign` FOREIGN KEY (`user_track_id`) REFERENCES `user_tracks` (`id`) ON DELETE CASCADE
) ENGINE=InnoDB AUTO_INCREMENT=12 DEFAULT CHARSET=utf8mb4 COLLATE=utf8mb4_unicode_ci;
/*!40101 SET character_set_client = @saved_cs_client */;

--
-- Dumping data for table `request_tracks`
--

LOCK TABLES `request_tracks` WRITE;
/*!40000 ALTER TABLE `request_tracks` DISABLE KEYS */;
INSERT INTO `request_tracks` VALUES (1,'http://127.0.0.1:8000',NULL,'front',1,'2024-11-20 14:17:07','2024-11-20 14:17:07'),(2,'http://127.0.0.1:8000/login','http://127.0.0.1:8000/','front',1,'2024-11-20 14:19:32','2024-11-20 14:19:32'),(3,'http://127.0.0.1:8000',NULL,'front',1,'2024-11-27 20:09:24','2024-11-27 20:09:24'),(4,'http://127.0.0.1:8000',NULL,'front',1,'2024-11-27 20:11:33','2024-11-27 20:11:33'),(5,'http://127.0.0.1:8000',NULL,'front',1,'2024-11-27 20:14:05','2024-11-27 20:14:05'),(6,'http://127.0.0.1:8000','http://127.0.0.1:8000/categories','front',1,'2024-11-30 09:27:49','2024-11-30 09:27:49'),(7,'http://127.0.0.1:8000','http://127.0.0.1:8000/categories','front',1,'2024-11-30 09:50:32','2024-11-30 09:50:32'),(8,'http://127.0.0.1:8000','http://127.0.0.1:8000/categories','front',1,'2024-11-30 09:52:00','2024-11-30 09:52:00'),(9,'http://127.0.0.1:8000','http://127.0.0.1:8000/categories','front',1,'2024-11-30 10:39:02','2024-11-30 10:39:02'),(10,'http://127.0.0.1:8000','http://127.0.0.1:8000/categories','front',1,'2024-11-30 10:40:11','2024-11-30 10:40:11'),(11,'http://127.0.0.1:8000','http://127.0.0.1:8000/categories','front',1,'2024-11-30 10:46:43','2024-11-30 10:46:43');
/*!40000 ALTER TABLE `request_tracks` ENABLE KEYS */;
UNLOCK TABLES;

--
-- Table structure for table `role_has_permissions`
--

DROP TABLE IF EXISTS `role_has_permissions`;
/*!40101 SET @saved_cs_client     = @@character_set_client */;
/*!50503 SET character_set_client = utf8mb4 */;
CREATE TABLE `role_has_permissions` (
  `permission_id` bigint unsigned NOT NULL,
  `role_id` bigint unsigned NOT NULL,
  PRIMARY KEY (`permission_id`,`role_id`),
  KEY `role_has_permissions_role_id_foreign` (`role_id`),
  CONSTRAINT `role_has_permissions_permission_id_foreign` FOREIGN KEY (`permission_id`) REFERENCES `permissions` (`id`) ON DELETE CASCADE,
  CONSTRAINT `role_has_permissions_role_id_foreign` FOREIGN KEY (`role_id`) REFERENCES `roles` (`id`) ON DELETE CASCADE
) ENGINE=InnoDB DEFAULT CHARSET=utf8mb4 COLLATE=utf8mb4_unicode_ci;
/*!40101 SET character_set_client = @saved_cs_client */;

--
-- Dumping data for table `role_has_permissions`
--

LOCK TABLES `role_has_permissions` WRITE;
/*!40000 ALTER TABLE `role_has_permissions` DISABLE KEYS */;
INSERT INTO `role_has_permissions` VALUES (1,1),(2,2),(3,2),(6,2),(7,2),(8,2),(9,2),(24,2),(25,2),(26,2),(27,2),(28,2),(29,2),(30,2),(31,2),(43,2),(44,2),(45,2),(46,2),(47,2),(48,2),(49,2),(50,2),(51,2),(52,2),(53,2),(54,2),(55,2),(56,2),(57,2),(58,2),(60,2),(62,2),(64,2),(66,2),(67,2),(69,2),(71,2),(72,2),(73,2),(74,2),(75,2),(2,3),(3,3),(43,3),(44,3),(47,3),(48,3),(52,3),(53,3),(54,3),(55,3),(59,3),(61,3),(63,3),(2,4),(3,4),(76,4),(77,4),(78,4),(79,4);
/*!40000 ALTER TABLE `role_has_permissions` ENABLE KEYS */;
UNLOCK TABLES;

--
-- Table structure for table `roles`
--

DROP TABLE IF EXISTS `roles`;
/*!40101 SET @saved_cs_client     = @@character_set_client */;
/*!50503 SET character_set_client = utf8mb4 */;
CREATE TABLE `roles` (
  `id` bigint unsigned NOT NULL AUTO_INCREMENT,
  `name` varchar(255) CHARACTER SET utf8mb4 COLLATE utf8mb4_unicode_ci NOT NULL,
  `local_name` varchar(255) CHARACTER SET utf8mb4 COLLATE utf8mb4_unicode_ci NOT NULL,
  `guard_name` varchar(255) CHARACTER SET utf8mb4 COLLATE utf8mb4_unicode_ci NOT NULL,
  `created_at` timestamp NULL DEFAULT NULL,
  `updated_at` timestamp NULL DEFAULT NULL,
  PRIMARY KEY (`id`),
  UNIQUE KEY `roles_name_guard_name_unique` (`name`,`guard_name`)
) ENGINE=InnoDB AUTO_INCREMENT=5 DEFAULT CHARSET=utf8mb4 COLLATE=utf8mb4_unicode_ci;
/*!40101 SET character_set_client = @saved_cs_client */;

--
-- Dumping data for table `roles`
--

LOCK TABLES `roles` WRITE;
/*!40000 ALTER TABLE `roles` DISABLE KEYS */;
INSERT INTO `roles` VALUES (1,'Umuyobozi','Umuyobozi','web','2024-11-20 14:01:57','2024-11-30 08:26:03'),(2,'Umwanditsi','Umwanditsi','web','2024-11-20 14:01:57','2024-11-30 08:26:04'),(3,'Umwanditsi w\'ibintu','Umwanditsi w\'ibintu','web','2024-11-20 14:01:57','2024-11-30 08:26:04'),(4,'Umukoresha w\'ibanze','Umukoresha w\'ibanze','web','2024-11-20 14:01:57','2024-11-30 08:26:05');
/*!40000 ALTER TABLE `roles` ENABLE KEYS */;
UNLOCK TABLES;

--
-- Table structure for table `seen`
--

DROP TABLE IF EXISTS `seen`;
/*!40101 SET @saved_cs_client     = @@character_set_client */;
/*!50503 SET character_set_client = utf8mb4 */;
CREATE TABLE `seen` (
  `id` bigint unsigned NOT NULL AUTO_INCREMENT,
  `seenable_type` varchar(255) CHARACTER SET utf8mb4 COLLATE utf8mb4_unicode_ci NOT NULL,
  `seenable_id` bigint unsigned NOT NULL,
  `seen` tinyint(1) NOT NULL DEFAULT '0',
  `created_at` timestamp NULL DEFAULT NULL,
  `updated_at` timestamp NULL DEFAULT NULL,
  PRIMARY KEY (`id`),
  KEY `seen_seenable_type_seenable_id_index` (`seenable_type`,`seenable_id`)
) ENGINE=InnoDB DEFAULT CHARSET=utf8mb4 COLLATE=utf8mb4_unicode_ci;
/*!40101 SET character_set_client = @saved_cs_client */;

--
-- Dumping data for table `seen`
--

LOCK TABLES `seen` WRITE;
/*!40000 ALTER TABLE `seen` DISABLE KEYS */;
/*!40000 ALTER TABLE `seen` ENABLE KEYS */;
UNLOCK TABLES;

--
-- Table structure for table `seo_settings`
--

DROP TABLE IF EXISTS `seo_settings`;
/*!40101 SET @saved_cs_client     = @@character_set_client */;
/*!50503 SET character_set_client = utf8mb4 */;
CREATE TABLE `seo_settings` (
  `id` bigint unsigned NOT NULL AUTO_INCREMENT,
  `meta_title` varchar(255) CHARACTER SET utf8mb4 COLLATE utf8mb4_unicode_ci DEFAULT NULL,
  `meta_description` text CHARACTER SET utf8mb4 COLLATE utf8mb4_unicode_ci,
  `meta_keywords` text CHARACTER SET utf8mb4 COLLATE utf8mb4_unicode_ci,
  `meta_author` varchar(255) CHARACTER SET utf8mb4 COLLATE utf8mb4_unicode_ci DEFAULT NULL,
  `canonical_url` varchar(255) CHARACTER SET utf8mb4 COLLATE utf8mb4_unicode_ci DEFAULT NULL,
  `robots` varchar(255) CHARACTER SET utf8mb4 COLLATE utf8mb4_unicode_ci NOT NULL DEFAULT 'index, follow',
  `seoable_type` varchar(255) CHARACTER SET utf8mb4 COLLATE utf8mb4_unicode_ci NOT NULL,
  `seoable_id` bigint unsigned NOT NULL,
  `created_at` timestamp NULL DEFAULT NULL,
  `updated_at` timestamp NULL DEFAULT NULL,
  PRIMARY KEY (`id`),
  KEY `seo_settings_seoable_type_seoable_id_index` (`seoable_type`,`seoable_id`)
) ENGINE=InnoDB DEFAULT CHARSET=utf8mb4 COLLATE=utf8mb4_unicode_ci;
/*!40101 SET character_set_client = @saved_cs_client */;

--
-- Dumping data for table `seo_settings`
--

LOCK TABLES `seo_settings` WRITE;
/*!40000 ALTER TABLE `seo_settings` DISABLE KEYS */;
/*!40000 ALTER TABLE `seo_settings` ENABLE KEYS */;
UNLOCK TABLES;

--
-- Table structure for table `site_details`
--

DROP TABLE IF EXISTS `site_details`;
/*!40101 SET @saved_cs_client     = @@character_set_client */;
/*!50503 SET character_set_client = utf8mb4 */;
CREATE TABLE `site_details` (
  `id` bigint unsigned NOT NULL AUTO_INCREMENT,
  `title` text CHARACTER SET utf8mb4 COLLATE utf8mb4_unicode_ci NOT NULL,
  `description` text CHARACTER SET utf8mb4 COLLATE utf8mb4_unicode_ci NOT NULL,
  `keywords` text CHARACTER SET utf8mb4 COLLATE utf8mb4_unicode_ci,
  `footer_text` text CHARACTER SET utf8mb4 COLLATE utf8mb4_unicode_ci,
  `main_logo_id` bigint unsigned NOT NULL,
  `second_logo_id` bigint unsigned NOT NULL,
  `favicon_id` bigint unsigned DEFAULT NULL,
  `created_at` timestamp NULL DEFAULT NULL,
  `updated_at` timestamp NULL DEFAULT NULL,
  PRIMARY KEY (`id`),
  KEY `site_details_main_logo_id_foreign` (`main_logo_id`),
  KEY `site_details_second_logo_id_foreign` (`second_logo_id`),
  KEY `site_details_favicon_id_foreign` (`favicon_id`),
  CONSTRAINT `site_details_favicon_id_foreign` FOREIGN KEY (`favicon_id`) REFERENCES `images` (`id`),
  CONSTRAINT `site_details_main_logo_id_foreign` FOREIGN KEY (`main_logo_id`) REFERENCES `images` (`id`),
  CONSTRAINT `site_details_second_logo_id_foreign` FOREIGN KEY (`second_logo_id`) REFERENCES `images` (`id`)
) ENGINE=InnoDB AUTO_INCREMENT=2 DEFAULT CHARSET=utf8mb4 COLLATE=utf8mb4_unicode_ci;
/*!40101 SET character_set_client = @saved_cs_client */;

--
-- Dumping data for table `site_details`
--

LOCK TABLES `site_details` WRITE;
/*!40000 ALTER TABLE `site_details` DISABLE KEYS */;
INSERT INTO `site_details` VALUES (1,'Amakuru Agezweho mashya akakanya | #1 mukubagezaho ibigezweho mungeri zose mu Rwanda n\'Ahandi','Komeza ube imbere mu kumenya amakuru agezweho ava mu Rwanda, mu Burundi, no ku isi yose. Dufite amakuru agezweho mu byiciro bitandukanye: amakuru akakanya, politiki, ibikorwa by\'imikino, imyidagaduro, ndetse namakuru ya politiki mu Rwanda no hanze yarwo. Twaguteguriye amakuru agezweho yizewe kandi asobanutse, kuburyo uba ku isonga mu byerekeye ibigezweho.','agezweho, amakuru agezweho akakanya, amakuru agezweho, amakuru agezweho akakanya, amazina agezweho, amafoto agezweho, igituba amafoto mashya agezweho, rushyashya amakuru agezweho, amazina agezweho wakwita umwana w\'umuhungu, amazina agezweho y\'abakobwa, amazina ya kinyarwanda agezweho, amaribaya agezweho, amakuru agezweho bwiza.com, ubusobanuro bw\'amazina agezweho, amakuru agezweho burundi, amakuru agezweho mu burundi, amakuru agezweho muri ukraine, amakuru agezweho ku isi, bwiza.com amakuru agezweho rwanda, bwiza amakuru agezweho, bbc gahuzamiryango amakuru agezweho, btn tv amakuru agezweho mu, bbc gahuza.com amakuru agezweho, amakuru agezweho mu burezi, amakuru agezweho akakanya burundi, ubusobanuro bw\'amazina agezweho abahungu, amazina y\'abana b\'abahungu agezweho, agezweho congo, amakuru agezweho.com, amakuru agezweho congo, amakuru agezweho m23, amakuru agezweho ku isi yose, amakuru agezweho akakanya muri congo, amakuru agezweho yo muri congo, amakuru agezweho ku gihe.com, umuseke.com amakuru agezweho, bwiza.com amakuru agezweho, rugali.com amakuru agezweho, www.ukwezi.com amakuru agezweho, amaribaya agezweho dresses, dansens dag, hukuman terkejam di dunia, amakuru agezweho ya m23, amaribaya agezweho dresses, amakuru agezweho muri drc, amakanzu agezweho, amakazu agezweho, amakote agezweho, amakanzu agezweho, amakuru agezweho nonaha, amakuru agezweho muri afurika, veritasinfo.fr amakuru agezweho, amakuru agezweho ya fc barcelona, google amakuru agezweho, amafoto agezweho yo guswera, amakuru agezweho muri gaza, amakuru agezweho ku gituba, amakuru agezweho mu gitondo, amakuru ku gihe agezweho, amakuru agezweho kuri humura burundi, amakanzu agezweho 2024, amakanzu agezweho 2023, amakuru agezweho akakanya rwanda, amakuru agezweho umuseke, amakuru agezweho uganda, amakuru agezweho rwanda, amakuru agezweho rdc, amakuru agezweho rba, urutonde rw amazina agezweho, radio rwanda amakuru agezweho, ruhagoyacu amakuru agezweho kigali today, rwanda tribune amakuru agezweho, rushyashya amakuru agezweho mashya kuri, rayon sport amakuru agezweho, umuseke amakuru agezweho, umuryango amakuru agezweho, veritas info amakuru agezweho, youtube amakuru agezweho, amakanzu y\'abakobwa agezweho, amakanzu y\'abahungu agezweho, amakanzu agezweho 2023, amakuru agezweho live, amakuru agezweho ubu, amakuru agezweho umuseke, amakuru agezweho mu rwanda na congo, amakuru agezweho kwisi, amakuru agezweho ku burusiya, amazina agezweho ku isi, amakuru agezweho ku gihe, amakuru agezweho kuri m23, amakuru agezweho ku rwanda, amakuru agezweho kigali today, amakuru agezweho kuri radio rwanda, amakuru agezweho ku rwanda na congo, kigali today - amakuru agezweho, kigali today amakuru agezweho akakanya, kureba amakuru agezweho, kigali today amakuru agezweho muri rayon, kigali today amakuru agezweho akakanya, amakuru agezweho live','Turi ku isonga mu gutanga amakuru agezweho, kumenyekanisha amakuru ya politiki, imyidagaduro, n\'imikino. Twaguteguriye amakuru yizewe kandi agezweho, bityo ukaba ku isonga mu byerekeye ibigezweho mu Rwanda, mu Burundi, ndetse no ku isi yose.',380,381,382,'2024-11-20 14:04:22','2024-11-30 08:53:42');
/*!40000 ALTER TABLE `site_details` ENABLE KEYS */;
UNLOCK TABLES;

--
-- Table structure for table `social_networks`
--

DROP TABLE IF EXISTS `social_networks`;
/*!40101 SET @saved_cs_client     = @@character_set_client */;
/*!50503 SET character_set_client = utf8mb4 */;
CREATE TABLE `social_networks` (
  `id` bigint unsigned NOT NULL AUTO_INCREMENT,
  `name` varchar(255) CHARACTER SET utf8mb4 COLLATE utf8mb4_unicode_ci NOT NULL,
  `url` varchar(255) CHARACTER SET utf8mb4 COLLATE utf8mb4_unicode_ci DEFAULT NULL,
  `tag` varchar(255) CHARACTER SET utf8mb4 COLLATE utf8mb4_unicode_ci DEFAULT NULL,
  `owner_type` varchar(255) CHARACTER SET utf8mb4 COLLATE utf8mb4_unicode_ci DEFAULT NULL,
  `owner_id` bigint unsigned DEFAULT NULL,
  `created_at` timestamp NULL DEFAULT NULL,
  `updated_at` timestamp NULL DEFAULT NULL,
  PRIMARY KEY (`id`),
  KEY `social_networks_owner_type_owner_id_index` (`owner_type`,`owner_id`)
) ENGINE=InnoDB AUTO_INCREMENT=12 DEFAULT CHARSET=utf8mb4 COLLATE=utf8mb4_unicode_ci;
/*!40101 SET character_set_client = @saved_cs_client */;

--
-- Dumping data for table `social_networks`
--

LOCK TABLES `social_networks` WRITE;
/*!40000 ALTER TABLE `social_networks` DISABLE KEYS */;
INSERT INTO `social_networks` VALUES (1,'instagram','https://instagram.com/antonia74','current-website',NULL,NULL,'2024-11-20 14:04:22','2024-11-20 14:04:22'),(2,'telegram','https://t.me/zflatley','current-website',NULL,NULL,'2024-11-20 14:04:22','2024-11-20 14:04:22'),(3,'twitter','https://twitter.com/jones.turner','current-website',NULL,NULL,'2024-11-20 14:04:22','2024-11-20 14:04:22'),(4,'linkedin','https://linkedin.com/in/dmonahan','current-website',NULL,NULL,'2024-11-20 14:04:22','2024-11-20 14:04:22'),(5,'whatsapp','https://wa.me/+19373243506','current-website',NULL,NULL,'2024-11-20 14:04:22','2024-11-20 14:04:22'),(6,'facebook','https://facebook.com/hagenes.colleen','current-website',NULL,NULL,'2024-11-20 14:04:22','2024-11-20 14:04:22'),(7,'pinterest','https://pinterest.com/klein.verner','current-website',NULL,NULL,'2024-11-20 14:04:22','2024-11-20 14:04:22'),(8,'reddit','https://reddit.com/user/fyundt','current-website',NULL,NULL,'2024-11-20 14:04:22','2024-11-20 14:04:22'),(9,'youtube','https://youtube.com/5772ffce-5ab7-3f45-8607-2d981fdedb4a','current-website',NULL,NULL,'2024-11-20 14:04:22','2024-11-20 14:04:22'),(10,'github','https://github.com/abeer','current-website',NULL,NULL,'2024-11-20 14:04:22','2024-11-20 14:04:22'),(11,'rss','https://example.com/rss','current-website',NULL,NULL,'2024-11-20 14:04:22','2024-11-20 14:04:22');
/*!40000 ALTER TABLE `social_networks` ENABLE KEYS */;
UNLOCK TABLES;

--
-- Table structure for table `taggables`
--

DROP TABLE IF EXISTS `taggables`;
/*!40101 SET @saved_cs_client     = @@character_set_client */;
/*!50503 SET character_set_client = utf8mb4 */;
CREATE TABLE `taggables` (
  `id` bigint unsigned NOT NULL AUTO_INCREMENT,
  `tag_id` bigint unsigned NOT NULL,
  `taggable_type` varchar(255) CHARACTER SET utf8mb4 COLLATE utf8mb4_unicode_ci NOT NULL,
  `taggable_id` bigint unsigned NOT NULL,
  `created_at` timestamp NULL DEFAULT NULL,
  `updated_at` timestamp NULL DEFAULT NULL,
  PRIMARY KEY (`id`),
  KEY `taggables_tag_id_foreign` (`tag_id`),
  KEY `taggables_taggable_type_taggable_id_index` (`taggable_type`,`taggable_id`),
  CONSTRAINT `taggables_tag_id_foreign` FOREIGN KEY (`tag_id`) REFERENCES `tags` (`id`)
) ENGINE=InnoDB AUTO_INCREMENT=1423 DEFAULT CHARSET=utf8mb4 COLLATE=utf8mb4_unicode_ci;
/*!40101 SET character_set_client = @saved_cs_client */;

--
-- Dumping data for table `taggables`
--

LOCK TABLES `taggables` WRITE;
/*!40000 ALTER TABLE `taggables` DISABLE KEYS */;
INSERT INTO `taggables` VALUES (1,9,'Modules\\Article\\App\\Models\\Article',1,NULL,NULL),(2,2,'Modules\\Article\\App\\Models\\Article',2,NULL,NULL),(3,4,'Modules\\Article\\App\\Models\\Article',2,NULL,NULL),(4,8,'Modules\\Article\\App\\Models\\Article',2,NULL,NULL),(5,9,'Modules\\Article\\App\\Models\\Article',2,NULL,NULL),(6,1,'Modules\\Article\\App\\Models\\Article',3,NULL,NULL),(7,4,'Modules\\Article\\App\\Models\\Article',3,NULL,NULL),(8,6,'Modules\\Article\\App\\Models\\Article',3,NULL,NULL),(9,9,'Modules\\Article\\App\\Models\\Article',3,NULL,NULL),(10,1,'Modules\\Article\\App\\Models\\Article',4,NULL,NULL),(11,3,'Modules\\Article\\App\\Models\\Article',4,NULL,NULL),(12,8,'Modules\\Article\\App\\Models\\Article',4,NULL,NULL),(13,9,'Modules\\Article\\App\\Models\\Article',4,NULL,NULL),(14,5,'Modules\\Article\\App\\Models\\Article',5,NULL,NULL),(15,3,'Modules\\Article\\App\\Models\\Article',6,NULL,NULL),(16,5,'Modules\\Article\\App\\Models\\Article',6,NULL,NULL),(17,6,'Modules\\Article\\App\\Models\\Article',6,NULL,NULL),(18,7,'Modules\\Article\\App\\Models\\Article',6,NULL,NULL),(19,8,'Modules\\Article\\App\\Models\\Article',6,NULL,NULL),(20,9,'Modules\\Article\\App\\Models\\Article',6,NULL,NULL),(21,3,'Modules\\Article\\App\\Models\\Article',7,NULL,NULL),(22,7,'Modules\\Article\\App\\Models\\Article',8,NULL,NULL),(23,2,'Modules\\Article\\App\\Models\\Article',9,NULL,NULL),(24,4,'Modules\\Article\\App\\Models\\Article',9,NULL,NULL),(25,1,'Modules\\Article\\App\\Models\\Article',10,NULL,NULL),(26,4,'Modules\\Article\\App\\Models\\Article',10,NULL,NULL),(27,5,'Modules\\Article\\App\\Models\\Article',10,NULL,NULL),(28,6,'Modules\\Article\\App\\Models\\Article',10,NULL,NULL),(29,8,'Modules\\Article\\App\\Models\\Article',10,NULL,NULL),(30,1,'Modules\\Article\\App\\Models\\Article',11,NULL,NULL),(31,3,'Modules\\Article\\App\\Models\\Article',11,NULL,NULL),(32,4,'Modules\\Article\\App\\Models\\Article',11,NULL,NULL),(33,7,'Modules\\Article\\App\\Models\\Article',11,NULL,NULL),(34,10,'Modules\\Article\\App\\Models\\Article',11,NULL,NULL),(35,4,'Modules\\Article\\App\\Models\\Article',12,NULL,NULL),(36,1,'Modules\\Article\\App\\Models\\Article',13,NULL,NULL),(37,3,'Modules\\Article\\App\\Models\\Article',13,NULL,NULL),(38,5,'Modules\\Article\\App\\Models\\Article',13,NULL,NULL),(39,10,'Modules\\Article\\App\\Models\\Article',13,NULL,NULL),(40,1,'Modules\\Article\\App\\Models\\Article',14,NULL,NULL),(41,2,'Modules\\Article\\App\\Models\\Article',14,NULL,NULL),(42,4,'Modules\\Article\\App\\Models\\Article',14,NULL,NULL),(43,5,'Modules\\Article\\App\\Models\\Article',14,NULL,NULL),(44,6,'Modules\\Article\\App\\Models\\Article',14,NULL,NULL),(45,7,'Modules\\Article\\App\\Models\\Article',14,NULL,NULL),(46,9,'Modules\\Article\\App\\Models\\Article',14,NULL,NULL),(47,10,'Modules\\Article\\App\\Models\\Article',14,NULL,NULL),(48,2,'Modules\\Article\\App\\Models\\Article',15,NULL,NULL),(49,3,'Modules\\Article\\App\\Models\\Article',15,NULL,NULL),(50,4,'Modules\\Article\\App\\Models\\Article',15,NULL,NULL),(51,5,'Modules\\Article\\App\\Models\\Article',15,NULL,NULL),(52,1,'Modules\\Article\\App\\Models\\Article',16,NULL,NULL),(53,3,'Modules\\Article\\App\\Models\\Article',16,NULL,NULL),(54,6,'Modules\\Article\\App\\Models\\Article',16,NULL,NULL),(55,4,'Modules\\Article\\App\\Models\\Article',17,NULL,NULL),(56,5,'Modules\\Article\\App\\Models\\Article',17,NULL,NULL),(57,6,'Modules\\Article\\App\\Models\\Article',17,NULL,NULL),(58,7,'Modules\\Article\\App\\Models\\Article',17,NULL,NULL),(59,9,'Modules\\Article\\App\\Models\\Article',17,NULL,NULL),(60,10,'Modules\\Article\\App\\Models\\Article',17,NULL,NULL),(61,3,'Modules\\Article\\App\\Models\\Article',18,NULL,NULL),(62,5,'Modules\\Article\\App\\Models\\Article',18,NULL,NULL),(63,6,'Modules\\Article\\App\\Models\\Article',18,NULL,NULL),(64,7,'Modules\\Article\\App\\Models\\Article',18,NULL,NULL),(65,8,'Modules\\Article\\App\\Models\\Article',18,NULL,NULL),(66,9,'Modules\\Article\\App\\Models\\Article',18,NULL,NULL),(67,10,'Modules\\Article\\App\\Models\\Article',18,NULL,NULL),(68,1,'Modules\\Article\\App\\Models\\Article',19,NULL,NULL),(69,2,'Modules\\Article\\App\\Models\\Article',19,NULL,NULL),(70,4,'Modules\\Article\\App\\Models\\Article',19,NULL,NULL),(71,5,'Modules\\Article\\App\\Models\\Article',19,NULL,NULL),(72,7,'Modules\\Article\\App\\Models\\Article',19,NULL,NULL),(73,10,'Modules\\Article\\App\\Models\\Article',19,NULL,NULL),(74,3,'Modules\\Article\\App\\Models\\Article',20,NULL,NULL),(75,4,'Modules\\Article\\App\\Models\\Article',20,NULL,NULL),(76,7,'Modules\\Article\\App\\Models\\Article',20,NULL,NULL),(77,9,'Modules\\Article\\App\\Models\\Article',20,NULL,NULL),(78,7,'Modules\\Article\\App\\Models\\Article',21,NULL,NULL),(79,4,'Modules\\Article\\App\\Models\\Article',22,NULL,NULL),(80,5,'Modules\\Article\\App\\Models\\Article',22,NULL,NULL),(81,6,'Modules\\Article\\App\\Models\\Article',22,NULL,NULL),(82,2,'Modules\\Article\\App\\Models\\Article',23,NULL,NULL),(83,4,'Modules\\Article\\App\\Models\\Article',23,NULL,NULL),(84,5,'Modules\\Article\\App\\Models\\Article',23,NULL,NULL),(85,7,'Modules\\Article\\App\\Models\\Article',23,NULL,NULL),(86,8,'Modules\\Article\\App\\Models\\Article',23,NULL,NULL),(87,9,'Modules\\Article\\App\\Models\\Article',23,NULL,NULL),(88,10,'Modules\\Article\\App\\Models\\Article',23,NULL,NULL),(89,2,'Modules\\Article\\App\\Models\\Article',24,NULL,NULL),(90,3,'Modules\\Article\\App\\Models\\Article',24,NULL,NULL),(91,5,'Modules\\Article\\App\\Models\\Article',24,NULL,NULL),(92,6,'Modules\\Article\\App\\Models\\Article',24,NULL,NULL),(93,7,'Modules\\Article\\App\\Models\\Article',24,NULL,NULL),(94,8,'Modules\\Article\\App\\Models\\Article',24,NULL,NULL),(95,9,'Modules\\Article\\App\\Models\\Article',24,NULL,NULL),(96,10,'Modules\\Article\\App\\Models\\Article',24,NULL,NULL),(97,1,'Modules\\Article\\App\\Models\\Article',25,NULL,NULL),(98,2,'Modules\\Article\\App\\Models\\Article',25,NULL,NULL),(99,3,'Modules\\Article\\App\\Models\\Article',25,NULL,NULL),(100,4,'Modules\\Article\\App\\Models\\Article',25,NULL,NULL),(101,5,'Modules\\Article\\App\\Models\\Article',25,NULL,NULL),(102,7,'Modules\\Article\\App\\Models\\Article',25,NULL,NULL),(103,8,'Modules\\Article\\App\\Models\\Article',25,NULL,NULL),(104,1,'Modules\\Article\\App\\Models\\Article',26,NULL,NULL),(105,2,'Modules\\Article\\App\\Models\\Article',26,NULL,NULL),(106,3,'Modules\\Article\\App\\Models\\Article',26,NULL,NULL),(107,4,'Modules\\Article\\App\\Models\\Article',26,NULL,NULL),(108,8,'Modules\\Article\\App\\Models\\Article',26,NULL,NULL),(109,10,'Modules\\Article\\App\\Models\\Article',26,NULL,NULL),(110,2,'Modules\\Article\\App\\Models\\Article',27,NULL,NULL),(111,9,'Modules\\Article\\App\\Models\\Article',27,NULL,NULL),(112,2,'Modules\\Article\\App\\Models\\Article',28,NULL,NULL),(113,5,'Modules\\Article\\App\\Models\\Article',28,NULL,NULL),(114,6,'Modules\\Article\\App\\Models\\Article',28,NULL,NULL),(115,9,'Modules\\Article\\App\\Models\\Article',28,NULL,NULL),(116,10,'Modules\\Article\\App\\Models\\Article',28,NULL,NULL),(117,6,'Modules\\Article\\App\\Models\\Article',29,NULL,NULL),(118,7,'Modules\\Article\\App\\Models\\Article',29,NULL,NULL),(119,10,'Modules\\Article\\App\\Models\\Article',29,NULL,NULL),(120,1,'Modules\\Article\\App\\Models\\Article',30,NULL,NULL),(121,3,'Modules\\Article\\App\\Models\\Article',30,NULL,NULL),(122,5,'Modules\\Article\\App\\Models\\Article',30,NULL,NULL),(123,7,'Modules\\Article\\App\\Models\\Article',30,NULL,NULL),(124,8,'Modules\\Article\\App\\Models\\Article',30,NULL,NULL),(125,9,'Modules\\Article\\App\\Models\\Article',30,NULL,NULL),(126,10,'Modules\\Article\\App\\Models\\Article',30,NULL,NULL),(127,2,'Modules\\Article\\App\\Models\\Article',31,NULL,NULL),(128,1,'Modules\\Article\\App\\Models\\Article',32,NULL,NULL),(129,2,'Modules\\Article\\App\\Models\\Article',32,NULL,NULL),(130,4,'Modules\\Article\\App\\Models\\Article',32,NULL,NULL),(131,5,'Modules\\Article\\App\\Models\\Article',32,NULL,NULL),(132,7,'Modules\\Article\\App\\Models\\Article',32,NULL,NULL),(133,9,'Modules\\Article\\App\\Models\\Article',32,NULL,NULL),(134,10,'Modules\\Article\\App\\Models\\Article',32,NULL,NULL),(135,1,'Modules\\Article\\App\\Models\\Article',33,NULL,NULL),(136,3,'Modules\\Article\\App\\Models\\Article',33,NULL,NULL),(137,4,'Modules\\Article\\App\\Models\\Article',33,NULL,NULL),(138,5,'Modules\\Article\\App\\Models\\Article',33,NULL,NULL),(139,6,'Modules\\Article\\App\\Models\\Article',33,NULL,NULL),(140,7,'Modules\\Article\\App\\Models\\Article',33,NULL,NULL),(141,8,'Modules\\Article\\App\\Models\\Article',33,NULL,NULL),(142,10,'Modules\\Article\\App\\Models\\Article',33,NULL,NULL),(143,1,'Modules\\Article\\App\\Models\\Article',34,NULL,NULL),(144,2,'Modules\\Article\\App\\Models\\Article',34,NULL,NULL),(145,3,'Modules\\Article\\App\\Models\\Article',34,NULL,NULL),(146,4,'Modules\\Article\\App\\Models\\Article',34,NULL,NULL),(147,5,'Modules\\Article\\App\\Models\\Article',34,NULL,NULL),(148,6,'Modules\\Article\\App\\Models\\Article',34,NULL,NULL),(149,7,'Modules\\Article\\App\\Models\\Article',34,NULL,NULL),(150,8,'Modules\\Article\\App\\Models\\Article',34,NULL,NULL),(151,3,'Modules\\Article\\App\\Models\\Article',35,NULL,NULL),(152,4,'Modules\\Article\\App\\Models\\Article',35,NULL,NULL),(153,5,'Modules\\Article\\App\\Models\\Article',35,NULL,NULL),(154,7,'Modules\\Article\\App\\Models\\Article',35,NULL,NULL),(155,8,'Modules\\Article\\App\\Models\\Article',35,NULL,NULL),(156,9,'Modules\\Article\\App\\Models\\Article',35,NULL,NULL),(157,10,'Modules\\Article\\App\\Models\\Article',35,NULL,NULL),(158,1,'Modules\\Article\\App\\Models\\Article',36,NULL,NULL),(159,8,'Modules\\Article\\App\\Models\\Article',36,NULL,NULL),(160,9,'Modules\\Article\\App\\Models\\Article',36,NULL,NULL),(161,3,'Modules\\Article\\App\\Models\\Article',37,NULL,NULL),(162,6,'Modules\\Article\\App\\Models\\Article',37,NULL,NULL),(163,7,'Modules\\Article\\App\\Models\\Article',37,NULL,NULL),(164,8,'Modules\\Article\\App\\Models\\Article',37,NULL,NULL),(165,9,'Modules\\Article\\App\\Models\\Article',37,NULL,NULL),(166,10,'Modules\\Article\\App\\Models\\Article',37,NULL,NULL),(167,3,'Modules\\Article\\App\\Models\\Article',38,NULL,NULL),(168,4,'Modules\\Article\\App\\Models\\Article',38,NULL,NULL),(169,5,'Modules\\Article\\App\\Models\\Article',38,NULL,NULL),(170,6,'Modules\\Article\\App\\Models\\Article',38,NULL,NULL),(171,7,'Modules\\Article\\App\\Models\\Article',38,NULL,NULL),(172,8,'Modules\\Article\\App\\Models\\Article',38,NULL,NULL),(173,9,'Modules\\Article\\App\\Models\\Article',38,NULL,NULL),(174,1,'Modules\\Article\\App\\Models\\Article',39,NULL,NULL),(175,2,'Modules\\Article\\App\\Models\\Article',39,NULL,NULL),(176,7,'Modules\\Article\\App\\Models\\Article',39,NULL,NULL),(177,2,'Modules\\Article\\App\\Models\\Article',40,NULL,NULL),(178,4,'Modules\\Article\\App\\Models\\Article',40,NULL,NULL),(179,7,'Modules\\Article\\App\\Models\\Article',40,NULL,NULL),(180,2,'Modules\\Article\\App\\Models\\Article',41,NULL,NULL),(181,3,'Modules\\Article\\App\\Models\\Article',41,NULL,NULL),(182,4,'Modules\\Article\\App\\Models\\Article',41,NULL,NULL),(183,7,'Modules\\Article\\App\\Models\\Article',41,NULL,NULL),(184,9,'Modules\\Article\\App\\Models\\Article',41,NULL,NULL),(185,10,'Modules\\Article\\App\\Models\\Article',41,NULL,NULL),(186,1,'Modules\\Article\\App\\Models\\Article',42,NULL,NULL),(187,2,'Modules\\Article\\App\\Models\\Article',42,NULL,NULL),(188,3,'Modules\\Article\\App\\Models\\Article',42,NULL,NULL),(189,5,'Modules\\Article\\App\\Models\\Article',42,NULL,NULL),(190,8,'Modules\\Article\\App\\Models\\Article',42,NULL,NULL),(191,9,'Modules\\Article\\App\\Models\\Article',42,NULL,NULL),(192,10,'Modules\\Article\\App\\Models\\Article',42,NULL,NULL),(193,2,'Modules\\Article\\App\\Models\\Article',43,NULL,NULL),(194,6,'Modules\\Article\\App\\Models\\Article',43,NULL,NULL),(195,7,'Modules\\Article\\App\\Models\\Article',43,NULL,NULL),(196,2,'Modules\\Article\\App\\Models\\Article',44,NULL,NULL),(197,3,'Modules\\Article\\App\\Models\\Article',44,NULL,NULL),(198,4,'Modules\\Article\\App\\Models\\Article',44,NULL,NULL),(199,6,'Modules\\Article\\App\\Models\\Article',44,NULL,NULL),(200,8,'Modules\\Article\\App\\Models\\Article',44,NULL,NULL),(201,9,'Modules\\Article\\App\\Models\\Article',44,NULL,NULL),(202,10,'Modules\\Article\\App\\Models\\Article',44,NULL,NULL),(203,1,'Modules\\Article\\App\\Models\\Article',45,NULL,NULL),(204,2,'Modules\\Article\\App\\Models\\Article',45,NULL,NULL),(205,3,'Modules\\Article\\App\\Models\\Article',45,NULL,NULL),(206,6,'Modules\\Article\\App\\Models\\Article',45,NULL,NULL),(207,7,'Modules\\Article\\App\\Models\\Article',45,NULL,NULL),(208,9,'Modules\\Article\\App\\Models\\Article',45,NULL,NULL),(209,10,'Modules\\Article\\App\\Models\\Article',45,NULL,NULL),(210,4,'Modules\\Article\\App\\Models\\Article',46,NULL,NULL),(211,5,'Modules\\Article\\App\\Models\\Article',46,NULL,NULL),(212,7,'Modules\\Article\\App\\Models\\Article',46,NULL,NULL),(213,8,'Modules\\Article\\App\\Models\\Article',46,NULL,NULL),(214,9,'Modules\\Article\\App\\Models\\Article',46,NULL,NULL),(215,2,'Modules\\Article\\App\\Models\\Article',47,NULL,NULL),(216,3,'Modules\\Article\\App\\Models\\Article',47,NULL,NULL),(217,5,'Modules\\Article\\App\\Models\\Article',47,NULL,NULL),(218,6,'Modules\\Article\\App\\Models\\Article',47,NULL,NULL),(219,7,'Modules\\Article\\App\\Models\\Article',47,NULL,NULL),(220,8,'Modules\\Article\\App\\Models\\Article',47,NULL,NULL),(221,2,'Modules\\Article\\App\\Models\\Article',48,NULL,NULL),(222,3,'Modules\\Article\\App\\Models\\Article',48,NULL,NULL),(223,4,'Modules\\Article\\App\\Models\\Article',48,NULL,NULL),(224,5,'Modules\\Article\\App\\Models\\Article',48,NULL,NULL),(225,6,'Modules\\Article\\App\\Models\\Article',48,NULL,NULL),(226,7,'Modules\\Article\\App\\Models\\Article',48,NULL,NULL),(227,8,'Modules\\Article\\App\\Models\\Article',48,NULL,NULL),(228,10,'Modules\\Article\\App\\Models\\Article',48,NULL,NULL),(229,9,'Modules\\Article\\App\\Models\\Article',49,NULL,NULL),(230,1,'Modules\\Article\\App\\Models\\Article',50,NULL,NULL),(231,3,'Modules\\Article\\App\\Models\\Article',50,NULL,NULL),(232,6,'Modules\\Article\\App\\Models\\Article',50,NULL,NULL),(233,8,'Modules\\Article\\App\\Models\\Article',50,NULL,NULL),(234,9,'Modules\\Article\\App\\Models\\Article',50,NULL,NULL),(235,4,'Modules\\Article\\App\\Models\\Article',51,NULL,NULL),(236,2,'Modules\\Article\\App\\Models\\Article',52,NULL,NULL),(237,2,'Modules\\Article\\App\\Models\\Article',53,NULL,NULL),(238,4,'Modules\\Article\\App\\Models\\Article',53,NULL,NULL),(239,6,'Modules\\Article\\App\\Models\\Article',53,NULL,NULL),(240,1,'Modules\\Article\\App\\Models\\Article',54,NULL,NULL),(241,7,'Modules\\Article\\App\\Models\\Article',54,NULL,NULL),(242,8,'Modules\\Article\\App\\Models\\Article',54,NULL,NULL),(243,9,'Modules\\Article\\App\\Models\\Article',54,NULL,NULL),(244,8,'Modules\\Article\\App\\Models\\Article',55,NULL,NULL),(245,1,'Modules\\Article\\App\\Models\\Article',56,NULL,NULL),(246,2,'Modules\\Article\\App\\Models\\Article',56,NULL,NULL),(247,3,'Modules\\Article\\App\\Models\\Article',56,NULL,NULL),(248,4,'Modules\\Article\\App\\Models\\Article',56,NULL,NULL),(249,5,'Modules\\Article\\App\\Models\\Article',56,NULL,NULL),(250,6,'Modules\\Article\\App\\Models\\Article',56,NULL,NULL),(251,7,'Modules\\Article\\App\\Models\\Article',56,NULL,NULL),(252,10,'Modules\\Article\\App\\Models\\Article',56,NULL,NULL),(253,1,'Modules\\Article\\App\\Models\\Article',57,NULL,NULL),(254,2,'Modules\\Article\\App\\Models\\Article',57,NULL,NULL),(255,4,'Modules\\Article\\App\\Models\\Article',57,NULL,NULL),(256,6,'Modules\\Article\\App\\Models\\Article',57,NULL,NULL),(257,7,'Modules\\Article\\App\\Models\\Article',57,NULL,NULL),(258,9,'Modules\\Article\\App\\Models\\Article',57,NULL,NULL),(259,10,'Modules\\Article\\App\\Models\\Article',57,NULL,NULL),(260,4,'Modules\\Article\\App\\Models\\Article',58,NULL,NULL),(261,6,'Modules\\Article\\App\\Models\\Article',58,NULL,NULL),(262,3,'Modules\\Article\\App\\Models\\Article',59,NULL,NULL),(263,10,'Modules\\Article\\App\\Models\\Article',59,NULL,NULL),(264,4,'Modules\\Article\\App\\Models\\Article',60,NULL,NULL),(265,1,'Modules\\Article\\App\\Models\\Article',61,NULL,NULL),(266,2,'Modules\\Article\\App\\Models\\Article',61,NULL,NULL),(267,3,'Modules\\Article\\App\\Models\\Article',61,NULL,NULL),(268,5,'Modules\\Article\\App\\Models\\Article',61,NULL,NULL),(269,6,'Modules\\Article\\App\\Models\\Article',61,NULL,NULL),(270,7,'Modules\\Article\\App\\Models\\Article',61,NULL,NULL),(271,9,'Modules\\Article\\App\\Models\\Article',61,NULL,NULL),(272,10,'Modules\\Article\\App\\Models\\Article',61,NULL,NULL),(273,4,'Modules\\Article\\App\\Models\\Article',62,NULL,NULL),(274,5,'Modules\\Article\\App\\Models\\Article',62,NULL,NULL),(275,7,'Modules\\Article\\App\\Models\\Article',62,NULL,NULL),(276,9,'Modules\\Article\\App\\Models\\Article',62,NULL,NULL),(277,10,'Modules\\Article\\App\\Models\\Article',62,NULL,NULL),(278,2,'Modules\\Article\\App\\Models\\Article',63,NULL,NULL),(279,1,'Modules\\Article\\App\\Models\\Article',64,NULL,NULL),(280,4,'Modules\\Article\\App\\Models\\Article',64,NULL,NULL),(281,8,'Modules\\Article\\App\\Models\\Article',64,NULL,NULL),(282,9,'Modules\\Article\\App\\Models\\Article',64,NULL,NULL),(283,10,'Modules\\Article\\App\\Models\\Article',64,NULL,NULL),(284,2,'Modules\\Article\\App\\Models\\Article',65,NULL,NULL),(285,7,'Modules\\Article\\App\\Models\\Article',65,NULL,NULL),(286,2,'Modules\\Article\\App\\Models\\Article',66,NULL,NULL),(287,3,'Modules\\Article\\App\\Models\\Article',66,NULL,NULL),(288,5,'Modules\\Article\\App\\Models\\Article',66,NULL,NULL),(289,6,'Modules\\Article\\App\\Models\\Article',66,NULL,NULL),(290,7,'Modules\\Article\\App\\Models\\Article',66,NULL,NULL),(291,8,'Modules\\Article\\App\\Models\\Article',66,NULL,NULL),(292,9,'Modules\\Article\\App\\Models\\Article',66,NULL,NULL),(293,10,'Modules\\Article\\App\\Models\\Article',66,NULL,NULL),(294,1,'Modules\\Article\\App\\Models\\Article',67,NULL,NULL),(295,2,'Modules\\Article\\App\\Models\\Article',67,NULL,NULL),(296,3,'Modules\\Article\\App\\Models\\Article',67,NULL,NULL),(297,6,'Modules\\Article\\App\\Models\\Article',67,NULL,NULL),(298,8,'Modules\\Article\\App\\Models\\Article',67,NULL,NULL),(299,9,'Modules\\Article\\App\\Models\\Article',67,NULL,NULL),(300,10,'Modules\\Article\\App\\Models\\Article',67,NULL,NULL),(301,1,'Modules\\Article\\App\\Models\\Article',68,NULL,NULL),(302,3,'Modules\\Article\\App\\Models\\Article',68,NULL,NULL),(303,5,'Modules\\Article\\App\\Models\\Article',68,NULL,NULL),(304,7,'Modules\\Article\\App\\Models\\Article',68,NULL,NULL),(305,8,'Modules\\Article\\App\\Models\\Article',68,NULL,NULL),(306,9,'Modules\\Article\\App\\Models\\Article',68,NULL,NULL),(307,10,'Modules\\Article\\App\\Models\\Article',68,NULL,NULL),(308,2,'Modules\\Article\\App\\Models\\Article',69,NULL,NULL),(309,3,'Modules\\Article\\App\\Models\\Article',69,NULL,NULL),(310,4,'Modules\\Article\\App\\Models\\Article',69,NULL,NULL),(311,5,'Modules\\Article\\App\\Models\\Article',69,NULL,NULL),(312,6,'Modules\\Article\\App\\Models\\Article',69,NULL,NULL),(313,7,'Modules\\Article\\App\\Models\\Article',69,NULL,NULL),(314,9,'Modules\\Article\\App\\Models\\Article',69,NULL,NULL),(315,10,'Modules\\Article\\App\\Models\\Article',69,NULL,NULL),(316,1,'Modules\\Article\\App\\Models\\Article',70,NULL,NULL),(317,2,'Modules\\Article\\App\\Models\\Article',70,NULL,NULL),(318,4,'Modules\\Article\\App\\Models\\Article',70,NULL,NULL),(319,5,'Modules\\Article\\App\\Models\\Article',70,NULL,NULL),(320,6,'Modules\\Article\\App\\Models\\Article',70,NULL,NULL),(321,2,'Modules\\Article\\App\\Models\\Article',71,NULL,NULL),(322,5,'Modules\\Article\\App\\Models\\Article',71,NULL,NULL),(323,2,'Modules\\Article\\App\\Models\\Article',72,NULL,NULL),(324,7,'Modules\\Article\\App\\Models\\Article',72,NULL,NULL),(325,1,'Modules\\Article\\App\\Models\\Article',73,NULL,NULL),(326,3,'Modules\\Article\\App\\Models\\Article',73,NULL,NULL),(327,4,'Modules\\Article\\App\\Models\\Article',73,NULL,NULL),(328,8,'Modules\\Article\\App\\Models\\Article',73,NULL,NULL),(329,9,'Modules\\Article\\App\\Models\\Article',73,NULL,NULL),(330,4,'Modules\\Article\\App\\Models\\Article',74,NULL,NULL),(331,5,'Modules\\Article\\App\\Models\\Article',74,NULL,NULL),(332,6,'Modules\\Article\\App\\Models\\Article',74,NULL,NULL),(333,1,'Modules\\Article\\App\\Models\\Article',75,NULL,NULL),(334,2,'Modules\\Article\\App\\Models\\Article',75,NULL,NULL),(335,3,'Modules\\Article\\App\\Models\\Article',75,NULL,NULL),(336,5,'Modules\\Article\\App\\Models\\Article',75,NULL,NULL),(337,7,'Modules\\Article\\App\\Models\\Article',75,NULL,NULL),(338,8,'Modules\\Article\\App\\Models\\Article',75,NULL,NULL),(339,9,'Modules\\Article\\App\\Models\\Article',75,NULL,NULL),(340,10,'Modules\\Article\\App\\Models\\Article',75,NULL,NULL),(341,4,'Modules\\Article\\App\\Models\\Article',76,NULL,NULL),(342,7,'Modules\\Article\\App\\Models\\Article',76,NULL,NULL),(343,2,'Modules\\Article\\App\\Models\\Article',77,NULL,NULL),(344,3,'Modules\\Article\\App\\Models\\Article',77,NULL,NULL),(345,8,'Modules\\Article\\App\\Models\\Article',77,NULL,NULL),(346,9,'Modules\\Article\\App\\Models\\Article',77,NULL,NULL),(347,1,'Modules\\Article\\App\\Models\\Article',78,NULL,NULL),(348,8,'Modules\\Article\\App\\Models\\Article',78,NULL,NULL),(349,9,'Modules\\Article\\App\\Models\\Article',79,NULL,NULL),(350,4,'Modules\\Article\\App\\Models\\Article',80,NULL,NULL),(351,8,'Modules\\Article\\App\\Models\\Article',80,NULL,NULL),(352,5,'Modules\\Article\\App\\Models\\Article',81,NULL,NULL),(353,3,'Modules\\Article\\App\\Models\\Article',82,NULL,NULL),(354,4,'Modules\\Article\\App\\Models\\Article',82,NULL,NULL),(355,5,'Modules\\Article\\App\\Models\\Article',82,NULL,NULL),(356,7,'Modules\\Article\\App\\Models\\Article',82,NULL,NULL),(357,8,'Modules\\Article\\App\\Models\\Article',82,NULL,NULL),(358,9,'Modules\\Article\\App\\Models\\Article',82,NULL,NULL),(359,10,'Modules\\Article\\App\\Models\\Article',82,NULL,NULL),(360,2,'Modules\\Article\\App\\Models\\Article',83,NULL,NULL),(361,3,'Modules\\Article\\App\\Models\\Article',83,NULL,NULL),(362,8,'Modules\\Article\\App\\Models\\Article',83,NULL,NULL),(363,9,'Modules\\Article\\App\\Models\\Article',83,NULL,NULL),(364,10,'Modules\\Article\\App\\Models\\Article',83,NULL,NULL),(365,1,'Modules\\Article\\App\\Models\\Article',84,NULL,NULL),(366,3,'Modules\\Article\\App\\Models\\Article',84,NULL,NULL),(367,5,'Modules\\Article\\App\\Models\\Article',84,NULL,NULL),(368,7,'Modules\\Article\\App\\Models\\Article',84,NULL,NULL),(369,9,'Modules\\Article\\App\\Models\\Article',84,NULL,NULL),(370,1,'Modules\\Article\\App\\Models\\Article',85,NULL,NULL),(371,3,'Modules\\Article\\App\\Models\\Article',85,NULL,NULL),(372,4,'Modules\\Article\\App\\Models\\Article',85,NULL,NULL),(373,5,'Modules\\Article\\App\\Models\\Article',85,NULL,NULL),(374,7,'Modules\\Article\\App\\Models\\Article',85,NULL,NULL),(375,10,'Modules\\Article\\App\\Models\\Article',85,NULL,NULL),(376,3,'Modules\\Article\\App\\Models\\Article',86,NULL,NULL),(377,5,'Modules\\Article\\App\\Models\\Article',86,NULL,NULL),(378,8,'Modules\\Article\\App\\Models\\Article',86,NULL,NULL),(379,3,'Modules\\Article\\App\\Models\\Article',87,NULL,NULL),(380,4,'Modules\\Article\\App\\Models\\Article',87,NULL,NULL),(381,5,'Modules\\Article\\App\\Models\\Article',87,NULL,NULL),(382,7,'Modules\\Article\\App\\Models\\Article',87,NULL,NULL),(383,8,'Modules\\Article\\App\\Models\\Article',87,NULL,NULL),(384,10,'Modules\\Article\\App\\Models\\Article',87,NULL,NULL),(385,2,'Modules\\Article\\App\\Models\\Article',88,NULL,NULL),(386,3,'Modules\\Article\\App\\Models\\Article',88,NULL,NULL),(387,6,'Modules\\Article\\App\\Models\\Article',88,NULL,NULL),(388,7,'Modules\\Article\\App\\Models\\Article',88,NULL,NULL),(389,8,'Modules\\Article\\App\\Models\\Article',88,NULL,NULL),(390,9,'Modules\\Article\\App\\Models\\Article',88,NULL,NULL),(391,10,'Modules\\Article\\App\\Models\\Article',88,NULL,NULL),(392,1,'Modules\\Article\\App\\Models\\Article',89,NULL,NULL),(393,2,'Modules\\Article\\App\\Models\\Article',89,NULL,NULL),(394,3,'Modules\\Article\\App\\Models\\Article',89,NULL,NULL),(395,4,'Modules\\Article\\App\\Models\\Article',89,NULL,NULL),(396,5,'Modules\\Article\\App\\Models\\Article',89,NULL,NULL),(397,6,'Modules\\Article\\App\\Models\\Article',89,NULL,NULL),(398,9,'Modules\\Article\\App\\Models\\Article',89,NULL,NULL),(399,10,'Modules\\Article\\App\\Models\\Article',89,NULL,NULL),(400,5,'Modules\\Article\\App\\Models\\Article',90,NULL,NULL),(401,6,'Modules\\Article\\App\\Models\\Article',90,NULL,NULL),(402,1,'Modules\\Article\\App\\Models\\Article',91,NULL,NULL),(403,2,'Modules\\Article\\App\\Models\\Article',91,NULL,NULL),(404,3,'Modules\\Article\\App\\Models\\Article',91,NULL,NULL),(405,5,'Modules\\Article\\App\\Models\\Article',91,NULL,NULL),(406,6,'Modules\\Article\\App\\Models\\Article',91,NULL,NULL),(407,7,'Modules\\Article\\App\\Models\\Article',91,NULL,NULL),(408,8,'Modules\\Article\\App\\Models\\Article',91,NULL,NULL),(409,7,'Modules\\Article\\App\\Models\\Article',92,NULL,NULL),(410,2,'Modules\\Article\\App\\Models\\Article',93,NULL,NULL),(411,1,'Modules\\Article\\App\\Models\\Article',94,NULL,NULL),(412,2,'Modules\\Article\\App\\Models\\Article',94,NULL,NULL),(413,4,'Modules\\Article\\App\\Models\\Article',94,NULL,NULL),(414,5,'Modules\\Article\\App\\Models\\Article',94,NULL,NULL),(415,6,'Modules\\Article\\App\\Models\\Article',94,NULL,NULL),(416,7,'Modules\\Article\\App\\Models\\Article',94,NULL,NULL),(417,8,'Modules\\Article\\App\\Models\\Article',94,NULL,NULL),(418,6,'Modules\\Article\\App\\Models\\Article',95,NULL,NULL),(419,8,'Modules\\Article\\App\\Models\\Article',95,NULL,NULL),(420,2,'Modules\\Article\\App\\Models\\Article',96,NULL,NULL),(421,3,'Modules\\Article\\App\\Models\\Article',96,NULL,NULL),(422,4,'Modules\\Article\\App\\Models\\Article',96,NULL,NULL),(423,5,'Modules\\Article\\App\\Models\\Article',96,NULL,NULL),(424,7,'Modules\\Article\\App\\Models\\Article',96,NULL,NULL),(425,8,'Modules\\Article\\App\\Models\\Article',96,NULL,NULL),(426,9,'Modules\\Article\\App\\Models\\Article',96,NULL,NULL),(427,10,'Modules\\Article\\App\\Models\\Article',96,NULL,NULL),(428,1,'Modules\\Article\\App\\Models\\Article',97,NULL,NULL),(429,7,'Modules\\Article\\App\\Models\\Article',97,NULL,NULL),(430,9,'Modules\\Article\\App\\Models\\Article',97,NULL,NULL),(431,10,'Modules\\Article\\App\\Models\\Article',97,NULL,NULL),(432,1,'Modules\\Article\\App\\Models\\Article',98,NULL,NULL),(433,4,'Modules\\Article\\App\\Models\\Article',98,NULL,NULL),(434,5,'Modules\\Article\\App\\Models\\Article',98,NULL,NULL),(435,6,'Modules\\Article\\App\\Models\\Article',98,NULL,NULL),(436,7,'Modules\\Article\\App\\Models\\Article',98,NULL,NULL),(437,8,'Modules\\Article\\App\\Models\\Article',98,NULL,NULL),(438,1,'Modules\\Article\\App\\Models\\Article',99,NULL,NULL),(439,3,'Modules\\Article\\App\\Models\\Article',99,NULL,NULL),(440,5,'Modules\\Article\\App\\Models\\Article',99,NULL,NULL),(441,6,'Modules\\Article\\App\\Models\\Article',99,NULL,NULL),(442,7,'Modules\\Article\\App\\Models\\Article',99,NULL,NULL),(443,8,'Modules\\Article\\App\\Models\\Article',99,NULL,NULL),(444,10,'Modules\\Article\\App\\Models\\Article',99,NULL,NULL),(445,3,'Modules\\Article\\App\\Models\\Article',100,NULL,NULL),(446,4,'Modules\\Article\\App\\Models\\Article',100,NULL,NULL),(447,5,'Modules\\Article\\App\\Models\\Article',100,NULL,NULL),(448,6,'Modules\\Article\\App\\Models\\Article',100,NULL,NULL),(449,3,'Modules\\Article\\App\\Models\\Article',101,NULL,NULL),(450,2,'Modules\\Article\\App\\Models\\Article',102,NULL,NULL),(451,3,'Modules\\Article\\App\\Models\\Article',102,NULL,NULL),(452,5,'Modules\\Article\\App\\Models\\Article',102,NULL,NULL),(453,6,'Modules\\Article\\App\\Models\\Article',102,NULL,NULL),(454,7,'Modules\\Article\\App\\Models\\Article',102,NULL,NULL),(455,8,'Modules\\Article\\App\\Models\\Article',102,NULL,NULL),(456,1,'Modules\\Article\\App\\Models\\Article',103,NULL,NULL),(457,2,'Modules\\Article\\App\\Models\\Article',103,NULL,NULL),(458,6,'Modules\\Article\\App\\Models\\Article',103,NULL,NULL),(459,7,'Modules\\Article\\App\\Models\\Article',103,NULL,NULL),(460,8,'Modules\\Article\\App\\Models\\Article',103,NULL,NULL),(461,9,'Modules\\Article\\App\\Models\\Article',103,NULL,NULL),(462,10,'Modules\\Article\\App\\Models\\Article',103,NULL,NULL),(463,3,'Modules\\Article\\App\\Models\\Article',104,NULL,NULL),(464,4,'Modules\\Article\\App\\Models\\Article',104,NULL,NULL),(465,8,'Modules\\Article\\App\\Models\\Article',104,NULL,NULL),(466,1,'Modules\\Article\\App\\Models\\Article',105,NULL,NULL),(467,3,'Modules\\Article\\App\\Models\\Article',105,NULL,NULL),(468,4,'Modules\\Article\\App\\Models\\Article',105,NULL,NULL),(469,6,'Modules\\Article\\App\\Models\\Article',105,NULL,NULL),(470,7,'Modules\\Article\\App\\Models\\Article',105,NULL,NULL),(471,10,'Modules\\Article\\App\\Models\\Article',105,NULL,NULL),(472,2,'Modules\\Article\\App\\Models\\Article',106,NULL,NULL),(473,3,'Modules\\Article\\App\\Models\\Article',106,NULL,NULL),(474,5,'Modules\\Article\\App\\Models\\Article',106,NULL,NULL),(475,6,'Modules\\Article\\App\\Models\\Article',106,NULL,NULL),(476,1,'Modules\\Article\\App\\Models\\Article',107,NULL,NULL),(477,2,'Modules\\Article\\App\\Models\\Article',107,NULL,NULL),(478,5,'Modules\\Article\\App\\Models\\Article',107,NULL,NULL),(479,6,'Modules\\Article\\App\\Models\\Article',107,NULL,NULL),(480,7,'Modules\\Article\\App\\Models\\Article',107,NULL,NULL),(481,8,'Modules\\Article\\App\\Models\\Article',107,NULL,NULL),(482,10,'Modules\\Article\\App\\Models\\Article',107,NULL,NULL),(483,2,'Modules\\Article\\App\\Models\\Article',108,NULL,NULL),(484,1,'Modules\\Article\\App\\Models\\Article',109,NULL,NULL),(485,2,'Modules\\Article\\App\\Models\\Article',109,NULL,NULL),(486,3,'Modules\\Article\\App\\Models\\Article',109,NULL,NULL),(487,5,'Modules\\Article\\App\\Models\\Article',109,NULL,NULL),(488,9,'Modules\\Article\\App\\Models\\Article',109,NULL,NULL),(489,10,'Modules\\Article\\App\\Models\\Article',109,NULL,NULL),(490,2,'Modules\\Article\\App\\Models\\Article',110,NULL,NULL),(491,3,'Modules\\Article\\App\\Models\\Article',110,NULL,NULL),(492,4,'Modules\\Article\\App\\Models\\Article',110,NULL,NULL),(493,5,'Modules\\Article\\App\\Models\\Article',110,NULL,NULL),(494,6,'Modules\\Article\\App\\Models\\Article',110,NULL,NULL),(495,7,'Modules\\Article\\App\\Models\\Article',110,NULL,NULL),(496,8,'Modules\\Article\\App\\Models\\Article',110,NULL,NULL),(497,9,'Modules\\Article\\App\\Models\\Article',110,NULL,NULL),(498,1,'Modules\\Article\\App\\Models\\Article',111,NULL,NULL),(499,2,'Modules\\Article\\App\\Models\\Article',112,NULL,NULL),(500,6,'Modules\\Article\\App\\Models\\Article',112,NULL,NULL),(501,7,'Modules\\Article\\App\\Models\\Article',112,NULL,NULL),(502,9,'Modules\\Article\\App\\Models\\Article',112,NULL,NULL),(503,10,'Modules\\Article\\App\\Models\\Article',112,NULL,NULL),(504,4,'Modules\\Article\\App\\Models\\Article',113,NULL,NULL),(505,7,'Modules\\Article\\App\\Models\\Article',113,NULL,NULL),(506,8,'Modules\\Article\\App\\Models\\Article',113,NULL,NULL),(507,9,'Modules\\Article\\App\\Models\\Article',113,NULL,NULL),(508,1,'Modules\\Article\\App\\Models\\Article',114,NULL,NULL),(509,3,'Modules\\Article\\App\\Models\\Article',114,NULL,NULL),(510,4,'Modules\\Article\\App\\Models\\Article',114,NULL,NULL),(511,5,'Modules\\Article\\App\\Models\\Article',114,NULL,NULL),(512,7,'Modules\\Article\\App\\Models\\Article',114,NULL,NULL),(513,9,'Modules\\Article\\App\\Models\\Article',114,NULL,NULL),(514,1,'Modules\\Article\\App\\Models\\Article',115,NULL,NULL),(515,3,'Modules\\Article\\App\\Models\\Article',115,NULL,NULL),(516,6,'Modules\\Article\\App\\Models\\Article',115,NULL,NULL),(517,9,'Modules\\Article\\App\\Models\\Article',115,NULL,NULL),(518,10,'Modules\\Article\\App\\Models\\Article',115,NULL,NULL),(519,1,'Modules\\Article\\App\\Models\\Article',116,NULL,NULL),(520,3,'Modules\\Article\\App\\Models\\Article',116,NULL,NULL),(521,4,'Modules\\Article\\App\\Models\\Article',116,NULL,NULL),(522,5,'Modules\\Article\\App\\Models\\Article',116,NULL,NULL),(523,8,'Modules\\Article\\App\\Models\\Article',116,NULL,NULL),(524,10,'Modules\\Article\\App\\Models\\Article',116,NULL,NULL),(525,6,'Modules\\Article\\App\\Models\\Article',117,NULL,NULL),(526,7,'Modules\\Article\\App\\Models\\Article',117,NULL,NULL),(527,1,'Modules\\Article\\App\\Models\\Article',118,NULL,NULL),(528,5,'Modules\\Article\\App\\Models\\Article',118,NULL,NULL),(529,8,'Modules\\Article\\App\\Models\\Article',118,NULL,NULL),(530,10,'Modules\\Article\\App\\Models\\Article',118,NULL,NULL),(531,1,'Modules\\Article\\App\\Models\\Article',119,NULL,NULL),(532,4,'Modules\\Article\\App\\Models\\Article',119,NULL,NULL),(533,5,'Modules\\Article\\App\\Models\\Article',119,NULL,NULL),(534,7,'Modules\\Article\\App\\Models\\Article',119,NULL,NULL),(535,3,'Modules\\Article\\App\\Models\\Article',120,NULL,NULL),(536,2,'Modules\\Article\\App\\Models\\Article',121,NULL,NULL),(537,4,'Modules\\Article\\App\\Models\\Article',121,NULL,NULL),(538,7,'Modules\\Article\\App\\Models\\Article',121,NULL,NULL),(539,2,'Modules\\Article\\App\\Models\\Article',122,NULL,NULL),(540,3,'Modules\\Article\\App\\Models\\Article',122,NULL,NULL),(541,4,'Modules\\Article\\App\\Models\\Article',122,NULL,NULL),(542,5,'Modules\\Article\\App\\Models\\Article',122,NULL,NULL),(543,7,'Modules\\Article\\App\\Models\\Article',122,NULL,NULL),(544,8,'Modules\\Article\\App\\Models\\Article',122,NULL,NULL),(545,9,'Modules\\Article\\App\\Models\\Article',122,NULL,NULL),(546,10,'Modules\\Article\\App\\Models\\Article',122,NULL,NULL),(547,1,'Modules\\Article\\App\\Models\\Article',123,NULL,NULL),(548,4,'Modules\\Article\\App\\Models\\Article',123,NULL,NULL),(549,5,'Modules\\Article\\App\\Models\\Article',123,NULL,NULL),(550,7,'Modules\\Article\\App\\Models\\Article',123,NULL,NULL),(551,8,'Modules\\Article\\App\\Models\\Article',123,NULL,NULL),(552,9,'Modules\\Article\\App\\Models\\Article',123,NULL,NULL),(553,10,'Modules\\Article\\App\\Models\\Article',123,NULL,NULL),(554,9,'Modules\\Article\\App\\Models\\Article',124,NULL,NULL),(555,5,'Modules\\Article\\App\\Models\\Article',125,NULL,NULL),(556,1,'Modules\\Article\\App\\Models\\Article',126,NULL,NULL),(557,2,'Modules\\Article\\App\\Models\\Article',126,NULL,NULL),(558,3,'Modules\\Article\\App\\Models\\Article',126,NULL,NULL),(559,4,'Modules\\Article\\App\\Models\\Article',126,NULL,NULL),(560,6,'Modules\\Article\\App\\Models\\Article',126,NULL,NULL),(561,8,'Modules\\Article\\App\\Models\\Article',126,NULL,NULL),(562,9,'Modules\\Article\\App\\Models\\Article',126,NULL,NULL),(563,10,'Modules\\Article\\App\\Models\\Article',126,NULL,NULL),(564,1,'Modules\\Article\\App\\Models\\Article',127,NULL,NULL),(565,3,'Modules\\Article\\App\\Models\\Article',127,NULL,NULL),(566,4,'Modules\\Article\\App\\Models\\Article',127,NULL,NULL),(567,7,'Modules\\Article\\App\\Models\\Article',127,NULL,NULL),(568,2,'Modules\\Article\\App\\Models\\Article',128,NULL,NULL),(569,5,'Modules\\Article\\App\\Models\\Article',128,NULL,NULL),(570,7,'Modules\\Article\\App\\Models\\Article',128,NULL,NULL),(571,9,'Modules\\Article\\App\\Models\\Article',128,NULL,NULL),(572,1,'Modules\\Article\\App\\Models\\Article',129,NULL,NULL),(573,8,'Modules\\Article\\App\\Models\\Article',129,NULL,NULL),(574,10,'Modules\\Article\\App\\Models\\Article',129,NULL,NULL),(575,2,'Modules\\Article\\App\\Models\\Article',130,NULL,NULL),(576,5,'Modules\\Article\\App\\Models\\Article',130,NULL,NULL),(577,6,'Modules\\Article\\App\\Models\\Article',130,NULL,NULL),(578,9,'Modules\\Article\\App\\Models\\Article',130,NULL,NULL),(579,1,'Modules\\Article\\App\\Models\\Article',131,NULL,NULL),(580,5,'Modules\\Article\\App\\Models\\Article',131,NULL,NULL),(581,6,'Modules\\Article\\App\\Models\\Article',131,NULL,NULL),(582,7,'Modules\\Article\\App\\Models\\Article',131,NULL,NULL),(583,2,'Modules\\Article\\App\\Models\\Article',132,NULL,NULL),(584,3,'Modules\\Article\\App\\Models\\Article',132,NULL,NULL),(585,4,'Modules\\Article\\App\\Models\\Article',132,NULL,NULL),(586,5,'Modules\\Article\\App\\Models\\Article',132,NULL,NULL),(587,6,'Modules\\Article\\App\\Models\\Article',132,NULL,NULL),(588,7,'Modules\\Article\\App\\Models\\Article',132,NULL,NULL),(589,8,'Modules\\Article\\App\\Models\\Article',132,NULL,NULL),(590,9,'Modules\\Article\\App\\Models\\Article',132,NULL,NULL),(591,1,'Modules\\Article\\App\\Models\\Article',133,NULL,NULL),(592,2,'Modules\\Article\\App\\Models\\Article',133,NULL,NULL),(593,3,'Modules\\Article\\App\\Models\\Article',133,NULL,NULL),(594,4,'Modules\\Article\\App\\Models\\Article',133,NULL,NULL),(595,7,'Modules\\Article\\App\\Models\\Article',133,NULL,NULL),(596,8,'Modules\\Article\\App\\Models\\Article',133,NULL,NULL),(597,9,'Modules\\Article\\App\\Models\\Article',133,NULL,NULL),(598,10,'Modules\\Article\\App\\Models\\Article',133,NULL,NULL),(599,8,'Modules\\Article\\App\\Models\\Article',134,NULL,NULL),(600,1,'Modules\\Article\\App\\Models\\Article',135,NULL,NULL),(601,3,'Modules\\Article\\App\\Models\\Article',135,NULL,NULL),(602,4,'Modules\\Article\\App\\Models\\Article',135,NULL,NULL),(603,5,'Modules\\Article\\App\\Models\\Article',135,NULL,NULL),(604,6,'Modules\\Article\\App\\Models\\Article',135,NULL,NULL),(605,8,'Modules\\Article\\App\\Models\\Article',135,NULL,NULL),(606,9,'Modules\\Article\\App\\Models\\Article',135,NULL,NULL),(607,10,'Modules\\Article\\App\\Models\\Article',135,NULL,NULL),(608,1,'Modules\\Article\\App\\Models\\Article',136,NULL,NULL),(609,2,'Modules\\Article\\App\\Models\\Article',136,NULL,NULL),(610,5,'Modules\\Article\\App\\Models\\Article',136,NULL,NULL),(611,6,'Modules\\Article\\App\\Models\\Article',136,NULL,NULL),(612,7,'Modules\\Article\\App\\Models\\Article',136,NULL,NULL),(613,8,'Modules\\Article\\App\\Models\\Article',136,NULL,NULL),(614,9,'Modules\\Article\\App\\Models\\Article',136,NULL,NULL),(615,10,'Modules\\Article\\App\\Models\\Article',136,NULL,NULL),(616,8,'Modules\\Article\\App\\Models\\Article',137,NULL,NULL),(617,2,'Modules\\Article\\App\\Models\\Article',138,NULL,NULL),(618,4,'Modules\\Article\\App\\Models\\Article',138,NULL,NULL),(619,5,'Modules\\Article\\App\\Models\\Article',138,NULL,NULL),(620,10,'Modules\\Article\\App\\Models\\Article',138,NULL,NULL),(621,1,'Modules\\Article\\App\\Models\\Article',139,NULL,NULL),(622,2,'Modules\\Article\\App\\Models\\Article',139,NULL,NULL),(623,3,'Modules\\Article\\App\\Models\\Article',139,NULL,NULL),(624,6,'Modules\\Article\\App\\Models\\Article',139,NULL,NULL),(625,8,'Modules\\Article\\App\\Models\\Article',139,NULL,NULL),(626,9,'Modules\\Article\\App\\Models\\Article',139,NULL,NULL),(627,10,'Modules\\Article\\App\\Models\\Article',139,NULL,NULL),(628,1,'Modules\\Article\\App\\Models\\Article',140,NULL,NULL),(629,3,'Modules\\Article\\App\\Models\\Article',140,NULL,NULL),(630,10,'Modules\\Article\\App\\Models\\Article',140,NULL,NULL),(631,4,'Modules\\Article\\App\\Models\\Article',141,NULL,NULL),(632,10,'Modules\\Article\\App\\Models\\Article',141,NULL,NULL),(633,1,'Modules\\Article\\App\\Models\\Article',142,NULL,NULL),(634,2,'Modules\\Article\\App\\Models\\Article',142,NULL,NULL),(635,7,'Modules\\Article\\App\\Models\\Article',142,NULL,NULL),(636,9,'Modules\\Article\\App\\Models\\Article',142,NULL,NULL),(637,4,'Modules\\Article\\App\\Models\\Article',143,NULL,NULL),(638,6,'Modules\\Article\\App\\Models\\Article',143,NULL,NULL),(639,7,'Modules\\Article\\App\\Models\\Article',143,NULL,NULL),(640,10,'Modules\\Article\\App\\Models\\Article',143,NULL,NULL),(641,1,'Modules\\Article\\App\\Models\\Article',144,NULL,NULL),(642,2,'Modules\\Article\\App\\Models\\Article',144,NULL,NULL),(643,3,'Modules\\Article\\App\\Models\\Article',144,NULL,NULL),(644,4,'Modules\\Article\\App\\Models\\Article',144,NULL,NULL),(645,6,'Modules\\Article\\App\\Models\\Article',144,NULL,NULL),(646,7,'Modules\\Article\\App\\Models\\Article',144,NULL,NULL),(647,8,'Modules\\Article\\App\\Models\\Article',144,NULL,NULL),(648,9,'Modules\\Article\\App\\Models\\Article',144,NULL,NULL),(649,3,'Modules\\Article\\App\\Models\\Article',145,NULL,NULL),(650,4,'Modules\\Article\\App\\Models\\Article',145,NULL,NULL),(651,5,'Modules\\Article\\App\\Models\\Article',145,NULL,NULL),(652,7,'Modules\\Article\\App\\Models\\Article',145,NULL,NULL),(653,8,'Modules\\Article\\App\\Models\\Article',145,NULL,NULL),(654,1,'Modules\\Article\\App\\Models\\Article',146,NULL,NULL),(655,4,'Modules\\Article\\App\\Models\\Article',146,NULL,NULL),(656,1,'Modules\\Article\\App\\Models\\Article',147,NULL,NULL),(657,3,'Modules\\Article\\App\\Models\\Article',147,NULL,NULL),(658,4,'Modules\\Article\\App\\Models\\Article',147,NULL,NULL),(659,6,'Modules\\Article\\App\\Models\\Article',147,NULL,NULL),(660,7,'Modules\\Article\\App\\Models\\Article',147,NULL,NULL),(661,9,'Modules\\Article\\App\\Models\\Article',147,NULL,NULL),(662,10,'Modules\\Article\\App\\Models\\Article',147,NULL,NULL),(663,1,'Modules\\Article\\App\\Models\\Article',148,NULL,NULL),(664,4,'Modules\\Article\\App\\Models\\Article',148,NULL,NULL),(665,7,'Modules\\Article\\App\\Models\\Article',148,NULL,NULL),(666,8,'Modules\\Article\\App\\Models\\Article',148,NULL,NULL),(667,2,'Modules\\Article\\App\\Models\\Article',149,NULL,NULL),(668,3,'Modules\\Article\\App\\Models\\Article',149,NULL,NULL),(669,4,'Modules\\Article\\App\\Models\\Article',149,NULL,NULL),(670,6,'Modules\\Article\\App\\Models\\Article',149,NULL,NULL),(671,9,'Modules\\Article\\App\\Models\\Article',149,NULL,NULL),(672,1,'Modules\\Article\\App\\Models\\Article',150,NULL,NULL),(673,2,'Modules\\Article\\App\\Models\\Article',150,NULL,NULL),(674,4,'Modules\\Article\\App\\Models\\Article',150,NULL,NULL),(675,5,'Modules\\Article\\App\\Models\\Article',150,NULL,NULL),(676,7,'Modules\\Article\\App\\Models\\Article',150,NULL,NULL),(677,4,'Modules\\Article\\App\\Models\\Article',151,NULL,NULL),(678,9,'Modules\\Article\\App\\Models\\Article',151,NULL,NULL),(679,2,'Modules\\Article\\App\\Models\\Article',152,NULL,NULL),(680,6,'Modules\\Article\\App\\Models\\Article',152,NULL,NULL),(681,7,'Modules\\Article\\App\\Models\\Article',152,NULL,NULL),(682,3,'Modules\\Article\\App\\Models\\Article',153,NULL,NULL),(683,4,'Modules\\Article\\App\\Models\\Article',153,NULL,NULL),(684,5,'Modules\\Article\\App\\Models\\Article',153,NULL,NULL),(685,6,'Modules\\Article\\App\\Models\\Article',153,NULL,NULL),(686,7,'Modules\\Article\\App\\Models\\Article',153,NULL,NULL),(687,8,'Modules\\Article\\App\\Models\\Article',153,NULL,NULL),(688,1,'Modules\\Article\\App\\Models\\Article',154,NULL,NULL),(689,2,'Modules\\Article\\App\\Models\\Article',154,NULL,NULL),(690,3,'Modules\\Article\\App\\Models\\Article',154,NULL,NULL),(691,4,'Modules\\Article\\App\\Models\\Article',154,NULL,NULL),(692,5,'Modules\\Article\\App\\Models\\Article',154,NULL,NULL),(693,6,'Modules\\Article\\App\\Models\\Article',154,NULL,NULL),(694,8,'Modules\\Article\\App\\Models\\Article',154,NULL,NULL),(695,9,'Modules\\Article\\App\\Models\\Article',154,NULL,NULL),(696,3,'Modules\\Article\\App\\Models\\Article',155,NULL,NULL),(697,4,'Modules\\Article\\App\\Models\\Article',155,NULL,NULL),(698,6,'Modules\\Article\\App\\Models\\Article',155,NULL,NULL),(699,7,'Modules\\Article\\App\\Models\\Article',155,NULL,NULL),(700,8,'Modules\\Article\\App\\Models\\Article',155,NULL,NULL),(701,9,'Modules\\Article\\App\\Models\\Article',155,NULL,NULL),(702,10,'Modules\\Article\\App\\Models\\Article',155,NULL,NULL),(703,4,'Modules\\Article\\App\\Models\\Article',156,NULL,NULL),(704,1,'Modules\\Article\\App\\Models\\Article',157,NULL,NULL),(705,5,'Modules\\Article\\App\\Models\\Article',157,NULL,NULL),(706,6,'Modules\\Article\\App\\Models\\Article',157,NULL,NULL),(707,9,'Modules\\Article\\App\\Models\\Article',157,NULL,NULL),(708,10,'Modules\\Article\\App\\Models\\Article',157,NULL,NULL),(709,2,'Modules\\Article\\App\\Models\\Article',158,NULL,NULL),(710,3,'Modules\\Article\\App\\Models\\Article',158,NULL,NULL),(711,4,'Modules\\Article\\App\\Models\\Article',158,NULL,NULL),(712,5,'Modules\\Article\\App\\Models\\Article',158,NULL,NULL),(713,6,'Modules\\Article\\App\\Models\\Article',158,NULL,NULL),(714,7,'Modules\\Article\\App\\Models\\Article',158,NULL,NULL),(715,9,'Modules\\Article\\App\\Models\\Article',158,NULL,NULL),(716,10,'Modules\\Article\\App\\Models\\Article',158,NULL,NULL),(717,5,'Modules\\Article\\App\\Models\\Article',159,NULL,NULL),(718,6,'Modules\\Article\\App\\Models\\Article',159,NULL,NULL),(719,1,'Modules\\Article\\App\\Models\\Article',160,NULL,NULL),(720,6,'Modules\\Article\\App\\Models\\Article',160,NULL,NULL),(721,4,'Modules\\Article\\App\\Models\\Article',161,NULL,NULL),(722,5,'Modules\\Article\\App\\Models\\Article',161,NULL,NULL),(723,6,'Modules\\Article\\App\\Models\\Article',161,NULL,NULL),(724,8,'Modules\\Article\\App\\Models\\Article',161,NULL,NULL),(725,10,'Modules\\Article\\App\\Models\\Article',161,NULL,NULL),(726,1,'Modules\\Article\\App\\Models\\Article',162,NULL,NULL),(727,3,'Modules\\Article\\App\\Models\\Article',162,NULL,NULL),(728,4,'Modules\\Article\\App\\Models\\Article',162,NULL,NULL),(729,6,'Modules\\Article\\App\\Models\\Article',162,NULL,NULL),(730,7,'Modules\\Article\\App\\Models\\Article',162,NULL,NULL),(731,8,'Modules\\Article\\App\\Models\\Article',162,NULL,NULL),(732,9,'Modules\\Article\\App\\Models\\Article',162,NULL,NULL),(733,10,'Modules\\Article\\App\\Models\\Article',162,NULL,NULL),(734,1,'Modules\\Article\\App\\Models\\Article',163,NULL,NULL),(735,2,'Modules\\Article\\App\\Models\\Article',163,NULL,NULL),(736,3,'Modules\\Article\\App\\Models\\Article',163,NULL,NULL),(737,4,'Modules\\Article\\App\\Models\\Article',163,NULL,NULL),(738,5,'Modules\\Article\\App\\Models\\Article',163,NULL,NULL),(739,8,'Modules\\Article\\App\\Models\\Article',163,NULL,NULL),(740,10,'Modules\\Article\\App\\Models\\Article',163,NULL,NULL),(741,2,'Modules\\Article\\App\\Models\\Article',164,NULL,NULL),(742,3,'Modules\\Article\\App\\Models\\Article',164,NULL,NULL),(743,5,'Modules\\Article\\App\\Models\\Article',164,NULL,NULL),(744,7,'Modules\\Article\\App\\Models\\Article',164,NULL,NULL),(745,8,'Modules\\Article\\App\\Models\\Article',164,NULL,NULL),(746,9,'Modules\\Article\\App\\Models\\Article',164,NULL,NULL),(747,10,'Modules\\Article\\App\\Models\\Article',164,NULL,NULL),(748,1,'Modules\\Article\\App\\Models\\Article',165,NULL,NULL),(749,2,'Modules\\Article\\App\\Models\\Article',165,NULL,NULL),(750,3,'Modules\\Article\\App\\Models\\Article',165,NULL,NULL),(751,6,'Modules\\Article\\App\\Models\\Article',165,NULL,NULL),(752,7,'Modules\\Article\\App\\Models\\Article',165,NULL,NULL),(753,8,'Modules\\Article\\App\\Models\\Article',165,NULL,NULL),(754,1,'Modules\\Article\\App\\Models\\Article',166,NULL,NULL),(755,2,'Modules\\Article\\App\\Models\\Article',166,NULL,NULL),(756,3,'Modules\\Article\\App\\Models\\Article',166,NULL,NULL),(757,5,'Modules\\Article\\App\\Models\\Article',166,NULL,NULL),(758,8,'Modules\\Article\\App\\Models\\Article',166,NULL,NULL),(759,9,'Modules\\Article\\App\\Models\\Article',166,NULL,NULL),(760,8,'Modules\\Article\\App\\Models\\Article',167,NULL,NULL),(761,9,'Modules\\Article\\App\\Models\\Article',167,NULL,NULL),(762,6,'Modules\\Article\\App\\Models\\Article',168,NULL,NULL),(763,9,'Modules\\Article\\App\\Models\\Article',168,NULL,NULL),(764,2,'Modules\\Article\\App\\Models\\Article',169,NULL,NULL),(765,4,'Modules\\Article\\App\\Models\\Article',169,NULL,NULL),(766,5,'Modules\\Article\\App\\Models\\Article',169,NULL,NULL),(767,8,'Modules\\Article\\App\\Models\\Article',169,NULL,NULL),(768,10,'Modules\\Article\\App\\Models\\Article',169,NULL,NULL),(769,1,'Modules\\Article\\App\\Models\\Article',170,NULL,NULL),(770,3,'Modules\\Article\\App\\Models\\Article',170,NULL,NULL),(771,4,'Modules\\Article\\App\\Models\\Article',170,NULL,NULL),(772,5,'Modules\\Article\\App\\Models\\Article',170,NULL,NULL),(773,6,'Modules\\Article\\App\\Models\\Article',170,NULL,NULL),(774,9,'Modules\\Article\\App\\Models\\Article',170,NULL,NULL),(775,10,'Modules\\Article\\App\\Models\\Article',170,NULL,NULL),(776,2,'Modules\\Article\\App\\Models\\Article',171,NULL,NULL),(777,7,'Modules\\Article\\App\\Models\\Article',171,NULL,NULL),(778,8,'Modules\\Article\\App\\Models\\Article',171,NULL,NULL),(779,1,'Modules\\Article\\App\\Models\\Article',172,NULL,NULL),(780,6,'Modules\\Article\\App\\Models\\Article',172,NULL,NULL),(781,7,'Modules\\Article\\App\\Models\\Article',172,NULL,NULL),(782,1,'Modules\\Article\\App\\Models\\Article',173,NULL,NULL),(783,3,'Modules\\Article\\App\\Models\\Article',173,NULL,NULL),(784,6,'Modules\\Article\\App\\Models\\Article',173,NULL,NULL),(785,8,'Modules\\Article\\App\\Models\\Article',173,NULL,NULL),(786,9,'Modules\\Article\\App\\Models\\Article',173,NULL,NULL),(787,10,'Modules\\Article\\App\\Models\\Article',173,NULL,NULL),(788,4,'Modules\\Article\\App\\Models\\Article',174,NULL,NULL),(789,5,'Modules\\Article\\App\\Models\\Article',174,NULL,NULL),(790,6,'Modules\\Article\\App\\Models\\Article',174,NULL,NULL),(791,7,'Modules\\Article\\App\\Models\\Article',174,NULL,NULL),(792,10,'Modules\\Article\\App\\Models\\Article',174,NULL,NULL),(793,1,'Modules\\Article\\App\\Models\\Article',175,NULL,NULL),(794,3,'Modules\\Article\\App\\Models\\Article',175,NULL,NULL),(795,5,'Modules\\Article\\App\\Models\\Article',175,NULL,NULL),(796,7,'Modules\\Article\\App\\Models\\Article',175,NULL,NULL),(797,8,'Modules\\Article\\App\\Models\\Article',175,NULL,NULL),(798,9,'Modules\\Article\\App\\Models\\Article',175,NULL,NULL),(799,10,'Modules\\Article\\App\\Models\\Article',175,NULL,NULL),(800,3,'Modules\\Article\\App\\Models\\Article',176,NULL,NULL),(801,4,'Modules\\Article\\App\\Models\\Article',176,NULL,NULL),(802,1,'Modules\\Article\\App\\Models\\Article',177,NULL,NULL),(803,2,'Modules\\Article\\App\\Models\\Article',177,NULL,NULL),(804,3,'Modules\\Article\\App\\Models\\Article',177,NULL,NULL),(805,5,'Modules\\Article\\App\\Models\\Article',177,NULL,NULL),(806,7,'Modules\\Article\\App\\Models\\Article',177,NULL,NULL),(807,8,'Modules\\Article\\App\\Models\\Article',177,NULL,NULL),(808,9,'Modules\\Article\\App\\Models\\Article',177,NULL,NULL),(809,10,'Modules\\Article\\App\\Models\\Article',177,NULL,NULL),(810,1,'Modules\\Article\\App\\Models\\Article',178,NULL,NULL),(811,10,'Modules\\Article\\App\\Models\\Article',178,NULL,NULL),(812,1,'Modules\\Article\\App\\Models\\Article',179,NULL,NULL),(813,2,'Modules\\Article\\App\\Models\\Article',179,NULL,NULL),(814,8,'Modules\\Article\\App\\Models\\Article',179,NULL,NULL),(815,9,'Modules\\Article\\App\\Models\\Article',179,NULL,NULL),(816,2,'Modules\\Article\\App\\Models\\Article',180,NULL,NULL),(817,4,'Modules\\Article\\App\\Models\\Article',180,NULL,NULL),(818,7,'Modules\\Article\\App\\Models\\Article',180,NULL,NULL),(819,9,'Modules\\Article\\App\\Models\\Article',180,NULL,NULL),(820,10,'Modules\\Article\\App\\Models\\Article',180,NULL,NULL),(821,1,'Modules\\Article\\App\\Models\\Article',181,NULL,NULL),(822,10,'Modules\\Article\\App\\Models\\Article',181,NULL,NULL),(823,1,'Modules\\Article\\App\\Models\\Article',182,NULL,NULL),(824,2,'Modules\\Article\\App\\Models\\Article',182,NULL,NULL),(825,3,'Modules\\Article\\App\\Models\\Article',182,NULL,NULL),(826,4,'Modules\\Article\\App\\Models\\Article',182,NULL,NULL),(827,5,'Modules\\Article\\App\\Models\\Article',182,NULL,NULL),(828,7,'Modules\\Article\\App\\Models\\Article',182,NULL,NULL),(829,9,'Modules\\Article\\App\\Models\\Article',182,NULL,NULL),(830,4,'Modules\\Article\\App\\Models\\Article',183,NULL,NULL),(831,2,'Modules\\Article\\App\\Models\\Article',184,NULL,NULL),(832,8,'Modules\\Article\\App\\Models\\Article',184,NULL,NULL),(833,9,'Modules\\Article\\App\\Models\\Article',184,NULL,NULL),(834,2,'Modules\\Article\\App\\Models\\Article',185,NULL,NULL),(835,3,'Modules\\Article\\App\\Models\\Article',185,NULL,NULL),(836,5,'Modules\\Article\\App\\Models\\Article',185,NULL,NULL),(837,7,'Modules\\Article\\App\\Models\\Article',185,NULL,NULL),(838,8,'Modules\\Article\\App\\Models\\Article',185,NULL,NULL),(839,6,'Modules\\Article\\App\\Models\\Article',186,NULL,NULL),(840,9,'Modules\\Article\\App\\Models\\Article',186,NULL,NULL),(841,1,'Modules\\Article\\App\\Models\\Article',187,NULL,NULL),(842,2,'Modules\\Article\\App\\Models\\Article',187,NULL,NULL),(843,4,'Modules\\Article\\App\\Models\\Article',187,NULL,NULL),(844,6,'Modules\\Article\\App\\Models\\Article',187,NULL,NULL),(845,7,'Modules\\Article\\App\\Models\\Article',187,NULL,NULL),(846,8,'Modules\\Article\\App\\Models\\Article',187,NULL,NULL),(847,9,'Modules\\Article\\App\\Models\\Article',187,NULL,NULL),(848,10,'Modules\\Article\\App\\Models\\Article',187,NULL,NULL),(849,7,'Modules\\Article\\App\\Models\\Article',188,NULL,NULL),(850,2,'Modules\\Article\\App\\Models\\Article',189,NULL,NULL),(851,3,'Modules\\Article\\App\\Models\\Article',189,NULL,NULL),(852,4,'Modules\\Article\\App\\Models\\Article',189,NULL,NULL),(853,6,'Modules\\Article\\App\\Models\\Article',189,NULL,NULL),(854,7,'Modules\\Article\\App\\Models\\Article',189,NULL,NULL),(855,8,'Modules\\Article\\App\\Models\\Article',189,NULL,NULL),(856,9,'Modules\\Article\\App\\Models\\Article',189,NULL,NULL),(857,10,'Modules\\Article\\App\\Models\\Article',189,NULL,NULL),(858,2,'Modules\\Article\\App\\Models\\Article',190,NULL,NULL),(859,8,'Modules\\Article\\App\\Models\\Article',190,NULL,NULL),(860,2,'Modules\\Article\\App\\Models\\Article',191,NULL,NULL),(861,4,'Modules\\Article\\App\\Models\\Article',191,NULL,NULL),(862,9,'Modules\\Article\\App\\Models\\Article',191,NULL,NULL),(863,6,'Modules\\Article\\App\\Models\\Article',192,NULL,NULL),(864,10,'Modules\\Article\\App\\Models\\Article',192,NULL,NULL),(865,4,'Modules\\Article\\App\\Models\\Article',193,NULL,NULL),(866,9,'Modules\\Article\\App\\Models\\Article',193,NULL,NULL),(867,3,'Modules\\Article\\App\\Models\\Article',194,NULL,NULL),(868,4,'Modules\\Article\\App\\Models\\Article',194,NULL,NULL),(869,5,'Modules\\Article\\App\\Models\\Article',194,NULL,NULL),(870,7,'Modules\\Article\\App\\Models\\Article',194,NULL,NULL),(871,10,'Modules\\Article\\App\\Models\\Article',194,NULL,NULL),(872,1,'Modules\\Article\\App\\Models\\Article',195,NULL,NULL),(873,4,'Modules\\Article\\App\\Models\\Article',195,NULL,NULL),(874,5,'Modules\\Article\\App\\Models\\Article',195,NULL,NULL),(875,6,'Modules\\Article\\App\\Models\\Article',195,NULL,NULL),(876,7,'Modules\\Article\\App\\Models\\Article',195,NULL,NULL),(877,8,'Modules\\Article\\App\\Models\\Article',195,NULL,NULL),(878,9,'Modules\\Article\\App\\Models\\Article',195,NULL,NULL),(879,10,'Modules\\Article\\App\\Models\\Article',195,NULL,NULL),(880,1,'Modules\\Article\\App\\Models\\Article',196,NULL,NULL),(881,2,'Modules\\Article\\App\\Models\\Article',196,NULL,NULL),(882,3,'Modules\\Article\\App\\Models\\Article',196,NULL,NULL),(883,4,'Modules\\Article\\App\\Models\\Article',196,NULL,NULL),(884,6,'Modules\\Article\\App\\Models\\Article',196,NULL,NULL),(885,7,'Modules\\Article\\App\\Models\\Article',196,NULL,NULL),(886,8,'Modules\\Article\\App\\Models\\Article',196,NULL,NULL),(887,7,'Modules\\Article\\App\\Models\\Article',197,NULL,NULL),(888,9,'Modules\\Article\\App\\Models\\Article',197,NULL,NULL),(889,10,'Modules\\Article\\App\\Models\\Article',197,NULL,NULL),(890,3,'Modules\\Article\\App\\Models\\Article',198,NULL,NULL),(891,9,'Modules\\Article\\App\\Models\\Article',198,NULL,NULL),(892,10,'Modules\\Article\\App\\Models\\Article',198,NULL,NULL),(893,4,'Modules\\Article\\App\\Models\\Article',199,NULL,NULL),(894,6,'Modules\\Article\\App\\Models\\Article',199,NULL,NULL),(895,8,'Modules\\Article\\App\\Models\\Article',200,NULL,NULL),(896,1,'Modules\\Article\\App\\Models\\Article',201,NULL,NULL),(897,2,'Modules\\Article\\App\\Models\\Article',201,NULL,NULL),(898,3,'Modules\\Article\\App\\Models\\Article',201,NULL,NULL),(899,4,'Modules\\Article\\App\\Models\\Article',201,NULL,NULL),(900,7,'Modules\\Article\\App\\Models\\Article',201,NULL,NULL),(901,8,'Modules\\Article\\App\\Models\\Article',201,NULL,NULL),(902,9,'Modules\\Article\\App\\Models\\Article',201,NULL,NULL),(903,10,'Modules\\Article\\App\\Models\\Article',201,NULL,NULL),(904,7,'Modules\\Article\\App\\Models\\Article',202,NULL,NULL),(905,8,'Modules\\Article\\App\\Models\\Article',202,NULL,NULL),(906,9,'Modules\\Article\\App\\Models\\Article',202,NULL,NULL),(907,1,'Modules\\Article\\App\\Models\\Article',203,NULL,NULL),(908,3,'Modules\\Article\\App\\Models\\Article',203,NULL,NULL),(909,5,'Modules\\Article\\App\\Models\\Article',203,NULL,NULL),(910,6,'Modules\\Article\\App\\Models\\Article',203,NULL,NULL),(911,8,'Modules\\Article\\App\\Models\\Article',203,NULL,NULL),(912,2,'Modules\\Article\\App\\Models\\Article',204,NULL,NULL),(913,3,'Modules\\Article\\App\\Models\\Article',204,NULL,NULL),(914,6,'Modules\\Article\\App\\Models\\Article',204,NULL,NULL),(915,1,'Modules\\Article\\App\\Models\\Article',205,NULL,NULL),(916,2,'Modules\\Article\\App\\Models\\Article',205,NULL,NULL),(917,3,'Modules\\Article\\App\\Models\\Article',205,NULL,NULL),(918,4,'Modules\\Article\\App\\Models\\Article',205,NULL,NULL),(919,7,'Modules\\Article\\App\\Models\\Article',205,NULL,NULL),(920,8,'Modules\\Article\\App\\Models\\Article',205,NULL,NULL),(921,1,'Modules\\Article\\App\\Models\\Article',206,NULL,NULL),(922,9,'Modules\\Article\\App\\Models\\Article',206,NULL,NULL),(923,2,'Modules\\Article\\App\\Models\\Article',207,NULL,NULL),(924,7,'Modules\\Article\\App\\Models\\Article',207,NULL,NULL),(925,9,'Modules\\Article\\App\\Models\\Article',207,NULL,NULL),(926,5,'Modules\\Article\\App\\Models\\Article',208,NULL,NULL),(927,6,'Modules\\Article\\App\\Models\\Article',208,NULL,NULL),(928,7,'Modules\\Article\\App\\Models\\Article',208,NULL,NULL),(929,10,'Modules\\Article\\App\\Models\\Article',208,NULL,NULL),(930,1,'Modules\\Article\\App\\Models\\Article',209,NULL,NULL),(931,2,'Modules\\Article\\App\\Models\\Article',209,NULL,NULL),(932,3,'Modules\\Article\\App\\Models\\Article',209,NULL,NULL),(933,4,'Modules\\Article\\App\\Models\\Article',209,NULL,NULL),(934,6,'Modules\\Article\\App\\Models\\Article',209,NULL,NULL),(935,7,'Modules\\Article\\App\\Models\\Article',209,NULL,NULL),(936,9,'Modules\\Article\\App\\Models\\Article',209,NULL,NULL),(937,10,'Modules\\Article\\App\\Models\\Article',209,NULL,NULL),(938,1,'Modules\\Article\\App\\Models\\Article',210,NULL,NULL),(939,2,'Modules\\Article\\App\\Models\\Article',210,NULL,NULL),(940,4,'Modules\\Article\\App\\Models\\Article',210,NULL,NULL),(941,6,'Modules\\Article\\App\\Models\\Article',210,NULL,NULL),(942,7,'Modules\\Article\\App\\Models\\Article',210,NULL,NULL),(943,8,'Modules\\Article\\App\\Models\\Article',210,NULL,NULL),(944,9,'Modules\\Article\\App\\Models\\Article',210,NULL,NULL),(945,10,'Modules\\Article\\App\\Models\\Article',210,NULL,NULL),(946,3,'Modules\\Article\\App\\Models\\Article',211,NULL,NULL),(947,4,'Modules\\Article\\App\\Models\\Article',211,NULL,NULL),(948,5,'Modules\\Article\\App\\Models\\Article',211,NULL,NULL),(949,7,'Modules\\Article\\App\\Models\\Article',211,NULL,NULL),(950,8,'Modules\\Article\\App\\Models\\Article',211,NULL,NULL),(951,9,'Modules\\Article\\App\\Models\\Article',211,NULL,NULL),(952,10,'Modules\\Article\\App\\Models\\Article',211,NULL,NULL),(953,3,'Modules\\Article\\App\\Models\\Article',212,NULL,NULL),(954,4,'Modules\\Article\\App\\Models\\Article',212,NULL,NULL),(955,7,'Modules\\Article\\App\\Models\\Article',212,NULL,NULL),(956,10,'Modules\\Article\\App\\Models\\Article',212,NULL,NULL),(957,2,'Modules\\Article\\App\\Models\\Article',213,NULL,NULL),(958,3,'Modules\\Article\\App\\Models\\Article',213,NULL,NULL),(959,6,'Modules\\Article\\App\\Models\\Article',213,NULL,NULL),(960,7,'Modules\\Article\\App\\Models\\Article',213,NULL,NULL),(961,8,'Modules\\Article\\App\\Models\\Article',213,NULL,NULL),(962,9,'Modules\\Article\\App\\Models\\Article',213,NULL,NULL),(963,10,'Modules\\Article\\App\\Models\\Article',213,NULL,NULL),(964,1,'Modules\\Article\\App\\Models\\Article',214,NULL,NULL),(965,3,'Modules\\Article\\App\\Models\\Article',214,NULL,NULL),(966,6,'Modules\\Article\\App\\Models\\Article',214,NULL,NULL),(967,7,'Modules\\Article\\App\\Models\\Article',214,NULL,NULL),(968,8,'Modules\\Article\\App\\Models\\Article',214,NULL,NULL),(969,9,'Modules\\Article\\App\\Models\\Article',214,NULL,NULL),(970,5,'Modules\\Article\\App\\Models\\Article',215,NULL,NULL),(971,6,'Modules\\Article\\App\\Models\\Article',215,NULL,NULL),(972,8,'Modules\\Article\\App\\Models\\Article',215,NULL,NULL),(973,9,'Modules\\Article\\App\\Models\\Article',215,NULL,NULL),(974,10,'Modules\\Article\\App\\Models\\Article',215,NULL,NULL),(975,2,'Modules\\Article\\App\\Models\\Article',216,NULL,NULL),(976,3,'Modules\\Article\\App\\Models\\Article',216,NULL,NULL),(977,4,'Modules\\Article\\App\\Models\\Article',216,NULL,NULL),(978,5,'Modules\\Article\\App\\Models\\Article',216,NULL,NULL),(979,7,'Modules\\Article\\App\\Models\\Article',216,NULL,NULL),(980,9,'Modules\\Article\\App\\Models\\Article',216,NULL,NULL),(981,10,'Modules\\Article\\App\\Models\\Article',216,NULL,NULL),(982,9,'Modules\\Article\\App\\Models\\Article',217,NULL,NULL),(983,1,'Modules\\Article\\App\\Models\\Article',218,NULL,NULL),(984,2,'Modules\\Article\\App\\Models\\Article',218,NULL,NULL),(985,4,'Modules\\Article\\App\\Models\\Article',218,NULL,NULL),(986,5,'Modules\\Article\\App\\Models\\Article',218,NULL,NULL),(987,6,'Modules\\Article\\App\\Models\\Article',218,NULL,NULL),(988,7,'Modules\\Article\\App\\Models\\Article',218,NULL,NULL),(989,10,'Modules\\Article\\App\\Models\\Article',218,NULL,NULL),(990,1,'Modules\\Article\\App\\Models\\Article',219,NULL,NULL),(991,1,'Modules\\Article\\App\\Models\\Article',220,NULL,NULL),(992,3,'Modules\\Article\\App\\Models\\Article',220,NULL,NULL),(993,6,'Modules\\Article\\App\\Models\\Article',220,NULL,NULL),(994,7,'Modules\\Article\\App\\Models\\Article',220,NULL,NULL),(995,8,'Modules\\Article\\App\\Models\\Article',220,NULL,NULL),(996,2,'Modules\\Article\\App\\Models\\Article',221,NULL,NULL),(997,3,'Modules\\Article\\App\\Models\\Article',221,NULL,NULL),(998,4,'Modules\\Article\\App\\Models\\Article',221,NULL,NULL),(999,6,'Modules\\Article\\App\\Models\\Article',221,NULL,NULL),(1000,7,'Modules\\Article\\App\\Models\\Article',221,NULL,NULL),(1001,9,'Modules\\Article\\App\\Models\\Article',221,NULL,NULL),(1002,10,'Modules\\Article\\App\\Models\\Article',221,NULL,NULL),(1003,1,'Modules\\Article\\App\\Models\\Article',222,NULL,NULL),(1004,3,'Modules\\Article\\App\\Models\\Article',222,NULL,NULL),(1005,9,'Modules\\Article\\App\\Models\\Article',222,NULL,NULL),(1006,2,'Modules\\Article\\App\\Models\\Article',223,NULL,NULL),(1007,3,'Modules\\Article\\App\\Models\\Article',223,NULL,NULL),(1008,5,'Modules\\Article\\App\\Models\\Article',223,NULL,NULL),(1009,6,'Modules\\Article\\App\\Models\\Article',223,NULL,NULL),(1010,8,'Modules\\Article\\App\\Models\\Article',223,NULL,NULL),(1011,9,'Modules\\Article\\App\\Models\\Article',223,NULL,NULL),(1012,1,'Modules\\Article\\App\\Models\\Article',224,NULL,NULL),(1013,6,'Modules\\Article\\App\\Models\\Article',224,NULL,NULL),(1014,8,'Modules\\Article\\App\\Models\\Article',224,NULL,NULL),(1015,9,'Modules\\Article\\App\\Models\\Article',224,NULL,NULL),(1016,1,'Modules\\Article\\App\\Models\\Article',225,NULL,NULL),(1017,6,'Modules\\Article\\App\\Models\\Article',225,NULL,NULL),(1018,1,'Modules\\Article\\App\\Models\\Article',226,NULL,NULL),(1019,2,'Modules\\Article\\App\\Models\\Article',226,NULL,NULL),(1020,6,'Modules\\Article\\App\\Models\\Article',226,NULL,NULL),(1021,10,'Modules\\Article\\App\\Models\\Article',226,NULL,NULL),(1022,1,'Modules\\Article\\App\\Models\\Article',227,NULL,NULL),(1023,3,'Modules\\Article\\App\\Models\\Article',227,NULL,NULL),(1024,4,'Modules\\Article\\App\\Models\\Article',227,NULL,NULL),(1025,6,'Modules\\Article\\App\\Models\\Article',227,NULL,NULL),(1026,7,'Modules\\Article\\App\\Models\\Article',227,NULL,NULL),(1027,9,'Modules\\Article\\App\\Models\\Article',227,NULL,NULL),(1028,3,'Modules\\Article\\App\\Models\\Article',228,NULL,NULL),(1029,7,'Modules\\Article\\App\\Models\\Article',228,NULL,NULL),(1030,8,'Modules\\Article\\App\\Models\\Article',228,NULL,NULL),(1031,9,'Modules\\Article\\App\\Models\\Article',228,NULL,NULL),(1032,10,'Modules\\Article\\App\\Models\\Article',228,NULL,NULL),(1033,1,'Modules\\Article\\App\\Models\\Article',229,NULL,NULL),(1034,3,'Modules\\Article\\App\\Models\\Article',229,NULL,NULL),(1035,4,'Modules\\Article\\App\\Models\\Article',229,NULL,NULL),(1036,6,'Modules\\Article\\App\\Models\\Article',229,NULL,NULL),(1037,7,'Modules\\Article\\App\\Models\\Article',229,NULL,NULL),(1038,8,'Modules\\Article\\App\\Models\\Article',229,NULL,NULL),(1039,9,'Modules\\Article\\App\\Models\\Article',229,NULL,NULL),(1040,10,'Modules\\Article\\App\\Models\\Article',229,NULL,NULL),(1041,1,'Modules\\Article\\App\\Models\\Article',230,NULL,NULL),(1042,3,'Modules\\Article\\App\\Models\\Article',230,NULL,NULL),(1043,4,'Modules\\Article\\App\\Models\\Article',230,NULL,NULL),(1044,7,'Modules\\Article\\App\\Models\\Article',230,NULL,NULL),(1045,10,'Modules\\Article\\App\\Models\\Article',230,NULL,NULL),(1046,1,'Modules\\Article\\App\\Models\\Article',231,NULL,NULL),(1047,2,'Modules\\Article\\App\\Models\\Article',231,NULL,NULL),(1048,3,'Modules\\Article\\App\\Models\\Article',231,NULL,NULL),(1049,5,'Modules\\Article\\App\\Models\\Article',231,NULL,NULL),(1050,6,'Modules\\Article\\App\\Models\\Article',231,NULL,NULL),(1051,8,'Modules\\Article\\App\\Models\\Article',231,NULL,NULL),(1052,9,'Modules\\Article\\App\\Models\\Article',231,NULL,NULL),(1053,3,'Modules\\Article\\App\\Models\\Article',232,NULL,NULL),(1054,8,'Modules\\Article\\App\\Models\\Article',233,NULL,NULL),(1055,10,'Modules\\Article\\App\\Models\\Article',233,NULL,NULL),(1056,6,'Modules\\Article\\App\\Models\\Article',234,NULL,NULL),(1057,7,'Modules\\Article\\App\\Models\\Article',234,NULL,NULL),(1058,8,'Modules\\Article\\App\\Models\\Article',234,NULL,NULL),(1059,6,'Modules\\Article\\App\\Models\\Article',235,NULL,NULL),(1060,8,'Modules\\Article\\App\\Models\\Article',235,NULL,NULL),(1061,9,'Modules\\Article\\App\\Models\\Article',235,NULL,NULL),(1062,9,'Modules\\Article\\App\\Models\\Article',236,NULL,NULL),(1063,1,'Modules\\Article\\App\\Models\\Article',237,NULL,NULL),(1064,4,'Modules\\Article\\App\\Models\\Article',237,NULL,NULL),(1065,5,'Modules\\Article\\App\\Models\\Article',237,NULL,NULL),(1066,6,'Modules\\Article\\App\\Models\\Article',237,NULL,NULL),(1067,7,'Modules\\Article\\App\\Models\\Article',237,NULL,NULL),(1068,8,'Modules\\Article\\App\\Models\\Article',237,NULL,NULL),(1069,9,'Modules\\Article\\App\\Models\\Article',237,NULL,NULL),(1070,10,'Modules\\Article\\App\\Models\\Article',237,NULL,NULL),(1071,9,'Modules\\Article\\App\\Models\\Article',238,NULL,NULL),(1072,2,'Modules\\Article\\App\\Models\\Article',239,NULL,NULL),(1073,3,'Modules\\Article\\App\\Models\\Article',239,NULL,NULL),(1074,6,'Modules\\Article\\App\\Models\\Article',239,NULL,NULL),(1075,7,'Modules\\Article\\App\\Models\\Article',239,NULL,NULL),(1076,8,'Modules\\Article\\App\\Models\\Article',239,NULL,NULL),(1077,9,'Modules\\Article\\App\\Models\\Article',239,NULL,NULL),(1078,10,'Modules\\Article\\App\\Models\\Article',239,NULL,NULL),(1079,1,'Modules\\Article\\App\\Models\\Article',240,NULL,NULL),(1080,2,'Modules\\Article\\App\\Models\\Article',240,NULL,NULL),(1081,5,'Modules\\Article\\App\\Models\\Article',241,NULL,NULL),(1082,7,'Modules\\Article\\App\\Models\\Article',241,NULL,NULL),(1083,8,'Modules\\Article\\App\\Models\\Article',241,NULL,NULL),(1084,9,'Modules\\Article\\App\\Models\\Article',241,NULL,NULL),(1085,2,'Modules\\Article\\App\\Models\\Article',242,NULL,NULL),(1086,3,'Modules\\Article\\App\\Models\\Article',242,NULL,NULL),(1087,5,'Modules\\Article\\App\\Models\\Article',242,NULL,NULL),(1088,8,'Modules\\Article\\App\\Models\\Article',242,NULL,NULL),(1089,10,'Modules\\Article\\App\\Models\\Article',242,NULL,NULL),(1090,2,'Modules\\Article\\App\\Models\\Article',243,NULL,NULL),(1091,4,'Modules\\Article\\App\\Models\\Article',243,NULL,NULL),(1092,5,'Modules\\Article\\App\\Models\\Article',243,NULL,NULL),(1093,6,'Modules\\Article\\App\\Models\\Article',243,NULL,NULL),(1094,7,'Modules\\Article\\App\\Models\\Article',243,NULL,NULL),(1095,8,'Modules\\Article\\App\\Models\\Article',243,NULL,NULL),(1096,9,'Modules\\Article\\App\\Models\\Article',243,NULL,NULL),(1097,10,'Modules\\Article\\App\\Models\\Article',243,NULL,NULL),(1098,8,'Modules\\Article\\App\\Models\\Article',244,NULL,NULL),(1099,9,'Modules\\Article\\App\\Models\\Article',244,NULL,NULL),(1100,10,'Modules\\Article\\App\\Models\\Article',245,NULL,NULL),(1101,6,'Modules\\Article\\App\\Models\\Article',246,NULL,NULL),(1102,9,'Modules\\Article\\App\\Models\\Article',246,NULL,NULL),(1103,1,'Modules\\Article\\App\\Models\\Article',247,NULL,NULL),(1104,3,'Modules\\Article\\App\\Models\\Article',247,NULL,NULL),(1105,4,'Modules\\Article\\App\\Models\\Article',247,NULL,NULL),(1106,5,'Modules\\Article\\App\\Models\\Article',247,NULL,NULL),(1107,6,'Modules\\Article\\App\\Models\\Article',247,NULL,NULL),(1108,7,'Modules\\Article\\App\\Models\\Article',247,NULL,NULL),(1109,9,'Modules\\Article\\App\\Models\\Article',247,NULL,NULL),(1110,10,'Modules\\Article\\App\\Models\\Article',247,NULL,NULL),(1111,2,'Modules\\Article\\App\\Models\\Article',248,NULL,NULL),(1112,6,'Modules\\Article\\App\\Models\\Article',248,NULL,NULL),(1113,9,'Modules\\Article\\App\\Models\\Article',248,NULL,NULL),(1114,9,'Modules\\Article\\App\\Models\\Article',249,NULL,NULL),(1115,2,'Modules\\Article\\App\\Models\\Article',250,NULL,NULL),(1116,4,'Modules\\Article\\App\\Models\\Article',250,NULL,NULL),(1117,5,'Modules\\Article\\App\\Models\\Article',250,NULL,NULL),(1118,6,'Modules\\Article\\App\\Models\\Article',250,NULL,NULL),(1119,8,'Modules\\Article\\App\\Models\\Article',250,NULL,NULL),(1120,2,'Modules\\Article\\App\\Models\\Article',251,NULL,NULL),(1121,3,'Modules\\Article\\App\\Models\\Article',251,NULL,NULL),(1122,5,'Modules\\Article\\App\\Models\\Article',251,NULL,NULL),(1123,6,'Modules\\Article\\App\\Models\\Article',251,NULL,NULL),(1124,7,'Modules\\Article\\App\\Models\\Article',251,NULL,NULL),(1125,8,'Modules\\Article\\App\\Models\\Article',251,NULL,NULL),(1126,9,'Modules\\Article\\App\\Models\\Article',251,NULL,NULL),(1127,10,'Modules\\Article\\App\\Models\\Article',251,NULL,NULL),(1128,1,'Modules\\Article\\App\\Models\\Article',252,NULL,NULL),(1129,2,'Modules\\Article\\App\\Models\\Article',252,NULL,NULL),(1130,1,'Modules\\Article\\App\\Models\\Article',253,NULL,NULL),(1131,2,'Modules\\Article\\App\\Models\\Article',253,NULL,NULL),(1132,4,'Modules\\Article\\App\\Models\\Article',253,NULL,NULL),(1133,6,'Modules\\Article\\App\\Models\\Article',253,NULL,NULL),(1134,8,'Modules\\Article\\App\\Models\\Article',253,NULL,NULL),(1135,9,'Modules\\Article\\App\\Models\\Article',253,NULL,NULL),(1136,2,'Modules\\Article\\App\\Models\\Article',254,NULL,NULL),(1137,3,'Modules\\Article\\App\\Models\\Article',254,NULL,NULL),(1138,5,'Modules\\Article\\App\\Models\\Article',254,NULL,NULL),(1139,6,'Modules\\Article\\App\\Models\\Article',254,NULL,NULL),(1140,8,'Modules\\Article\\App\\Models\\Article',254,NULL,NULL),(1141,9,'Modules\\Article\\App\\Models\\Article',254,NULL,NULL),(1142,10,'Modules\\Article\\App\\Models\\Article',254,NULL,NULL),(1143,1,'Modules\\Article\\App\\Models\\Article',255,NULL,NULL),(1144,2,'Modules\\Article\\App\\Models\\Article',255,NULL,NULL),(1145,4,'Modules\\Article\\App\\Models\\Article',255,NULL,NULL),(1146,8,'Modules\\Article\\App\\Models\\Article',255,NULL,NULL),(1147,3,'Modules\\Article\\App\\Models\\Article',256,NULL,NULL),(1148,6,'Modules\\Article\\App\\Models\\Article',256,NULL,NULL),(1149,7,'Modules\\Article\\App\\Models\\Article',256,NULL,NULL),(1150,10,'Modules\\Article\\App\\Models\\Article',256,NULL,NULL),(1151,1,'Modules\\Article\\App\\Models\\Article',257,NULL,NULL),(1152,2,'Modules\\Article\\App\\Models\\Article',257,NULL,NULL),(1153,4,'Modules\\Article\\App\\Models\\Article',257,NULL,NULL),(1154,5,'Modules\\Article\\App\\Models\\Article',257,NULL,NULL),(1155,6,'Modules\\Article\\App\\Models\\Article',257,NULL,NULL),(1156,10,'Modules\\Article\\App\\Models\\Article',257,NULL,NULL),(1157,1,'Modules\\Article\\App\\Models\\Article',258,NULL,NULL),(1158,3,'Modules\\Article\\App\\Models\\Article',258,NULL,NULL),(1159,5,'Modules\\Article\\App\\Models\\Article',258,NULL,NULL),(1160,6,'Modules\\Article\\App\\Models\\Article',258,NULL,NULL),(1161,8,'Modules\\Article\\App\\Models\\Article',258,NULL,NULL),(1162,9,'Modules\\Article\\App\\Models\\Article',258,NULL,NULL),(1163,10,'Modules\\Article\\App\\Models\\Article',258,NULL,NULL),(1164,10,'Modules\\Article\\App\\Models\\Article',259,NULL,NULL),(1165,9,'Modules\\Article\\App\\Models\\Article',260,NULL,NULL),(1166,10,'Modules\\Article\\App\\Models\\Article',260,NULL,NULL),(1167,1,'Modules\\Article\\App\\Models\\Article',261,NULL,NULL),(1168,6,'Modules\\Article\\App\\Models\\Article',261,NULL,NULL),(1169,8,'Modules\\Article\\App\\Models\\Article',261,NULL,NULL),(1170,1,'Modules\\Article\\App\\Models\\Article',262,NULL,NULL),(1171,4,'Modules\\Article\\App\\Models\\Article',262,NULL,NULL),(1172,8,'Modules\\Article\\App\\Models\\Article',262,NULL,NULL),(1173,9,'Modules\\Article\\App\\Models\\Article',262,NULL,NULL),(1174,8,'Modules\\Article\\App\\Models\\Article',263,NULL,NULL),(1175,10,'Modules\\Article\\App\\Models\\Article',263,NULL,NULL),(1176,3,'Modules\\Article\\App\\Models\\Article',264,NULL,NULL),(1177,4,'Modules\\Article\\App\\Models\\Article',264,NULL,NULL),(1178,1,'Modules\\Article\\App\\Models\\Article',265,NULL,NULL),(1179,2,'Modules\\Article\\App\\Models\\Article',265,NULL,NULL),(1180,3,'Modules\\Article\\App\\Models\\Article',265,NULL,NULL),(1181,4,'Modules\\Article\\App\\Models\\Article',265,NULL,NULL),(1182,7,'Modules\\Article\\App\\Models\\Article',265,NULL,NULL),(1183,8,'Modules\\Article\\App\\Models\\Article',265,NULL,NULL),(1184,9,'Modules\\Article\\App\\Models\\Article',265,NULL,NULL),(1185,10,'Modules\\Article\\App\\Models\\Article',265,NULL,NULL),(1186,1,'Modules\\Article\\App\\Models\\Article',266,NULL,NULL),(1187,2,'Modules\\Article\\App\\Models\\Article',266,NULL,NULL),(1188,3,'Modules\\Article\\App\\Models\\Article',266,NULL,NULL),(1189,4,'Modules\\Article\\App\\Models\\Article',266,NULL,NULL),(1190,5,'Modules\\Article\\App\\Models\\Article',266,NULL,NULL),(1191,7,'Modules\\Article\\App\\Models\\Article',266,NULL,NULL),(1192,8,'Modules\\Article\\App\\Models\\Article',266,NULL,NULL),(1193,10,'Modules\\Article\\App\\Models\\Article',266,NULL,NULL),(1194,1,'Modules\\Article\\App\\Models\\Article',267,NULL,NULL),(1195,3,'Modules\\Article\\App\\Models\\Article',267,NULL,NULL),(1196,4,'Modules\\Article\\App\\Models\\Article',267,NULL,NULL),(1197,6,'Modules\\Article\\App\\Models\\Article',267,NULL,NULL),(1198,8,'Modules\\Article\\App\\Models\\Article',267,NULL,NULL),(1199,1,'Modules\\Article\\App\\Models\\Article',268,NULL,NULL),(1200,3,'Modules\\Article\\App\\Models\\Article',268,NULL,NULL),(1201,4,'Modules\\Article\\App\\Models\\Article',268,NULL,NULL),(1202,6,'Modules\\Article\\App\\Models\\Article',268,NULL,NULL),(1203,7,'Modules\\Article\\App\\Models\\Article',268,NULL,NULL),(1204,9,'Modules\\Article\\App\\Models\\Article',268,NULL,NULL),(1205,6,'Modules\\Article\\App\\Models\\Article',269,NULL,NULL),(1206,7,'Modules\\Article\\App\\Models\\Article',269,NULL,NULL),(1207,8,'Modules\\Article\\App\\Models\\Article',269,NULL,NULL),(1208,10,'Modules\\Article\\App\\Models\\Article',269,NULL,NULL),(1209,2,'Modules\\Article\\App\\Models\\Article',270,NULL,NULL),(1210,5,'Modules\\Article\\App\\Models\\Article',270,NULL,NULL),(1211,6,'Modules\\Article\\App\\Models\\Article',270,NULL,NULL),(1212,8,'Modules\\Article\\App\\Models\\Article',270,NULL,NULL),(1213,10,'Modules\\Article\\App\\Models\\Article',270,NULL,NULL),(1214,4,'Modules\\Article\\App\\Models\\Article',271,NULL,NULL),(1215,7,'Modules\\Article\\App\\Models\\Article',271,NULL,NULL),(1216,9,'Modules\\Article\\App\\Models\\Article',271,NULL,NULL),(1217,10,'Modules\\Article\\App\\Models\\Article',271,NULL,NULL),(1218,2,'Modules\\Article\\App\\Models\\Article',272,NULL,NULL),(1219,4,'Modules\\Article\\App\\Models\\Article',272,NULL,NULL),(1220,5,'Modules\\Article\\App\\Models\\Article',272,NULL,NULL),(1221,6,'Modules\\Article\\App\\Models\\Article',272,NULL,NULL),(1222,7,'Modules\\Article\\App\\Models\\Article',272,NULL,NULL),(1223,9,'Modules\\Article\\App\\Models\\Article',272,NULL,NULL),(1224,10,'Modules\\Article\\App\\Models\\Article',273,NULL,NULL),(1225,3,'Modules\\Article\\App\\Models\\Article',274,NULL,NULL),(1226,5,'Modules\\Article\\App\\Models\\Article',274,NULL,NULL),(1227,6,'Modules\\Article\\App\\Models\\Article',274,NULL,NULL),(1228,8,'Modules\\Article\\App\\Models\\Article',274,NULL,NULL),(1229,9,'Modules\\Article\\App\\Models\\Article',274,NULL,NULL),(1230,10,'Modules\\Article\\App\\Models\\Article',274,NULL,NULL),(1231,4,'Modules\\Article\\App\\Models\\Article',275,NULL,NULL),(1232,6,'Modules\\Article\\App\\Models\\Article',275,NULL,NULL),(1233,2,'Modules\\Article\\App\\Models\\Article',276,NULL,NULL),(1234,3,'Modules\\Article\\App\\Models\\Article',276,NULL,NULL),(1235,5,'Modules\\Article\\App\\Models\\Article',276,NULL,NULL),(1236,9,'Modules\\Article\\App\\Models\\Article',276,NULL,NULL),(1237,3,'Modules\\Article\\App\\Models\\Article',277,NULL,NULL),(1238,4,'Modules\\Article\\App\\Models\\Article',277,NULL,NULL),(1239,6,'Modules\\Article\\App\\Models\\Article',277,NULL,NULL),(1240,7,'Modules\\Article\\App\\Models\\Article',277,NULL,NULL),(1241,8,'Modules\\Article\\App\\Models\\Article',277,NULL,NULL),(1242,1,'Modules\\Article\\App\\Models\\Article',278,NULL,NULL),(1243,3,'Modules\\Article\\App\\Models\\Article',278,NULL,NULL),(1244,4,'Modules\\Article\\App\\Models\\Article',278,NULL,NULL),(1245,6,'Modules\\Article\\App\\Models\\Article',278,NULL,NULL),(1246,8,'Modules\\Article\\App\\Models\\Article',278,NULL,NULL),(1247,3,'Modules\\Article\\App\\Models\\Article',279,NULL,NULL),(1248,7,'Modules\\Article\\App\\Models\\Article',279,NULL,NULL),(1249,9,'Modules\\Article\\App\\Models\\Article',279,NULL,NULL),(1250,2,'Modules\\Article\\App\\Models\\Article',280,NULL,NULL),(1251,3,'Modules\\Article\\App\\Models\\Article',280,NULL,NULL),(1252,9,'Modules\\Article\\App\\Models\\Article',280,NULL,NULL),(1253,10,'Modules\\Article\\App\\Models\\Article',280,NULL,NULL),(1254,3,'Modules\\Article\\App\\Models\\Article',281,NULL,NULL),(1255,5,'Modules\\Article\\App\\Models\\Article',281,NULL,NULL),(1256,6,'Modules\\Article\\App\\Models\\Article',281,NULL,NULL),(1257,7,'Modules\\Article\\App\\Models\\Article',281,NULL,NULL),(1258,8,'Modules\\Article\\App\\Models\\Article',281,NULL,NULL),(1259,10,'Modules\\Article\\App\\Models\\Article',281,NULL,NULL),(1260,1,'Modules\\Article\\App\\Models\\Article',282,NULL,NULL),(1261,6,'Modules\\Article\\App\\Models\\Article',282,NULL,NULL),(1262,9,'Modules\\Article\\App\\Models\\Article',282,NULL,NULL),(1263,10,'Modules\\Article\\App\\Models\\Article',282,NULL,NULL),(1264,7,'Modules\\Article\\App\\Models\\Article',283,NULL,NULL),(1265,1,'Modules\\Article\\App\\Models\\Article',284,NULL,NULL),(1266,2,'Modules\\Article\\App\\Models\\Article',284,NULL,NULL),(1267,3,'Modules\\Article\\App\\Models\\Article',284,NULL,NULL),(1268,4,'Modules\\Article\\App\\Models\\Article',284,NULL,NULL),(1269,8,'Modules\\Article\\App\\Models\\Article',284,NULL,NULL),(1270,4,'Modules\\Article\\App\\Models\\Article',285,NULL,NULL),(1271,8,'Modules\\Article\\App\\Models\\Article',285,NULL,NULL),(1272,9,'Modules\\Article\\App\\Models\\Article',285,NULL,NULL),(1273,1,'Modules\\Article\\App\\Models\\Article',286,NULL,NULL),(1274,3,'Modules\\Article\\App\\Models\\Article',286,NULL,NULL),(1275,6,'Modules\\Article\\App\\Models\\Article',286,NULL,NULL),(1276,3,'Modules\\Article\\App\\Models\\Article',287,NULL,NULL),(1277,2,'Modules\\Article\\App\\Models\\Article',288,NULL,NULL),(1278,3,'Modules\\Article\\App\\Models\\Article',288,NULL,NULL),(1279,4,'Modules\\Article\\App\\Models\\Article',288,NULL,NULL),(1280,6,'Modules\\Article\\App\\Models\\Article',288,NULL,NULL),(1281,9,'Modules\\Article\\App\\Models\\Article',288,NULL,NULL),(1282,5,'Modules\\Article\\App\\Models\\Article',289,NULL,NULL),(1283,8,'Modules\\Article\\App\\Models\\Article',289,NULL,NULL),(1284,3,'Modules\\Article\\App\\Models\\Article',290,NULL,NULL),(1285,4,'Modules\\Article\\App\\Models\\Article',290,NULL,NULL),(1286,10,'Modules\\Article\\App\\Models\\Article',290,NULL,NULL),(1287,1,'Modules\\Article\\App\\Models\\Article',291,NULL,NULL),(1288,5,'Modules\\Article\\App\\Models\\Article',291,NULL,NULL),(1289,6,'Modules\\Article\\App\\Models\\Article',291,NULL,NULL),(1290,7,'Modules\\Article\\App\\Models\\Article',291,NULL,NULL),(1291,8,'Modules\\Article\\App\\Models\\Article',291,NULL,NULL),(1292,10,'Modules\\Article\\App\\Models\\Article',291,NULL,NULL),(1293,3,'Modules\\Article\\App\\Models\\Article',292,NULL,NULL),(1294,6,'Modules\\Article\\App\\Models\\Article',292,NULL,NULL),(1295,8,'Modules\\Article\\App\\Models\\Article',293,NULL,NULL),(1296,10,'Modules\\Article\\App\\Models\\Article',293,NULL,NULL),(1297,3,'Modules\\Article\\App\\Models\\Article',294,NULL,NULL),(1298,4,'Modules\\Article\\App\\Models\\Article',294,NULL,NULL),(1299,1,'Modules\\Article\\App\\Models\\Article',295,NULL,NULL),(1300,3,'Modules\\Article\\App\\Models\\Article',295,NULL,NULL),(1301,4,'Modules\\Article\\App\\Models\\Article',295,NULL,NULL),(1302,7,'Modules\\Article\\App\\Models\\Article',295,NULL,NULL),(1303,8,'Modules\\Article\\App\\Models\\Article',295,NULL,NULL),(1304,9,'Modules\\Article\\App\\Models\\Article',295,NULL,NULL),(1305,1,'Modules\\Article\\App\\Models\\Article',296,NULL,NULL),(1306,2,'Modules\\Article\\App\\Models\\Article',296,NULL,NULL),(1307,5,'Modules\\Article\\App\\Models\\Article',296,NULL,NULL),(1308,7,'Modules\\Article\\App\\Models\\Article',296,NULL,NULL),(1309,8,'Modules\\Article\\App\\Models\\Article',296,NULL,NULL),(1310,9,'Modules\\Article\\App\\Models\\Article',296,NULL,NULL),(1311,10,'Modules\\Article\\App\\Models\\Article',296,NULL,NULL),(1312,3,'Modules\\Article\\App\\Models\\Article',297,NULL,NULL),(1313,4,'Modules\\Article\\App\\Models\\Article',297,NULL,NULL),(1314,5,'Modules\\Article\\App\\Models\\Article',297,NULL,NULL),(1315,7,'Modules\\Article\\App\\Models\\Article',297,NULL,NULL),(1316,8,'Modules\\Article\\App\\Models\\Article',297,NULL,NULL),(1317,1,'Modules\\Article\\App\\Models\\Article',298,NULL,NULL),(1318,2,'Modules\\Article\\App\\Models\\Article',298,NULL,NULL),(1319,5,'Modules\\Article\\App\\Models\\Article',298,NULL,NULL),(1320,6,'Modules\\Article\\App\\Models\\Article',298,NULL,NULL),(1321,1,'Modules\\Article\\App\\Models\\Article',299,NULL,NULL),(1322,2,'Modules\\Article\\App\\Models\\Article',299,NULL,NULL),(1323,3,'Modules\\Article\\App\\Models\\Article',299,NULL,NULL),(1324,5,'Modules\\Article\\App\\Models\\Article',299,NULL,NULL),(1325,7,'Modules\\Article\\App\\Models\\Article',299,NULL,NULL),(1326,9,'Modules\\Article\\App\\Models\\Article',299,NULL,NULL),(1327,4,'Modules\\Article\\App\\Models\\Article',300,NULL,NULL),(1328,5,'Modules\\Article\\App\\Models\\Article',300,NULL,NULL),(1329,6,'Modules\\Article\\App\\Models\\Article',300,NULL,NULL),(1330,8,'Modules\\Article\\App\\Models\\Article',300,NULL,NULL),(1331,9,'Modules\\Article\\App\\Models\\Article',300,NULL,NULL),(1332,10,'Modules\\Article\\App\\Models\\Article',300,NULL,NULL),(1333,1,'Modules\\Article\\App\\Models\\Article',301,NULL,NULL),(1334,3,'Modules\\Article\\App\\Models\\Article',301,NULL,NULL),(1335,6,'Modules\\Article\\App\\Models\\Article',301,NULL,NULL),(1336,8,'Modules\\Article\\App\\Models\\Article',301,NULL,NULL),(1337,5,'Modules\\Article\\App\\Models\\Article',302,NULL,NULL),(1338,8,'Modules\\Article\\App\\Models\\Article',302,NULL,NULL),(1339,10,'Modules\\Article\\App\\Models\\Article',302,NULL,NULL),(1340,8,'Modules\\Article\\App\\Models\\Article',303,NULL,NULL),(1341,3,'Modules\\Article\\App\\Models\\Article',304,NULL,NULL),(1342,6,'Modules\\Article\\App\\Models\\Article',304,NULL,NULL),(1343,5,'Modules\\Article\\App\\Models\\Article',305,NULL,NULL),(1344,6,'Modules\\Article\\App\\Models\\Article',305,NULL,NULL),(1345,10,'Modules\\Article\\App\\Models\\Article',305,NULL,NULL),(1346,5,'Modules\\Article\\App\\Models\\Article',306,NULL,NULL),(1347,2,'Modules\\Article\\App\\Models\\Article',307,NULL,NULL),(1348,3,'Modules\\Article\\App\\Models\\Article',307,NULL,NULL),(1349,6,'Modules\\Article\\App\\Models\\Article',307,NULL,NULL),(1350,7,'Modules\\Article\\App\\Models\\Article',307,NULL,NULL),(1351,9,'Modules\\Article\\App\\Models\\Article',307,NULL,NULL),(1352,1,'Modules\\Article\\App\\Models\\Article',308,NULL,NULL),(1353,2,'Modules\\Article\\App\\Models\\Article',308,NULL,NULL),(1354,3,'Modules\\Article\\App\\Models\\Article',308,NULL,NULL),(1355,7,'Modules\\Article\\App\\Models\\Article',308,NULL,NULL),(1356,8,'Modules\\Article\\App\\Models\\Article',308,NULL,NULL),(1357,9,'Modules\\Article\\App\\Models\\Article',308,NULL,NULL),(1358,10,'Modules\\Article\\App\\Models\\Article',308,NULL,NULL),(1359,1,'Modules\\Article\\App\\Models\\Article',309,NULL,NULL),(1360,2,'Modules\\Article\\App\\Models\\Article',309,NULL,NULL),(1361,3,'Modules\\Article\\App\\Models\\Article',309,NULL,NULL),(1362,4,'Modules\\Article\\App\\Models\\Article',309,NULL,NULL),(1363,5,'Modules\\Article\\App\\Models\\Article',309,NULL,NULL),(1364,7,'Modules\\Article\\App\\Models\\Article',309,NULL,NULL),(1365,9,'Modules\\Article\\App\\Models\\Article',309,NULL,NULL),(1366,10,'Modules\\Article\\App\\Models\\Article',309,NULL,NULL),(1367,1,'Modules\\Article\\App\\Models\\Article',310,NULL,NULL),(1368,2,'Modules\\Article\\App\\Models\\Article',310,NULL,NULL),(1369,5,'Modules\\Article\\App\\Models\\Article',310,NULL,NULL),(1370,6,'Modules\\Article\\App\\Models\\Article',310,NULL,NULL),(1371,7,'Modules\\Article\\App\\Models\\Article',310,NULL,NULL),(1372,8,'Modules\\Article\\App\\Models\\Article',310,NULL,NULL),(1373,9,'Modules\\Article\\App\\Models\\Article',310,NULL,NULL),(1374,10,'Modules\\Article\\App\\Models\\Article',310,NULL,NULL),(1375,1,'Modules\\Article\\App\\Models\\Article',311,NULL,NULL),(1376,2,'Modules\\Article\\App\\Models\\Article',311,NULL,NULL),(1377,3,'Modules\\Article\\App\\Models\\Article',311,NULL,NULL),(1378,4,'Modules\\Article\\App\\Models\\Article',311,NULL,NULL),(1379,5,'Modules\\Article\\App\\Models\\Article',311,NULL,NULL),(1380,6,'Modules\\Article\\App\\Models\\Article',311,NULL,NULL),(1381,7,'Modules\\Article\\App\\Models\\Article',311,NULL,NULL),(1382,8,'Modules\\Article\\App\\Models\\Article',311,NULL,NULL),(1383,1,'Modules\\Article\\App\\Models\\Article',312,NULL,NULL),(1384,2,'Modules\\Article\\App\\Models\\Article',312,NULL,NULL),(1385,4,'Modules\\Article\\App\\Models\\Article',312,NULL,NULL),(1386,6,'Modules\\Article\\App\\Models\\Article',312,NULL,NULL),(1387,7,'Modules\\Article\\App\\Models\\Article',312,NULL,NULL),(1388,9,'Modules\\Article\\App\\Models\\Article',312,NULL,NULL),(1389,10,'Modules\\Article\\App\\Models\\Article',312,NULL,NULL),(1390,1,'Modules\\Article\\App\\Models\\Article',313,NULL,NULL),(1391,2,'Modules\\Article\\App\\Models\\Article',313,NULL,NULL),(1392,3,'Modules\\Article\\App\\Models\\Article',313,NULL,NULL),(1393,4,'Modules\\Article\\App\\Models\\Article',313,NULL,NULL),(1394,6,'Modules\\Article\\App\\Models\\Article',313,NULL,NULL),(1395,8,'Modules\\Article\\App\\Models\\Article',313,NULL,NULL),(1396,9,'Modules\\Article\\App\\Models\\Article',313,NULL,NULL),(1397,10,'Modules\\Article\\App\\Models\\Article',313,NULL,NULL),(1398,2,'Modules\\Article\\App\\Models\\Article',314,NULL,NULL),(1399,4,'Modules\\Article\\App\\Models\\Article',314,NULL,NULL),(1400,10,'Modules\\Article\\App\\Models\\Article',314,NULL,NULL),(1401,2,'Modules\\Article\\App\\Models\\Article',315,NULL,NULL),(1402,3,'Modules\\Article\\App\\Models\\Article',315,NULL,NULL),(1403,8,'Modules\\Article\\App\\Models\\Article',315,NULL,NULL),(1404,5,'Modules\\Article\\App\\Models\\Article',316,NULL,NULL),(1405,6,'Modules\\Article\\App\\Models\\Article',316,NULL,NULL),(1406,2,'Modules\\Article\\App\\Models\\Article',317,NULL,NULL),(1407,5,'Modules\\Article\\App\\Models\\Article',317,NULL,NULL),(1408,6,'Modules\\Article\\App\\Models\\Article',318,NULL,NULL),(1409,1,'Modules\\Article\\App\\Models\\Article',319,NULL,NULL),(1410,3,'Modules\\Article\\App\\Models\\Article',319,NULL,NULL),(1411,4,'Modules\\Article\\App\\Models\\Article',319,NULL,NULL),(1412,5,'Modules\\Article\\App\\Models\\Article',319,NULL,NULL),(1413,6,'Modules\\Article\\App\\Models\\Article',319,NULL,NULL),(1414,8,'Modules\\Article\\App\\Models\\Article',319,NULL,NULL),(1415,9,'Modules\\Article\\App\\Models\\Article',319,NULL,NULL),(1416,10,'Modules\\Article\\App\\Models\\Article',319,NULL,NULL),(1417,1,'Modules\\Article\\App\\Models\\Article',320,NULL,NULL),(1418,2,'Modules\\Article\\App\\Models\\Article',320,NULL,NULL),(1419,3,'Modules\\Article\\App\\Models\\Article',320,NULL,NULL),(1420,4,'Modules\\Article\\App\\Models\\Article',320,NULL,NULL),(1421,6,'Modules\\Article\\App\\Models\\Article',320,NULL,NULL),(1422,8,'Modules\\Article\\App\\Models\\Article',320,NULL,NULL);
/*!40000 ALTER TABLE `taggables` ENABLE KEYS */;
UNLOCK TABLES;

--
-- Table structure for table `tags`
--

DROP TABLE IF EXISTS `tags`;
/*!40101 SET @saved_cs_client     = @@character_set_client */;
/*!50503 SET character_set_client = utf8mb4 */;
CREATE TABLE `tags` (
  `id` bigint unsigned NOT NULL AUTO_INCREMENT,
  `name` varchar(255) CHARACTER SET utf8mb4 COLLATE utf8mb4_unicode_ci NOT NULL,
  `slug` varchar(255) CHARACTER SET utf8mb4 COLLATE utf8mb4_unicode_ci NOT NULL,
  `status` tinyint(1) NOT NULL DEFAULT '1',
  `deleted_at` timestamp NULL DEFAULT NULL,
  `created_at` timestamp NULL DEFAULT NULL,
  `updated_at` timestamp NULL DEFAULT NULL,
  PRIMARY KEY (`id`),
  UNIQUE KEY `tags_slug_unique` (`slug`)
) ENGINE=InnoDB AUTO_INCREMENT=11 DEFAULT CHARSET=utf8mb4 COLLATE=utf8mb4_unicode_ci;
/*!40101 SET character_set_client = @saved_cs_client */;

--
-- Dumping data for table `tags`
--

LOCK TABLES `tags` WRITE;
/*!40000 ALTER TABLE `tags` DISABLE KEYS */;
INSERT INTO `tags` VALUES (1,'agezweho','agezweho',1,NULL,'2024-11-20 14:04:05','2024-11-30 09:09:38'),(2,'amakuru','amakuru',0,NULL,'2024-11-20 14:04:05','2024-11-30 09:09:38'),(3,'rwanda','rwanda',0,NULL,'2024-11-20 14:04:05','2024-11-30 09:09:38'),(4,'burundi','burundi',0,NULL,'2024-11-20 14:04:05','2024-11-30 09:09:38'),(5,'sports','sports',0,NULL,'2024-11-20 14:04:05','2024-11-30 09:09:38'),(6,'politics','politics',0,NULL,'2024-11-20 14:04:05','2024-11-30 09:09:38'),(7,'fashion','fashion',1,NULL,'2024-11-20 14:04:05','2024-11-30 09:09:38'),(8,'trends','trends',0,NULL,'2024-11-20 14:04:05','2024-11-30 09:09:38'),(9,'education','education',0,NULL,'2024-11-20 14:04:05','2024-11-30 09:09:38'),(10,'global','global',0,NULL,'2024-11-20 14:04:05','2024-11-30 09:09:38');
/*!40000 ALTER TABLE `tags` ENABLE KEYS */;
UNLOCK TABLES;

--
-- Table structure for table `user_messages`
--

DROP TABLE IF EXISTS `user_messages`;
/*!40101 SET @saved_cs_client     = @@character_set_client */;
/*!50503 SET character_set_client = utf8mb4 */;
CREATE TABLE `user_messages` (
  `id` bigint unsigned NOT NULL AUTO_INCREMENT,
  `name` varchar(255) CHARACTER SET utf8mb4 COLLATE utf8mb4_unicode_ci NOT NULL,
  `email` varchar(255) CHARACTER SET utf8mb4 COLLATE utf8mb4_unicode_ci NOT NULL,
  `phone` varchar(255) CHARACTER SET utf8mb4 COLLATE utf8mb4_unicode_ci DEFAULT NULL,
  `subject` varchar(255) CHARACTER SET utf8mb4 COLLATE utf8mb4_unicode_ci NOT NULL,
  `message` text CHARACTER SET utf8mb4 COLLATE utf8mb4_unicode_ci NOT NULL,
  `created_at` timestamp NULL DEFAULT NULL,
  `updated_at` timestamp NULL DEFAULT NULL,
  PRIMARY KEY (`id`)
) ENGINE=InnoDB DEFAULT CHARSET=utf8mb4 COLLATE=utf8mb4_unicode_ci;
/*!40101 SET character_set_client = @saved_cs_client */;

--
-- Dumping data for table `user_messages`
--

LOCK TABLES `user_messages` WRITE;
/*!40000 ALTER TABLE `user_messages` DISABLE KEYS */;
/*!40000 ALTER TABLE `user_messages` ENABLE KEYS */;
UNLOCK TABLES;

--
-- Table structure for table `user_tracks`
--

DROP TABLE IF EXISTS `user_tracks`;
/*!40101 SET @saved_cs_client     = @@character_set_client */;
/*!50503 SET character_set_client = utf8mb4 */;
CREATE TABLE `user_tracks` (
  `id` bigint unsigned NOT NULL AUTO_INCREMENT,
  `ip` varchar(255) CHARACTER SET utf8mb4 COLLATE utf8mb4_unicode_ci NOT NULL,
  `device` varchar(255) CHARACTER SET utf8mb4 COLLATE utf8mb4_unicode_ci DEFAULT NULL,
  `os` varchar(255) CHARACTER SET utf8mb4 COLLATE utf8mb4_unicode_ci DEFAULT NULL,
  `browser` varchar(255) CHARACTER SET utf8mb4 COLLATE utf8mb4_unicode_ci DEFAULT NULL,
  `user_agent` text CHARACTER SET utf8mb4 COLLATE utf8mb4_unicode_ci,
  `referer` varchar(255) CHARACTER SET utf8mb4 COLLATE utf8mb4_unicode_ci DEFAULT NULL,
  `user_id` bigint unsigned DEFAULT NULL,
  `created_at` timestamp NULL DEFAULT NULL,
  `updated_at` timestamp NULL DEFAULT NULL,
  PRIMARY KEY (`id`),
  KEY `user_tracks_user_id_foreign` (`user_id`),
  CONSTRAINT `user_tracks_user_id_foreign` FOREIGN KEY (`user_id`) REFERENCES `users` (`id`) ON DELETE CASCADE
) ENGINE=InnoDB AUTO_INCREMENT=2 DEFAULT CHARSET=utf8mb4 COLLATE=utf8mb4_unicode_ci;
/*!40101 SET character_set_client = @saved_cs_client */;

--
-- Dumping data for table `user_tracks`
--

LOCK TABLES `user_tracks` WRITE;
/*!40000 ALTER TABLE `user_tracks` DISABLE KEYS */;
INSERT INTO `user_tracks` VALUES (1,'127.0.0.1','desktop','Windows 10 - x64','Chrome 131.0.0.0','Mozilla/5.0 (Windows NT 10.0; Win64; x64) AppleWebKit/537.36 (KHTML, like Gecko) Chrome/131.0.0.0 Safari/537.36',NULL,NULL,'2024-11-20 14:17:07','2024-11-20 14:17:07');
/*!40000 ALTER TABLE `user_tracks` ENABLE KEYS */;
UNLOCK TABLES;

--
-- Table structure for table `users`
--

DROP TABLE IF EXISTS `users`;
/*!40101 SET @saved_cs_client     = @@character_set_client */;
/*!50503 SET character_set_client = utf8mb4 */;
CREATE TABLE `users` (
  `id` bigint unsigned NOT NULL AUTO_INCREMENT,
  `full_name` varchar(255) CHARACTER SET utf8mb4 COLLATE utf8mb4_unicode_ci NOT NULL,
  `username` varchar(255) CHARACTER SET utf8mb4 COLLATE utf8mb4_unicode_ci NOT NULL,
  `email` varchar(255) CHARACTER SET utf8mb4 COLLATE utf8mb4_unicode_ci NOT NULL,
  `bio` text CHARACTER SET utf8mb4 COLLATE utf8mb4_unicode_ci,
  `email_verified_at` timestamp NULL DEFAULT NULL,
  `password` varchar(255) CHARACTER SET utf8mb4 COLLATE utf8mb4_unicode_ci NOT NULL,
  `remember_token` varchar(100) CHARACTER SET utf8mb4 COLLATE utf8mb4_unicode_ci DEFAULT NULL,
  `status` tinyint(1) NOT NULL DEFAULT '1',
  `deleted_at` timestamp NULL DEFAULT NULL,
  `created_at` timestamp NULL DEFAULT NULL,
  `updated_at` timestamp NULL DEFAULT NULL,
  PRIMARY KEY (`id`),
  UNIQUE KEY `users_username_unique` (`username`),
  UNIQUE KEY `users_email_unique` (`email`)
) ENGINE=InnoDB AUTO_INCREMENT=22 DEFAULT CHARSET=utf8mb4 COLLATE=utf8mb4_unicode_ci;
/*!40101 SET character_set_client = @saved_cs_client */;

--
-- Dumping data for table `users`
--

LOCK TABLES `users` WRITE;
/*!40000 ALTER TABLE `users` DISABLE KEYS */;
INSERT INTO `users` VALUES (11,'Kayley Quigley','user_673dd7351cffd','predovic.esther@example.net','Rerum ratione itaque quidem magni cum ipsa doloribus.','2024-11-20 14:03:57','$2y$12$s20pjVW6Gl/2HwAbz5NiXuql//a7vPeQ2pI7.mAics4iC.GP3QeWu','HR9Gh1CxlI',1,NULL,'2024-11-20 14:04:01','2024-11-20 14:04:01'),(12,'Miss Ona Kub','user_673dd7357bcbd','seamus.jerde@example.com','Saepe labore facilis magnam recusandae ducimus dolore hic.','2024-11-20 14:03:57','$2y$12$sBTC1st9b0NQSLG9eWQOiOihgTgbVz7gU4/XRylIV8t3cLkestkpC','SbalSLEGQb',0,NULL,'2024-11-20 14:04:01','2024-11-20 14:04:01'),(13,'Dr. Roosevelt Brekke','user_673dd735e2f3f','waters.alford@example.net','Voluptates sint quidem dignissimos sunt odio.','2024-11-20 14:03:57','$2y$12$6WcczHv8AZKp2n3VoUK9c.is5.6ckXtSQcSk42bSi7UKNVjCo9YKW','lr2HjPLMX5',0,NULL,'2024-11-20 14:04:01','2024-11-20 14:04:01'),(14,'Dr. Erica Jacobi','user_673dd73656614','jmurazik@example.com','Praesentium molestiae reprehenderit accusamus natus occaecati vel et.','2024-11-20 14:03:58','$2y$12$VPrF8K1DGVAIvEnrTbRG0umGNVoZJEkBxm88ROSpWJvmMGx5VKz2G','hMouxTnIL2',0,NULL,'2024-11-20 14:04:01','2024-11-20 14:04:01'),(15,'Ms. Lonie Kreiger','user_673dd736b8a8a','vwolff@example.net','Ipsam porro libero similique non.','2024-11-20 14:03:58','$2y$12$DDoAiGxwoNtP.DBcB9KxM.9sVdBA1xsWkvwIMNHXTNS1NUXTSylES','b9hZvpcyuu',1,NULL,'2024-11-20 14:04:01','2024-11-20 14:04:01'),(16,'Kelvin Russel','user_673dd737260a6','monique95@example.net','Dolores vero in quod error ea at reprehenderit.','2024-11-20 14:03:59','$2y$12$nuaaf5agYlx3lBhcqkMr0OsEKyyUZbjowlpfU/aTDSIUavyEWCWLm','4iFedqgOAK',1,NULL,'2024-11-20 14:04:01','2024-11-20 14:04:01'),(17,'Ona Legros','user_673dd73786214','tia.bailey@example.net','Delectus nulla quis doloribus exercitationem.','2024-11-20 14:03:59','$2y$12$11OB6.VV.Vg3tK5la9aigOzAy5iZsyzt5/cthIa7SxSOR5wnApc7a','ImXYydmAey',1,NULL,'2024-11-20 14:04:01','2024-11-20 14:04:01'),(18,'Yazmin Turcotte','user_673dd737e3e70','twaelchi@example.net','Magni nihil rerum numquam sunt nisi earum et.','2024-11-20 14:03:59','$2y$12$Vw0EiJby/ja1Wrsmr9gEbegKwMzp0dZEiZFG59ziWcPwzdlb2Qnzu','6uhOeYd80t',1,NULL,'2024-11-20 14:04:01','2024-11-20 14:04:01'),(19,'Eloise Johnson DDS','user_673dd7384cebd','wkreiger@example.com','Deleniti quia labore recusandae vel.','2024-11-20 14:04:00','$2y$12$7SoSW8pHzbkGsndgegrexerwPkvPGDCci9ta8APv2zVriWmNVF9nS','xlZkENiG5x',0,NULL,'2024-11-20 14:04:01','2024-11-20 14:04:01'),(20,'Vickie Walsh','user_673dd738bccf8','renner.alex@example.com','Ea facere vero sed voluptas aut rerum totam.','2024-11-20 14:04:00','$2y$12$kI6RzgYD3TBelqdZKbzuwuchwm42g1M0Q0vVlDVSiOCucPm0/x5S2','oMqMAORxwo',0,NULL,'2024-11-20 14:04:01','2024-11-20 14:04:01'),(21,'Iradukunda Didier','nowdidier','nowdidier@gmail.com',NULL,'2024-11-20 14:04:03','$2y$12$xFe5.76yS9Y7eNa4qpkuf.vt0W/zAHnirJMCctAhdIJMgylBDy4ra',NULL,1,NULL,'2024-11-20 14:04:03','2024-11-20 14:04:03');
/*!40000 ALTER TABLE `users` ENABLE KEYS */;
UNLOCK TABLES;

--
-- Table structure for table `videos`
--

DROP TABLE IF EXISTS `videos`;
/*!40101 SET @saved_cs_client     = @@character_set_client */;
/*!50503 SET character_set_client = utf8mb4 */;
CREATE TABLE `videos` (
  `id` bigint unsigned NOT NULL AUTO_INCREMENT,
  `duration` int DEFAULT NULL COMMENT 'Duration in seconds',
  `videoable_type` varchar(255) CHARACTER SET utf8mb4 COLLATE utf8mb4_unicode_ci DEFAULT NULL,
  `videoable_id` bigint unsigned DEFAULT NULL,
  `user_id` bigint unsigned DEFAULT NULL,
  `created_at` timestamp NULL DEFAULT NULL,
  `updated_at` timestamp NULL DEFAULT NULL,
  PRIMARY KEY (`id`),
  KEY `videos_videoable_type_videoable_id_index` (`videoable_type`,`videoable_id`),
  KEY `videos_user_id_foreign` (`user_id`),
  CONSTRAINT `videos_user_id_foreign` FOREIGN KEY (`user_id`) REFERENCES `users` (`id`) ON DELETE CASCADE
) ENGINE=InnoDB DEFAULT CHARSET=utf8mb4 COLLATE=utf8mb4_unicode_ci;
/*!40101 SET character_set_client = @saved_cs_client */;

--
-- Dumping data for table `videos`
--

LOCK TABLES `videos` WRITE;
/*!40000 ALTER TABLE `videos` DISABLE KEYS */;
/*!40000 ALTER TABLE `videos` ENABLE KEYS */;
UNLOCK TABLES;

--
-- Table structure for table `visits`
--

DROP TABLE IF EXISTS `visits`;
/*!40101 SET @saved_cs_client     = @@character_set_client */;
/*!50503 SET character_set_client = utf8mb4 */;
CREATE TABLE `visits` (
  `id` bigint unsigned NOT NULL AUTO_INCREMENT,
  `primary_key` varchar(255) CHARACTER SET utf8mb4 COLLATE utf8mb4_unicode_ci NOT NULL,
  `secondary_key` varchar(255) CHARACTER SET utf8mb4 COLLATE utf8mb4_unicode_ci DEFAULT NULL,
  `score` bigint unsigned NOT NULL,
  `list` json DEFAULT NULL,
  `expired_at` timestamp NULL DEFAULT NULL,
  `created_at` timestamp NULL DEFAULT NULL,
  `updated_at` timestamp NULL DEFAULT NULL,
  PRIMARY KEY (`id`),
  UNIQUE KEY `visits_primary_key_secondary_key_unique` (`primary_key`,`secondary_key`)
) ENGINE=InnoDB DEFAULT CHARSET=utf8mb4 COLLATE=utf8mb4_unicode_ci;
/*!40101 SET character_set_client = @saved_cs_client */;

--
-- Dumping data for table `visits`
--

LOCK TABLES `visits` WRITE;
/*!40000 ALTER TABLE `visits` DISABLE KEYS */;
/*!40000 ALTER TABLE `visits` ENABLE KEYS */;
UNLOCK TABLES;
/*!40103 SET TIME_ZONE=@OLD_TIME_ZONE */;

/*!40101 SET SQL_MODE=@OLD_SQL_MODE */;
/*!40014 SET FOREIGN_KEY_CHECKS=@OLD_FOREIGN_KEY_CHECKS */;
/*!40014 SET UNIQUE_CHECKS=@OLD_UNIQUE_CHECKS */;
/*!40101 SET CHARACTER_SET_CLIENT=@OLD_CHARACTER_SET_CLIENT */;
/*!40101 SET CHARACTER_SET_RESULTS=@OLD_CHARACTER_SET_RESULTS */;
/*!40101 SET COLLATION_CONNECTION=@OLD_COLLATION_CONNECTION */;
/*!40111 SET SQL_NOTES=@OLD_SQL_NOTES */;

-- Dump completed on 2024-11-30 11:24:00
